JvmtiExport can_access_local_variables 0
JvmtiExport can_hotswap_or_post_breakpoint 0
JvmtiExport can_post_on_exceptions 0
# 348 ciObject found
ciInstanceKlass java/lang/Cloneable 1 0 7 100 1 100 1 1 1
instanceKlass com/zaxxer/hikari/pool/ProxyConnection
instanceKlass com/zaxxer/hikari/pool/ProxyFactory
instanceKlass com/zaxxer/hikari/pool/ProxyLeakTask
instanceKlass java/util/concurrent/atomic/AtomicReferenceFieldUpdater$AtomicReferenceFieldUpdaterImpl$1
instanceKlass java/util/concurrent/atomic/AtomicReferenceFieldUpdater
instanceKlass com/zaxxer/hikari/pool/HikariPool$HouseKeeper
instanceKlass com/zaxxer/hikari/pool/ProxyLeakTaskFactory
instanceKlass java/util/concurrent/ThreadPoolExecutor$CallerRunsPolicy
instanceKlass com/zaxxer/hikari/pool/HikariPool$CustomDiscardPolicy
instanceKlass java/util/concurrent/locks/AbstractQueuedSynchronizer$Node
instanceKlass com/zaxxer/hikari/pool/PoolBase$NopMetricsTrackerDelegate
instanceKlass java/util/concurrent/TimeUnit$1
instanceKlass java/util/concurrent/Executors$RunnableAdapter
instanceKlass com/zaxxer/hikari/pool/HikariPool$MaxLifetimeTask
instanceKlass com/mysql/cj/jdbc/ConnectionImpl$NetworkTimeoutSetter
instanceKlass com/mysql/cj/protocol/NetworkResources
instanceKlass java/sql/ResultSetMetaData
instanceKlass com/mysql/cj/LicenseConfiguration
instanceKlass com/mysql/cj/protocol/InternalDate
instanceKlass com/mysql/cj/result/StringValueFactory
instanceKlass com/mysql/cj/protocol/a/result/AbstractResultsetRows
instanceKlass com/mysql/cj/protocol/result/AbstractResultsetRow
instanceKlass com/mysql/cj/result/DefaultColumnDefinition$1
instanceKlass com/mysql/cj/protocol/a/MysqlTextValueDecoder
instanceKlass com/mysql/cj/protocol/ValueDecoder
instanceKlass com/mysql/cj/protocol/a/AbstractRowFactory
instanceKlass com/mysql/cj/result/DefaultColumnDefinition
instanceKlass com/mysql/cj/result/Field$1
instanceKlass com/mysql/cj/protocol/a/ColumnDefinitionReader$1
instanceKlass java/sql/SQLType
instanceKlass com/mysql/cj/util/LazyString
instanceKlass com/mysql/cj/result/Field
instanceKlass com/mysql/cj/protocol/a/ColumnDefinitionFactory
instanceKlass com/mysql/cj/protocol/a/ResultsetFactory
instanceKlass com/mysql/cj/protocol/a/NativeMessageBuilder
instanceKlass com/mysql/cj/protocol/a/MultiPacketReader
instanceKlass com/mysql/cj/protocol/a/TimeTrackingPacketReader
instanceKlass com/mysql/cj/protocol/a/TimeTrackingPacketSender
instanceKlass com/mysql/cj/protocol/a/NativeServerSessionStateController$NativeServerSessionStateChanges
instanceKlass com/mysql/cj/protocol/a/result/OkPacket
instanceKlass com/mysql/cj/protocol/a/NativeUtils
instanceKlass com/mysql/cj/protocol/a/PacketSplitter
instanceKlass com/mysql/cj/protocol/Security
instanceKlass com/mysql/cj/protocol/a/authentication/AuthenticationFidoClient
instanceKlass com/mysql/cj/protocol/a/authentication/AuthenticationOciClient
instanceKlass com/mysql/cj/protocol/a/authentication/AuthenticationKerberosClient
instanceKlass javax/security/auth/callback/Callback
instanceKlass javax/security/auth/login/Configuration
instanceKlass com/mysql/cj/protocol/a/authentication/AuthenticationLdapSaslClientPlugin
instanceKlass com/mysql/cj/protocol/a/authentication/MysqlOldPasswordPlugin
instanceKlass com/mysql/cj/protocol/a/authentication/Sha256PasswordPlugin
instanceKlass com/mysql/cj/protocol/a/authentication/MysqlClearPasswordPlugin
instanceKlass com/mysql/cj/protocol/a/authentication/MysqlNativePasswordPlugin
instanceKlass com/mysql/cj/protocol/AuthenticationPlugin
instanceKlass com/mysql/cj/protocol/a/NativePacketPayload$1
instanceKlass com/mysql/cj/protocol/a/NativeCapabilities
instanceKlass com/mysql/cj/protocol/a/NativePacketHeader
instanceKlass com/mysql/cj/Collation
instanceKlass sun/nio/cs/ArrayEncoder
instanceKlass sun/nio/cs/ArrayDecoder
instanceKlass sun/nio/cs/DelegatableDecoder
instanceKlass com/mysql/cj/ServerVersion
instanceKlass com/mysql/cj/MysqlCharset
instanceKlass com/mysql/cj/CharsetMapping
instanceKlass com/mysql/cj/protocol/a/NativeServerSessionStateController
instanceKlass com/mysql/cj/protocol/ServerSessionStateController
instanceKlass com/mysql/cj/protocol/a/NativeServerSession
instanceKlass com/mysql/cj/protocol/a/BinaryResultsetReader
instanceKlass com/mysql/cj/protocol/a/TextResultsetReader
instanceKlass com/mysql/cj/protocol/a/ResultsetRowReader
instanceKlass com/mysql/cj/protocol/ResultsetRow
instanceKlass com/mysql/cj/protocol/a/ColumnDefinitionReader
instanceKlass com/mysql/cj/protocol/ProtocolEntityReader
instanceKlass com/mysql/cj/callback/MysqlCallback
instanceKlass com/mysql/cj/callback/MysqlCallbackHandler
instanceKlass com/mysql/cj/protocol/a/NativeAuthenticationProvider
instanceKlass com/mysql/cj/protocol/a/SimplePacketReader
instanceKlass com/mysql/cj/protocol/a/SimplePacketSender
instanceKlass com/mysql/cj/protocol/a/NativePacketPayload
instanceKlass com/mysql/cj/log/BaseMetricsHolder
instanceKlass com/mysql/cj/protocol/AbstractProtocol$2
instanceKlass com/mysql/cj/protocol/AbstractProtocol$1
instanceKlass com/mysql/cj/protocol/a/AbstractValueEncoder
instanceKlass com/mysql/cj/protocol/ValueEncoder
instanceKlass com/mysql/cj/CharsetSettings
instanceKlass com/mysql/cj/protocol/MessageHeader
instanceKlass com/mysql/cj/protocol/ServerSessionStateController$ServerSessionStateChanges
instanceKlass com/mysql/cj/protocol/ServerCapabilities
instanceKlass com/mysql/cj/protocol/AuthenticationProvider
instanceKlass com/mysql/cj/protocol/MessageReader
instanceKlass com/mysql/cj/protocol/MessageSender
instanceKlass com/mysql/cj/MessageBuilder
instanceKlass com/mysql/cj/protocol/ServerSession
instanceKlass com/mysql/cj/protocol/PacketReceivedTimeHolder
instanceKlass com/mysql/cj/protocol/AbstractProtocol
instanceKlass com/mysql/cj/protocol/Protocol$ProtocolEventHandler
instanceKlass com/mysql/cj/conf/RuntimeProperty$RuntimePropertyListener
instanceKlass sun/net/NetHooks
instanceKlass sun/net/spi/DefaultProxySelector$3
instanceKlass sun/net/spi/DefaultProxySelector$NonProxyInfo
instanceKlass sun/net/spi/DefaultProxySelector$1
instanceKlass java/net/Proxy
instanceKlass java/net/ProxySelector
instanceKlass java/net/SocksSocketImpl$3
instanceKlass java/net/InetSocketAddress$InetSocketAddressHolder
instanceKlass sun/nio/ch/ExtendedSocketOption$1
instanceKlass sun/nio/ch/ExtendedSocketOption
instanceKlass sun/nio/ch/OptionKey
instanceKlass sun/nio/ch/SocketOptionRegistry$LazyInitialization
instanceKlass sun/nio/ch/SocketOptionRegistry$RegistryKey
instanceKlass sun/nio/ch/SocketOptionRegistry
instanceKlass java/net/StandardSocketOptions$StdSocketOption
instanceKlass java/net/StandardSocketOptions
instanceKlass jdk/net/ExtendedSocketOptions$PlatformSocketOptions$1
instanceKlass jdk/net/ExtendedSocketOptions$PlatformSocketOptions
instanceKlass jdk/net/ExtendedSocketOptions$ExtSocketOption
instanceKlass jdk/net/ExtendedSocketOptions
instanceKlass sun/net/ext/ExtendedSocketOptions
instanceKlass sun/nio/ch/Net$1
instanceKlass sun/nio/ch/Net
instanceKlass java/net/SocksConsts
instanceKlass sun/net/PlatformSocketImpl
instanceKlass sun/net/NetProperties$1
instanceKlass sun/net/NetProperties
instanceKlass java/net/SocketImpl
instanceKlass java/net/SocketOptions
instanceKlass java/net/InetAddress$CachedAddresses
instanceKlass sun/net/InetAddressCachePolicy$2
instanceKlass sun/net/InetAddressCachePolicy$1
instanceKlass sun/net/InetAddressCachePolicy
instanceKlass java/net/InetAddress$NameServiceAddresses
instanceKlass java/net/InetAddress$Addresses
instanceKlass java/util/concurrent/ConcurrentSkipListMap$Iter
instanceKlass com/mysql/cj/protocol/StandardSocketFactory
instanceKlass com/mysql/cj/protocol/PacketSentTimeHolder
instanceKlass com/mysql/cj/protocol/SocketFactory
instanceKlass com/mysql/cj/protocol/SocketMetadata
instanceKlass com/mysql/cj/protocol/AbstractSocketConnection
instanceKlass com/mysql/cj/NoSubInterceptorWrapper
instanceKlass java/util/LinkedList$LLSpliterator
instanceKlass com/mysql/cj/interceptors/QueryInterceptor
instanceKlass com/mysql/cj/result/Row
instanceKlass com/mysql/cj/jdbc/DatabaseMetaData$IteratorWithCleanup
instanceKlass com/mysql/cj/protocol/ResultsetRows
instanceKlass com/mysql/cj/result/RowList
instanceKlass com/mysql/cj/jdbc/DatabaseMetaData
instanceKlass com/mysql/cj/log/LogFactory
instanceKlass com/mysql/cj/log/NullLogger
instanceKlass com/mysql/cj/protocol/Protocol
instanceKlass com/mysql/cj/protocol/SocketConnection
instanceKlass com/mysql/cj/result/ValueFactory
instanceKlass com/mysql/cj/protocol/Message
instanceKlass com/mysql/cj/DataStoreMetadata
instanceKlass com/mysql/cj/CoreSession
instanceKlass com/mysql/cj/protocol/a/result/NativeResultset
instanceKlass com/mysql/cj/WarningListener
instanceKlass com/mysql/cj/jdbc/result/ResultSetInternalMethods
instanceKlass com/mysql/cj/protocol/Resultset
instanceKlass com/mysql/cj/protocol/ResultsetRowsOwner
instanceKlass java/sql/ResultSet
instanceKlass com/mysql/cj/jdbc/result/ResultSetFactory
instanceKlass com/mysql/cj/conf/AbstractRuntimeProperty
instanceKlass com/mysql/cj/PerConnectionLRUFactory
instanceKlass com/mysql/cj/util/PerVmServerConfigCacheFactory
instanceKlass com/mysql/cj/CacheAdapterFactory
instanceKlass com/mysql/cj/conf/AbstractPropertyDefinition
instanceKlass com/mysql/cj/conf/PropertyDefinitions
instanceKlass com/mysql/cj/conf/RuntimeProperty
instanceKlass com/mysql/cj/conf/PropertyDefinition
instanceKlass com/mysql/cj/conf/DefaultPropertySet
instanceKlass com/mysql/cj/log/StandardLogger
instanceKlass com/mysql/cj/log/Log
instanceKlass java/sql/SQLXML
instanceKlass java/sql/Savepoint
instanceKlass java/sql/CallableStatement
instanceKlass com/mysql/cj/jdbc/StatementImpl
instanceKlass com/mysql/cj/jdbc/JdbcPreparedStatement
instanceKlass com/mysql/cj/jdbc/JdbcStatement
instanceKlass com/mysql/cj/Query
instanceKlass com/mysql/cj/jdbc/result/CachedResultSetMetaData
instanceKlass com/mysql/cj/protocol/ColumnDefinition
instanceKlass com/mysql/cj/protocol/ProtocolEntity
instanceKlass java/sql/PreparedStatement
instanceKlass java/sql/DatabaseMetaData
instanceKlass java/sql/Statement
instanceKlass com/mysql/cj/jdbc/IterateBlock
instanceKlass com/mysql/cj/exceptions/ExceptionInterceptor
instanceKlass com/mysql/cj/protocol/ProtocolEntityFactory
instanceKlass com/mysql/cj/Session
instanceKlass com/mysql/cj/jdbc/ConnectionImpl
instanceKlass com/mysql/cj/Session$SessionEventListener
instanceKlass com/mysql/cj/jdbc/JdbcConnection
instanceKlass com/mysql/cj/TransactionEventHandler
instanceKlass com/mysql/cj/MysqlConnection
instanceKlass com/mysql/cj/jdbc/NonRegisteringDriver$1
instanceKlass java/util/Collections$UnmodifiableMap$UnmodifiableEntrySet$UnmodifiableEntrySetSpliterator
instanceKlass java/math/MathContext
instanceKlass jdk/internal/math/FDBigInteger
instanceKlass com/mysql/cj/Messages
instanceKlass com/mysql/cj/Constants
instanceKlass com/mysql/cj/util/Util
instanceKlass com/mysql/cj/conf/HostInfo
instanceKlass com/mysql/cj/conf/ConnectionUrlParser$Pair
instanceKlass com/mysql/cj/util/StringInspector
instanceKlass com/zaxxer/hikari/util/FastList
instanceKlass java/util/concurrent/atomic/AtomicIntegerFieldUpdater$AtomicIntegerFieldUpdaterImpl$1
instanceKlass java/util/concurrent/atomic/AtomicIntegerFieldUpdater
instanceKlass com/zaxxer/hikari/pool/PoolEntry
instanceKlass com/zaxxer/hikari/util/ClockSource$NanosecondClockSource
instanceKlass com/zaxxer/hikari/util/ClockSource$Factory
instanceKlass com/zaxxer/hikari/util/ClockSource
instanceKlass java/util/concurrent/ThreadPoolExecutor$DiscardPolicy
instanceKlass com/zaxxer/hikari/util/UtilityElf$DefaultThreadFactory
instanceKlass com/zaxxer/hikari/util/SuspendResumeLock
instanceKlass java/util/concurrent/SynchronousQueue$TransferQueue$QNode
instanceKlass com/zaxxer/hikari/util/ConcurrentBag
instanceKlass com/zaxxer/hikari/pool/HikariPool$PoolEntryCreator
instanceKlass com/zaxxer/hikari/pool/PoolBase$SynchronousExecutor
instanceKlass com/mysql/cj/util/StringUtils
instanceKlass com/mysql/cj/conf/ConnectionUrlParser
instanceKlass com/mysql/cj/conf/ConnectionUrl
instanceKlass com/mysql/cj/conf/DatabaseUrlContainer
instanceKlass java/sql/DriverManager$2
instanceKlass java/sql/DriverManager$1
instanceKlass com/zaxxer/hikari/util/DriverDataSource
instanceKlass com/zaxxer/hikari/SQLExceptionOverride
instanceKlass com/zaxxer/hikari/metrics/PoolStats
instanceKlass com/zaxxer/hikari/pool/PoolBase$IMetricsTrackerDelegate
instanceKlass com/zaxxer/hikari/util/ConcurrentBag$IConcurrentBagEntry
instanceKlass com/zaxxer/hikari/util/UtilityElf
instanceKlass org/hibernate/jdbc/AbstractReturningWork
instanceKlass org/hibernate/jdbc/ReturningWork
instanceKlass org/hibernate/resource/transaction/backend/jdbc/internal/JdbcIsolationDelegate
instanceKlass org/hibernate/resource/transaction/internal/SynchronizationRegistryStandardImpl
instanceKlass org/hibernate/resource/transaction/spi/SynchronizationRegistryImplementor
instanceKlass org/hibernate/resource/transaction/spi/IsolationDelegate
instanceKlass org/hibernate/resource/transaction/spi/TransactionCoordinator$TransactionDriver
instanceKlass org/hibernate/resource/transaction/spi/SynchronizationRegistry
instanceKlass org/hibernate/resource/transaction/backend/jdbc/internal/JdbcResourceLocalTransactionCoordinatorImpl
instanceKlass org/hibernate/resource/jdbc/internal/AbstractLogicalConnectionImplementor
instanceKlass org/hibernate/resource/jdbc/spi/PhysicalJdbcTransaction
instanceKlass org/hibernate/resource/jdbc/internal/ResourceRegistryStandardImpl
instanceKlass org/hibernate/engine/jdbc/spi/StatementPreparer
instanceKlass org/hibernate/resource/transaction/backend/jdbc/spi/JdbcResourceTransaction
instanceKlass org/hibernate/engine/jdbc/spi/MutationStatementPreparer
instanceKlass org/hibernate/engine/jdbc/spi/ResultSetReturn
instanceKlass org/hibernate/resource/jdbc/spi/LogicalConnectionImplementor
instanceKlass org/hibernate/resource/jdbc/LogicalConnection
instanceKlass org/hibernate/resource/jdbc/ResourceRegistry
instanceKlass org/hibernate/engine/jdbc/internal/JdbcCoordinatorImpl
instanceKlass org/hibernate/engine/jdbc/spi/JdbcCoordinator
instanceKlass org/hibernate/resource/transaction/backend/jdbc/spi/JdbcResourceTransactionAccess
instanceKlass org/hibernate/tool/schema/internal/exec/JdbcContext
instanceKlass org/hibernate/resource/transaction/spi/TransactionCoordinator
instanceKlass org/hibernate/resource/transaction/spi/DdlTransactionIsolator
instanceKlass org/hibernate/engine/jdbc/env/internal/JdbcEnvironmentInitiator$TemporaryJdbcSessionOwner
instanceKlass org/hibernate/resource/jdbc/spi/JdbcSessionContext
instanceKlass org/hibernate/sql/exec/spi/JdbcMutationExecutor
instanceKlass org/hibernate/sql/exec/spi/JdbcSelectExecutor
instanceKlass org/hibernate/engine/jdbc/internal/JdbcServicesImpl
instanceKlass org/hibernate/engine/jdbc/env/internal/JdbcEnvironmentInitiator$ConnectionProviderJdbcConnectionAccess
instanceKlass javax/naming/event/NamespaceChangeListener
instanceKlass javax/naming/event/NamingListener
instanceKlass org/hibernate/engine/jndi/internal/JndiServiceImpl
instanceKlass org/hibernate/engine/jdbc/dialect/internal/StandardDialectResolver
instanceKlass org/hibernate/engine/jdbc/dialect/internal/DialectResolverSet
instanceKlass org/hibernate/engine/jdbc/dialect/spi/DialectResolutionInfoSource
instanceKlass org/hibernate/engine/jdbc/dialect/internal/DialectFactoryImpl
instanceKlass org/hibernate/boot/model/relational/Database
instanceKlass org/hibernate/boot/model/TypeDefinitionRegistryStandardImpl
instanceKlass org/hibernate/internal/util/StringHelper$Renderer
instanceKlass org/hibernate/boot/model/convert/internal/AttributeConverterManager
instanceKlass org/hibernate/boot/query/NamedProcedureCallDefinition
instanceKlass org/hibernate/boot/query/NamedQueryDefinition
instanceKlass org/hibernate/mapping/Table
instanceKlass org/hibernate/boot/model/relational/ContributableDatabaseObject
instanceKlass org/hibernate/boot/model/relational/Exportable
instanceKlass org/hibernate/mapping/Contributable
instanceKlass org/hibernate/boot/model/naming/ImplicitForeignKeyNameSource
instanceKlass org/hibernate/boot/model/naming/ImplicitConstraintNameSource
instanceKlass org/hibernate/boot/model/naming/ImplicitNameSource
instanceKlass org/hibernate/boot/spi/SecondPass
instanceKlass org/hibernate/boot/spi/InFlightMetadataCollector$DelayedPropertyReferenceHandler
instanceKlass org/hibernate/boot/spi/InFlightMetadataCollector$EntityTableXref
instanceKlass org/hibernate/boot/model/convert/spi/ConverterAutoApplyHandler
instanceKlass org/hibernate/boot/model/TypeDefinitionRegistry
instanceKlass org/hibernate/boot/internal/InFlightMetadataCollectorImpl
instanceKlass org/hibernate/proxy/pojo/bytebuddy/ByteBuddyProxyHelper
instanceKlass org/hibernate/bytecode/internal/bytebuddy/ByteBuddyState$StandardClassRewriter
instanceKlass net/bytebuddy/matcher/LatentMatcher$Resolved
instanceKlass net/bytebuddy/dynamic/scaffold/InstrumentedType$WithFlexibleName
instanceKlass net/bytebuddy/dynamic/scaffold/InstrumentedType
instanceKlass net/bytebuddy/implementation/LoadedTypeInitializer
instanceKlass net/bytebuddy/dynamic/scaffold/TypeInitializer
instanceKlass net/bytebuddy/dynamic/scaffold/MethodGraph$Linked
instanceKlass net/bytebuddy/dynamic/scaffold/MethodGraph
instanceKlass net/bytebuddy/dynamic/scaffold/MethodGraph$Compiler$Default$Merger
instanceKlass net/bytebuddy/dynamic/scaffold/MethodGraph$Compiler$Default$Harmonizer
instanceKlass net/bytebuddy/dynamic/scaffold/MethodGraph$Compiler$AbstractBase
instanceKlass net/bytebuddy/dynamic/scaffold/MethodGraph$Compiler
instanceKlass net/bytebuddy/implementation/Implementation$Context$ExtractableView
instanceKlass net/bytebuddy/implementation/Implementation$Context
instanceKlass net/bytebuddy/implementation/MethodAccessorFactory
instanceKlass net/bytebuddy/implementation/attribute/AnnotationValueFilter
instanceKlass net/bytebuddy/utility/RandomString
instanceKlass net/bytebuddy/dynamic/scaffold/ClassWriterStrategy
instanceKlass net/bytebuddy/dynamic/VisibilityBridgeStrategy
instanceKlass net/bytebuddy/dynamic/scaffold/InstrumentedType$Factory
instanceKlass net/bytebuddy/implementation/attribute/AnnotationValueFilter$Factory
instanceKlass net/bytebuddy/implementation/auxiliary/AuxiliaryType$NamingStrategy$SuffixingRandom
instanceKlass net/bytebuddy/implementation/Implementation$Context$Factory
instanceKlass net/bytebuddy/implementation/auxiliary/AuxiliaryType$NamingStrategy
instanceKlass net/bytebuddy/NamingStrategy$AbstractBase
instanceKlass net/bytebuddy/matcher/LatentMatcher
instanceKlass net/bytebuddy/dynamic/scaffold/subclass/ConstructorStrategy
instanceKlass net/bytebuddy/ByteBuddy
instanceKlass net/bytebuddy/implementation/FieldAccessor$FieldLocation$Prepared
instanceKlass net/bytebuddy/implementation/FieldAccessor$FieldLocation$Relative
instanceKlass net/bytebuddy/utility/ConstantValue
instanceKlass net/bytebuddy/implementation/FieldAccessor$FieldNameExtractor$ForFixedValue
instanceKlass net/bytebuddy/implementation/FieldAccessor$OwnerTypeLocatable
instanceKlass net/bytebuddy/implementation/FieldAccessor$AssignerConfigurable
instanceKlass net/bytebuddy/implementation/FieldAccessor$PropertyConfigurable
instanceKlass net/bytebuddy/implementation/FieldAccessor$FieldLocation
instanceKlass net/bytebuddy/implementation/FieldAccessor$FieldNameExtractor
instanceKlass net/bytebuddy/implementation/FieldAccessor
instanceKlass org/hibernate/bytecode/internal/bytebuddy/ByteBuddyState$ProxyDefinitionHelpers$2
instanceKlass net/bytebuddy/implementation/bytecode/assign/primitive/PrimitiveTypeAwareAssigner
instanceKlass net/bytebuddy/implementation/bytecode/assign/primitive/VoidAwareAssigner
instanceKlass net/bytebuddy/implementation/bytecode/assign/Assigner
instanceKlass net/bytebuddy/implementation/bind/MethodDelegationBinder$MethodBinding
instanceKlass net/bytebuddy/implementation/bind/annotation/TargetMethodAnnotationDrivenBinder$Record
instanceKlass net/bytebuddy/implementation/bind/annotation/TargetMethodAnnotationDrivenBinder$DelegationProcessor$Handler$Bound
instanceKlass net/bytebuddy/implementation/bind/annotation/RuntimeType$Verifier
instanceKlass net/bytebuddy/description/method/ParameterDescription$ForLoadedParameter$Parameter
instanceKlass net/bytebuddy/description/method/ParameterDescription$InDefinedShape
instanceKlass net/bytebuddy/description/method/ParameterDescription
instanceKlass net/bytebuddy/description/NamedElement$WithOptionalName
instanceKlass net/bytebuddy/description/method/ParameterList$ForLoadedExecutable$Executable
instanceKlass net/bytebuddy/description/method/ParameterList
instanceKlass net/bytebuddy/description/type/TypeDescription$Generic$Visitor$ForRawType
instanceKlass net/bytebuddy/utility/dispatcher/JavaDispatcher$Dispatcher$ForInstanceCheck
instanceKlass net/bytebuddy/description/type/TypeDefinition$Sort$AnnotatedType
instanceKlass net/bytebuddy/description/type/TypeDescription$Generic$AnnotationReader
instanceKlass net/bytebuddy/description/annotation/AnnotationValue
instanceKlass net/bytebuddy/description/enumeration/EnumerationDescription
instanceKlass net/bytebuddy/description/annotation/AnnotationDescription$AbstractBase
instanceKlass net/bytebuddy/description/annotation/AnnotationDescription$Loadable
instanceKlass net/bytebuddy/implementation/bind/annotation/IgnoreForBinding
instanceKlass net/bytebuddy/implementation/bind/annotation/RuntimeType
instanceKlass net/bytebuddy/description/annotation/AnnotationDescription
instanceKlass net/bytebuddy/implementation/bind/annotation/IgnoreForBinding$Verifier
instanceKlass net/bytebuddy/implementation/MethodDelegation$ImplementationDelegate$Compiled
instanceKlass net/bytebuddy/implementation/MethodDelegation$ImplementationDelegate$ForStaticMethod
instanceKlass net/bytebuddy/implementation/bind/annotation/Empty
instanceKlass net/bytebuddy/implementation/bind/annotation/StubValue
instanceKlass net/bytebuddy/implementation/bind/annotation/TargetMethodAnnotationDrivenBinder$DelegationProcessor$Handler$Unbound
instanceKlass net/bytebuddy/implementation/bind/annotation/TargetMethodAnnotationDrivenBinder$DelegationProcessor$Handler
instanceKlass net/bytebuddy/implementation/bind/annotation/TargetMethodAnnotationDrivenBinder$DelegationProcessor
instanceKlass net/bytebuddy/implementation/bind/annotation/TargetMethodAnnotationDrivenBinder
instanceKlass net/bytebuddy/implementation/bind/MethodDelegationBinder
instanceKlass org/hibernate/proxy/ProxyConfiguration$Interceptor
instanceKlass net/bytebuddy/implementation/bind/annotation/FieldSetterHandle
instanceKlass net/bytebuddy/implementation/bind/annotation/FieldGetterHandle
instanceKlass net/bytebuddy/implementation/bind/annotation/FieldValue
instanceKlass net/bytebuddy/dynamic/scaffold/FieldLocator$AbstractBase
instanceKlass net/bytebuddy/dynamic/scaffold/FieldLocator
instanceKlass net/bytebuddy/implementation/bind/annotation/TargetMethodAnnotationDrivenBinder$ParameterBinder$ForFieldBinding
instanceKlass net/bytebuddy/implementation/bind/annotation/DefaultMethodHandle
instanceKlass net/bytebuddy/implementation/bind/annotation/DefaultMethodHandle$Binder$MethodLocator$ForExplicitType
instanceKlass net/bytebuddy/implementation/bind/annotation/DefaultMethodHandle$Binder$MethodLocator
instanceKlass net/bytebuddy/implementation/bind/annotation/DefaultMethod
instanceKlass net/bytebuddy/implementation/bind/annotation/DefaultMethod$Binder$MethodLocator$ForExplicitType
instanceKlass net/bytebuddy/implementation/bind/annotation/DefaultMethod$Binder$MethodLocator
instanceKlass net/bytebuddy/implementation/bind/annotation/SuperMethodHandle
instanceKlass net/bytebuddy/implementation/bind/annotation/SuperMethod
instanceKlass net/bytebuddy/implementation/bind/annotation/DefaultCallHandle
instanceKlass net/bytebuddy/implementation/bind/annotation/DefaultCallHandle$Binder$DefaultMethodLocator$Explicit
instanceKlass net/bytebuddy/implementation/bind/annotation/DefaultCallHandle$Binder$DefaultMethodLocator
instanceKlass net/bytebuddy/implementation/bind/annotation/DefaultCall
instanceKlass net/bytebuddy/implementation/bind/annotation/DefaultCall$Binder$DefaultMethodLocator$Explicit
instanceKlass net/bytebuddy/implementation/bind/annotation/DefaultCall$Binder$DefaultMethodLocator
instanceKlass net/bytebuddy/implementation/bind/annotation/SuperCallHandle
instanceKlass net/bytebuddy/implementation/bind/annotation/SuperCall
instanceKlass net/bytebuddy/implementation/bytecode/StackManipulation$AbstractBase
instanceKlass net/bytebuddy/implementation/bind/annotation/Default
instanceKlass net/bytebuddy/implementation/bind/annotation/Super
instanceKlass net/bytebuddy/implementation/bind/annotation/This
instanceKlass net/bytebuddy/implementation/bytecode/StackManipulation$Compound
instanceKlass net/bytebuddy/implementation/bind/annotation/Origin
instanceKlass net/bytebuddy/implementation/bind/MethodDelegationBinder$ParameterBinding$Anonymous
instanceKlass net/bytebuddy/implementation/bind/annotation/AllArguments
instanceKlass net/bytebuddy/implementation/bind/annotation/Argument
instanceKlass net/bytebuddy/implementation/bind/MethodDelegationBinder$ParameterBinding
instanceKlass net/bytebuddy/implementation/bytecode/StackManipulation
instanceKlass net/bytebuddy/implementation/bind/annotation/TargetMethodAnnotationDrivenBinder$ParameterBinder
instanceKlass net/bytebuddy/description/method/MethodDescription$InDefinedShape$AbstractBase$Executable
instanceKlass net/bytebuddy/description/ByteCodeElement$Token
instanceKlass net/bytebuddy/description/method/ParameterDescription$ForLoadedParameter$ParameterAnnotationSource
instanceKlass net/bytebuddy/implementation/bind/annotation/BindingPriority
instanceKlass net/bytebuddy/implementation/bind/MethodDelegationBinder$AmbiguityResolver$Compound
instanceKlass net/bytebuddy/implementation/bind/MethodDelegationBinder$BindingResolver
instanceKlass net/bytebuddy/implementation/MethodDelegation$ImplementationDelegate
instanceKlass net/bytebuddy/dynamic/scaffold/FieldLocator$Factory
instanceKlass net/bytebuddy/implementation/MethodDelegation$WithCustomProperties
instanceKlass net/bytebuddy/implementation/bind/MethodDelegationBinder$TerminationHandler
instanceKlass net/bytebuddy/implementation/bytecode/ByteCodeAppender
instanceKlass net/bytebuddy/implementation/bind/MethodDelegationBinder$Record
instanceKlass net/bytebuddy/implementation/bind/MethodDelegationBinder$AmbiguityResolver
instanceKlass net/bytebuddy/implementation/MethodDelegation
instanceKlass net/bytebuddy/implementation/Implementation$Composable
instanceKlass org/hibernate/proxy/ProxyConfiguration$InterceptorDispatcher
instanceKlass org/hibernate/internal/util/securitymanager/SystemSecurityManager
instanceKlass org/hibernate/bytecode/internal/bytebuddy/ByteBuddyState$ProxyDefinitionHelpers$1
instanceKlass org/hibernate/engine/spi/SelfDirtinessTracker
instanceKlass org/hibernate/proxy/ProxyConfiguration
instanceKlass org/hibernate/engine/spi/ManagedMappedSuperclass
instanceKlass org/hibernate/engine/spi/PersistentAttributeInterceptable
instanceKlass org/hibernate/engine/spi/CompositeOwner
instanceKlass org/hibernate/proxy/HibernateProxy
instanceKlass org/hibernate/engine/spi/CompositeTracker
instanceKlass org/hibernate/engine/spi/ManagedComposite
instanceKlass org/hibernate/engine/spi/ManagedEntity
instanceKlass org/hibernate/engine/spi/Managed
instanceKlass org/hibernate/engine/spi/PrimeAmongSecondarySupertypes
instanceKlass net/bytebuddy/dynamic/TargetType
instanceKlass net/bytebuddy/utility/dispatcher/JavaDispatcher$ProxiedInvocationHandler
instanceKlass net/bytebuddy/utility/nullability/MaybeNull
instanceKlass net/bytebuddy/utility/dispatcher/JavaDispatcher$Dispatcher$ForNonStaticMethod
instanceKlass net/bytebuddy/utility/dispatcher/JavaDispatcher$IsConstructor
instanceKlass net/bytebuddy/utility/dispatcher/JavaDispatcher$IsStatic
instanceKlass net/bytebuddy/utility/dispatcher/JavaDispatcher$Container
instanceKlass net/bytebuddy/utility/dispatcher/JavaDispatcher$Instance
instanceKlass net/bytebuddy/utility/dispatcher/JavaDispatcher$Defaults
instanceKlass net/bytebuddy/utility/Invoker$Dispatcher
instanceKlass net/bytebuddy/jar/asm/Attribute
instanceKlass net/bytebuddy/jar/asm/Handler
instanceKlass net/bytebuddy/jar/asm/Frame
instanceKlass net/bytebuddy/jar/asm/Type
instanceKlass net/bytebuddy/jar/asm/ByteVector
instanceKlass net/bytebuddy/jar/asm/Symbol
instanceKlass net/bytebuddy/jar/asm/SymbolTable
instanceKlass net/bytebuddy/jar/asm/MethodVisitor
instanceKlass net/bytebuddy/jar/asm/FieldVisitor
instanceKlass net/bytebuddy/jar/asm/ModuleVisitor
instanceKlass net/bytebuddy/jar/asm/AnnotationVisitor
instanceKlass net/bytebuddy/jar/asm/RecordComponentVisitor
instanceKlass net/bytebuddy/jar/asm/ClassVisitor
instanceKlass net/bytebuddy/utility/Invoker
instanceKlass net/bytebuddy/utility/dispatcher/JavaDispatcher$InvokerCreationAction
instanceKlass net/bytebuddy/utility/dispatcher/JavaDispatcher$DynamicClassLoader$Resolver$ForModuleSystem
instanceKlass net/bytebuddy/utility/dispatcher/JavaDispatcher$DynamicClassLoader$Resolver
instanceKlass net/bytebuddy/utility/dispatcher/JavaDispatcher$Proxied
instanceKlass net/bytebuddy/utility/dispatcher/JavaDispatcher$Dispatcher
instanceKlass net/bytebuddy/utility/dispatcher/JavaDispatcher
instanceKlass net/bytebuddy/description/type/TypeDescription$ForLoadedType$Dispatcher
instanceKlass net/bytebuddy/utility/privilege/GetSystemPropertyAction
instanceKlass net/bytebuddy/description/type/PackageDescription
instanceKlass net/bytebuddy/description/field/FieldList
instanceKlass net/bytebuddy/description/type/RecordComponentList
instanceKlass net/bytebuddy/description/method/MethodList
instanceKlass net/bytebuddy/description/type/TypeList
instanceKlass net/bytebuddy/description/type/TypeDescription$Generic$Visitor
instanceKlass net/bytebuddy/description/type/TypeDescription$Generic
instanceKlass net/bytebuddy/description/annotation/AnnotationList
instanceKlass net/bytebuddy/description/type/TypeList$Generic
instanceKlass net/bytebuddy/matcher/FilterableList
instanceKlass net/bytebuddy/description/ModifierReviewable$AbstractBase
instanceKlass net/bytebuddy/description/ModifierReviewable$ForParameterDescription
instanceKlass net/bytebuddy/description/type/TypeDescription
instanceKlass org/hibernate/bytecode/internal/bytebuddy/ByteBuddyState$ProxyDefinitionHelpers
instanceKlass org/hibernate/bytecode/internal/bytebuddy/ByteBuddyState$ClassRewriter
instanceKlass org/hibernate/bytecode/internal/bytebuddy/ByteBuddyState
instanceKlass java/lang/Process
instanceKlass net/bytebuddy/ClassFileVersion$VersionLocator$Resolved
instanceKlass net/bytebuddy/ClassFileVersion$VersionLocator
instanceKlass net/bytebuddy/ClassFileVersion
instanceKlass org/hibernate/bytecode/internal/bytebuddy/BytecodeProviderImpl$1
instanceKlass net/bytebuddy/matcher/ElementMatcher$Junction$AbstractBase
instanceKlass net/bytebuddy/description/method/MethodDescription$InDefinedShape
instanceKlass net/bytebuddy/description/method/MethodDescription
instanceKlass net/bytebuddy/description/ModifierReviewable$ForMethodDescription
instanceKlass net/bytebuddy/description/TypeVariableSource
instanceKlass net/bytebuddy/description/field/FieldDescription$InDefinedShape
instanceKlass net/bytebuddy/description/field/FieldDescription
instanceKlass net/bytebuddy/description/ByteCodeElement$TypeDependant
instanceKlass net/bytebuddy/description/ByteCodeElement$Member
instanceKlass net/bytebuddy/description/NamedElement$WithGenericName
instanceKlass net/bytebuddy/description/ByteCodeElement
instanceKlass net/bytebuddy/description/annotation/AnnotationSource
instanceKlass net/bytebuddy/description/NamedElement$WithDescriptor
instanceKlass net/bytebuddy/description/NamedElement$WithRuntimeName
instanceKlass net/bytebuddy/description/DeclaredByType$WithMandatoryDeclaration
instanceKlass net/bytebuddy/description/DeclaredByType
instanceKlass net/bytebuddy/description/ModifierReviewable$ForFieldDescription
instanceKlass net/bytebuddy/matcher/ElementMatcher$Junction
instanceKlass net/bytebuddy/matcher/ElementMatchers
instanceKlass org/hibernate/bytecode/spi/ReflectionOptimizer
instanceKlass net/bytebuddy/matcher/ElementMatcher
instanceKlass org/hibernate/bytecode/enhance/spi/Enhancer
instanceKlass net/bytebuddy/dynamic/DynamicType$Builder
instanceKlass net/bytebuddy/implementation/Implementation
instanceKlass net/bytebuddy/dynamic/scaffold/InstrumentedType$Prepareable
instanceKlass net/bytebuddy/description/type/TypeDefinition
instanceKlass net/bytebuddy/description/ModifierReviewable$ForTypeDefinition
instanceKlass net/bytebuddy/description/ModifierReviewable$OfEnumeration
instanceKlass net/bytebuddy/description/ModifierReviewable$OfAbstraction
instanceKlass net/bytebuddy/description/ModifierReviewable$OfByteCodeElement
instanceKlass net/bytebuddy/description/ModifierReviewable
instanceKlass net/bytebuddy/description/NamedElement
instanceKlass net/bytebuddy/NamingStrategy
instanceKlass net/bytebuddy/NamingStrategy$SuffixingRandom$BaseNameResolver
instanceKlass net/bytebuddy/NamingStrategy$Suffixing$BaseNameResolver
instanceKlass org/hibernate/bytecode/internal/bytebuddy/BytecodeProviderImpl
instanceKlass org/hibernate/jpa/internal/enhance/EnhancingClassTransformerImpl
instanceKlass org/hibernate/bytecode/enhance/spi/DefaultEnhancementContext
instanceKlass org/hibernate/boot/archive/scan/internal/StandardScanParameters
instanceKlass org/hibernate/boot/archive/scan/internal/ScanResultImpl
instanceKlass org/hibernate/boot/archive/scan/spi/ScanResult
instanceKlass javax/xml/stream/FactoryFinder$1
instanceKlass javax/xml/stream/FactoryFinder
instanceKlass javax/xml/stream/XMLEventFactory
instanceKlass org/hibernate/boot/jaxb/internal/stax/LocalSchemaLocator
instanceKlass org/hibernate/boot/jaxb/internal/stax/LocalXmlResourceResolver$DtdDescriptor
instanceKlass org/hibernate/boot/jaxb/internal/stax/LocalXmlResourceResolver
instanceKlass org/hibernate/boot/jaxb/internal/MappingBinder$2
instanceKlass org/hibernate/boot/jaxb/internal/MappingBinder$1
instanceKlass jakarta/xml/bind/ValidationEventHandler
instanceKlass javax/xml/stream/XMLResolver
instanceKlass javax/xml/stream/XMLEventReader
instanceKlass org/hibernate/boot/jaxb/internal/AbstractBinder
instanceKlass org/hibernate/boot/spi/XmlMappingBinderAccess
instanceKlass org/hibernate/boot/archive/spi/InputStreamAccess
instanceKlass org/hibernate/boot/archive/scan/spi/ScanParameters
instanceKlass org/hibernate/boot/model/process/internal/ScanningCoordinator
instanceKlass org/hibernate/boot/model/process/internal/ManagedResourcesImpl
instanceKlass org/hibernate/type/descriptor/sql/DdlType
instanceKlass org/hibernate/boot/spi/AdditionalMappingContributions
instanceKlass org/hibernate/boot/jaxb/internal/MappingBinder$Options
instanceKlass org/hibernate/boot/model/source/spi/MetadataSourceProcessor
instanceKlass org/hibernate/boot/spi/MetadataBuildingContext
instanceKlass org/hibernate/boot/spi/InFlightMetadataCollector
instanceKlass org/hibernate/boot/spi/MetadataImplementor
instanceKlass org/hibernate/boot/model/convert/spi/ConverterRegistry
instanceKlass org/hibernate/boot/model/process/spi/ManagedResources
instanceKlass org/hibernate/boot/model/process/spi/MetadataBuildingProcess
instanceKlass org/hibernate/boot/spi/MetadataBuilderContributor
instanceKlass org/hibernate/jpa/boot/internal/StandardJpaScanEnvironmentImpl
instanceKlass org/hibernate/boot/spi/MetadataBuilderFactory
instanceKlass org/hibernate/boot/spi/MetadataBuilderInitializer
instanceKlass org/hibernate/boot/cfgxml/internal/CfgXmlAccessServiceImpl
instanceKlass org/hibernate/boot/spi/MetadataSourcesContributor
instanceKlass org/hibernate/internal/util/collections/CaseInsensitiveDictionary
instanceKlass org/hibernate/query/sqm/function/SqmFunctionDescriptor
instanceKlass org/hibernate/query/sqm/function/SqmFunctionRegistry
instanceKlass org/hibernate/boot/model/TypeBeanInstanceProducer
instanceKlass org/hibernate/type/spi/TypeBootstrapContext
instanceKlass org/hibernate/type/descriptor/jdbc/BasicExtractor
instanceKlass org/hibernate/type/descriptor/jdbc/ObjectJdbcType
instanceKlass org/hibernate/metamodel/mapping/SqlExpressible$1
instanceKlass org/hibernate/metamodel/mapping/JdbcMappingContainer$1
instanceKlass org/hibernate/metamodel/mapping/Bindable$JdbcValuesBiConsumer
instanceKlass org/hibernate/type/AbstractStandardBasicType
instanceKlass org/hibernate/type/ProcedureParameterNamedBinder
instanceKlass org/hibernate/type/ProcedureParameterExtractionAware
instanceKlass org/hibernate/type/CharBooleanConverter
instanceKlass org/hibernate/type/NumericBooleanConverter
instanceKlass jakarta/persistence/AttributeConverter
instanceKlass org/hibernate/type/BasicTypeReference
instanceKlass org/hibernate/type/StandardBasicTypes
instanceKlass org/hibernate/type/BasicTypeRegistry
instanceKlass org/hibernate/type/descriptor/sql/spi/DdlTypeRegistry
instanceKlass org/hibernate/type/descriptor/jdbc/RowIdJdbcType
instanceKlass org/hibernate/type/descriptor/jdbc/ClobJdbcType
instanceKlass org/hibernate/type/descriptor/jdbc/BasicBinder
instanceKlass org/hibernate/type/descriptor/jdbc/BlobJdbcType
instanceKlass org/hibernate/type/descriptor/jdbc/VarcharJdbcType
instanceKlass org/hibernate/type/descriptor/jdbc/VarbinaryJdbcType
instanceKlass org/hibernate/type/descriptor/jdbc/TimeWithTimeZoneJdbcType
instanceKlass org/hibernate/type/descriptor/jdbc/TimeJdbcType
instanceKlass org/hibernate/type/descriptor/jdbc/TimestampWithTimeZoneJdbcType
instanceKlass org/hibernate/type/descriptor/jdbc/TimestampJdbcType
instanceKlass org/hibernate/type/descriptor/jdbc/DateJdbcType
instanceKlass org/hibernate/type/descriptor/jdbc/TinyIntJdbcType
instanceKlass org/hibernate/type/descriptor/jdbc/SmallIntJdbcType
instanceKlass org/hibernate/type/descriptor/jdbc/IntegerJdbcType
instanceKlass org/hibernate/type/descriptor/jdbc/FloatJdbcType
instanceKlass org/hibernate/type/descriptor/jdbc/DoubleJdbcType
instanceKlass org/hibernate/type/descriptor/jdbc/DecimalJdbcType
instanceKlass org/hibernate/type/descriptor/jdbc/BigIntJdbcType
instanceKlass org/hibernate/type/descriptor/jdbc/JdbcLiteralFormatter
instanceKlass org/hibernate/type/descriptor/ValueBinder
instanceKlass org/hibernate/type/descriptor/ValueExtractor
instanceKlass org/hibernate/type/descriptor/jdbc/BooleanJdbcType
instanceKlass org/hibernate/type/descriptor/jdbc/AdjustableJdbcType
instanceKlass org/hibernate/type/descriptor/jdbc/internal/JdbcTypeBaseline
instanceKlass org/hibernate/type/descriptor/jdbc/spi/JdbcTypeRegistry
instanceKlass org/hibernate/type/descriptor/jdbc/internal/JdbcTypeBaseline$BaselineTarget
instanceKlass org/hibernate/collection/spi/AbstractMapSemantics
instanceKlass org/hibernate/collection/spi/MapSemantics
instanceKlass org/hibernate/collection/spi/AbstractSetSemantics
instanceKlass org/hibernate/collection/internal/StandardListSemantics
instanceKlass org/hibernate/collection/internal/StandardArraySemantics
instanceKlass org/hibernate/collection/spi/PersistentCollection
instanceKlass org/hibernate/collection/spi/LazyInitializable
instanceKlass org/hibernate/collection/spi/AbstractBagSemantics
instanceKlass org/hibernate/collection/spi/BagSemantics
instanceKlass org/hibernate/type/descriptor/java/LocaleJavaType$LocaleComparator
instanceKlass org/hibernate/type/descriptor/java/TimeZoneJavaType$TimeZoneComparator
instanceKlass org/hibernate/internal/util/compare/CalendarComparator
instanceKlass org/hibernate/type/descriptor/java/ZoneOffsetJavaType$ZoneOffsetComparator
instanceKlass org/hibernate/internal/util/ZonedDateTimeComparator
instanceKlass org/hibernate/type/descriptor/java/TemporalJavaType
instanceKlass org/hibernate/type/descriptor/java/DoublePrimitiveArrayJavaType$ArrayMutabilityPlan
instanceKlass org/hibernate/type/descriptor/java/FloatPrimitiveArrayJavaType$ArrayMutabilityPlan
instanceKlass org/hibernate/type/descriptor/java/LongPrimitiveArrayJavaType$ArrayMutabilityPlan
instanceKlass org/hibernate/type/descriptor/java/IntegerPrimitiveArrayJavaType$ArrayMutabilityPlan
instanceKlass org/hibernate/type/descriptor/java/ShortPrimitiveArrayJavaType$ArrayMutabilityPlan
instanceKlass org/hibernate/type/descriptor/java/BooleanPrimitiveArrayJavaType$ArrayMutabilityPlan
instanceKlass org/hibernate/type/descriptor/converter/spi/BasicValueConverter
instanceKlass org/hibernate/type/descriptor/java/BasicPluralJavaType
instanceKlass org/hibernate/internal/util/compare/RowVersionComparator
instanceKlass org/hibernate/type/descriptor/java/MutableMutabilityPlan
instanceKlass org/hibernate/sql/ast/spi/SqlAppender
instanceKlass org/hibernate/type/descriptor/java/NClobJavaType$NClobMutabilityPlan
instanceKlass java/sql/NClob
instanceKlass org/hibernate/type/descriptor/java/ClobJavaType$ClobMutabilityPlan
instanceKlass java/sql/Clob
instanceKlass org/hibernate/type/descriptor/java/IncomparableComparator
instanceKlass org/hibernate/type/descriptor/java/BlobJavaType$BlobMutabilityPlan
instanceKlass java/sql/Blob
instanceKlass org/hibernate/type/descriptor/jdbc/JdbcType
instanceKlass org/hibernate/type/spi/TypeConfigurationAware
instanceKlass org/hibernate/internal/util/compare/ComparableComparator
instanceKlass org/hibernate/type/descriptor/java/ImmutableMutabilityPlan
instanceKlass org/hibernate/type/descriptor/java/AbstractClassJavaType
instanceKlass org/hibernate/type/descriptor/java/VersionJavaType
instanceKlass org/hibernate/type/descriptor/java/spi/PrimitiveJavaType
instanceKlass org/hibernate/type/descriptor/java/BasicJavaType
instanceKlass org/hibernate/collection/spi/CollectionSemantics
instanceKlass org/hibernate/type/descriptor/java/spi/JavaTypeBaseline
instanceKlass org/hibernate/type/descriptor/java/MutabilityPlan
instanceKlass org/hibernate/type/descriptor/java/spi/JavaTypeRegistry
instanceKlass org/hibernate/type/descriptor/java/spi/JavaTypeBaseline$BaselineTarget
instanceKlass org/hibernate/id/uuid/LocalObjectUuidHelper
instanceKlass org/hibernate/type/spi/TypeConfiguration$Scope
instanceKlass org/hibernate/type/descriptor/jdbc/JdbcTypeIndicators
instanceKlass org/hibernate/type/BasicType
instanceKlass org/hibernate/metamodel/mapping/JdbcMapping
instanceKlass org/hibernate/metamodel/mapping/MappingType
instanceKlass org/hibernate/metamodel/model/domain/BasicDomainType
instanceKlass org/hibernate/query/ReturnableType
instanceKlass org/hibernate/query/OutputableType
instanceKlass jakarta/persistence/metamodel/BasicType
instanceKlass org/hibernate/metamodel/model/domain/SimpleDomainType
instanceKlass jakarta/persistence/metamodel/Type
instanceKlass org/hibernate/metamodel/model/domain/DomainType
instanceKlass org/hibernate/metamodel/mapping/BasicValuedMapping
instanceKlass org/hibernate/metamodel/mapping/SqlExpressible
instanceKlass org/hibernate/metamodel/mapping/ValueMapping
instanceKlass org/hibernate/type/descriptor/java/JavaTypedExpressible
instanceKlass org/hibernate/metamodel/mapping/MappingModelExpressible
instanceKlass org/hibernate/metamodel/mapping/Bindable
instanceKlass org/hibernate/metamodel/mapping/JdbcMappingContainer
instanceKlass org/hibernate/query/sqm/SqmExpressible
instanceKlass org/hibernate/query/BindableType
instanceKlass org/hibernate/type/spi/TypeConfiguration
instanceKlass org/hibernate/SessionFactoryObserver
instanceKlass org/hibernate/metamodel/spi/EmbeddableRepresentationStrategy
instanceKlass org/hibernate/metamodel/spi/EmbeddableInstantiator
instanceKlass org/hibernate/metamodel/spi/Instantiator
instanceKlass org/hibernate/metamodel/spi/EntityRepresentationStrategy
instanceKlass org/hibernate/metamodel/spi/ManagedTypeRepresentationStrategy
instanceKlass org/hibernate/metamodel/internal/ManagedTypeRepresentationResolverStandard
instanceKlass org/hibernate/boot/archive/spi/ArchiveDescriptorFactory
instanceKlass org/hibernate/boot/archive/scan/internal/StandardScanOptions
instanceKlass org/hibernate/jpa/internal/MutableJpaComplianceImpl
instanceKlass org/hibernate/boot/model/internal/XMLContext
instanceKlass org/hibernate/annotations/common/reflection/java/JavaMetadataProvider
instanceKlass org/hibernate/annotations/common/reflection/AnnotationReader
instanceKlass org/hibernate/boot/model/internal/JPAXMLOverriddenMetadataProvider
instanceKlass org/hibernate/annotations/common/reflection/XMethod
instanceKlass org/hibernate/annotations/common/reflection/XProperty
instanceKlass org/hibernate/annotations/common/reflection/XMember
instanceKlass org/hibernate/annotations/common/reflection/java/JavaXAnnotatedElement
instanceKlass org/hibernate/annotations/common/reflection/XClass
instanceKlass org/hibernate/annotations/common/reflection/java/generics/TypeEnvironment
instanceKlass org/hibernate/annotations/common/reflection/java/XTypeConstruction
instanceKlass org/hibernate/annotations/common/reflection/java/TypeEnvironmentMap
instanceKlass org/hibernate/annotations/common/reflection/java/JavaXType
instanceKlass org/hibernate/annotations/common/reflection/XPackage
instanceKlass org/hibernate/annotations/common/reflection/XAnnotatedElement
instanceKlass org/hibernate/annotations/common/reflection/java/JavaReflectionManager
instanceKlass org/hibernate/annotations/common/reflection/MetadataProviderInjector
instanceKlass org/hibernate/boot/internal/ClassLoaderAccessImpl
instanceKlass com/fasterxml/classmate/MemberResolver
instanceKlass org/hibernate/boot/internal/ClassmateContext
instanceKlass org/hibernate/annotations/common/reflection/MetadataProvider
instanceKlass org/hibernate/annotations/common/reflection/ReflectionManager
instanceKlass org/hibernate/boot/spi/ClassLoaderAccess
instanceKlass org/hibernate/jpa/spi/MutableJpaCompliance
instanceKlass org/hibernate/jpa/spi/JpaCompliance
instanceKlass org/hibernate/boot/internal/BootstrapContextImpl
instanceKlass org/hibernate/boot/internal/MetadataBuilderImpl$MetadataBuildingOptionsImpl$2
instanceKlass org/hibernate/boot/model/naming/PhysicalNamingStrategyStandardImpl
instanceKlass org/hibernate/boot/internal/MetadataBuilderImpl$MetadataBuildingOptionsImpl$1
instanceKlass org/hibernate/cache/spi/TimestampsRegion
instanceKlass org/hibernate/cache/spi/DomainDataRegion
instanceKlass org/hibernate/cache/cfg/spi/DomainDataRegionBuildingContext
instanceKlass org/hibernate/cache/cfg/spi/DomainDataRegionConfig
instanceKlass org/hibernate/cache/spi/QueryResultsRegion
instanceKlass org/hibernate/cache/spi/DirectAccessRegion
instanceKlass org/hibernate/cache/spi/Region
instanceKlass org/hibernate/engine/spi/SessionFactoryImplementor
instanceKlass org/hibernate/query/spi/QueryParameterBindingTypeResolver
instanceKlass org/hibernate/sql/ast/spi/SqlAstCreationContext
instanceKlass org/hibernate/query/sqm/spi/SqmCreationContext
instanceKlass org/hibernate/boot/spi/SessionFactoryOptions
instanceKlass org/hibernate/query/spi/QueryEngineOptions
instanceKlass org/hibernate/cache/spi/CacheTransactionSynchronization
instanceKlass org/hibernate/cache/internal/NoCachingRegionFactory
instanceKlass org/hibernate/cache/internal/StrategyCreatorRegionFactoryImpl
instanceKlass org/hibernate/engine/jdbc/env/spi/LobCreatorBuilder
instanceKlass org/hibernate/sql/ast/SqlAstTranslatorFactory
instanceKlass org/hibernate/exception/spi/SQLExceptionConverter
instanceKlass org/hibernate/engine/jdbc/env/spi/QualifiedObjectNameFormatter
instanceKlass org/hibernate/engine/jdbc/env/spi/ExtractedDatabaseMetaData
instanceKlass org/hibernate/engine/jdbc/env/internal/JdbcEnvironmentImpl
instanceKlass org/hibernate/boot/internal/MetadataBuilderImpl$MappingDefaultsImpl
instanceKlass org/hibernate/id/factory/spi/GeneratorDefinitionResolver
instanceKlass org/hibernate/type/descriptor/java/JavaType
instanceKlass org/hibernate/id/enhanced/TableGenerator
instanceKlass org/hibernate/id/ForeignGenerator
instanceKlass org/hibernate/id/IncrementGenerator
instanceKlass org/hibernate/id/enhanced/SequenceStyleGenerator
instanceKlass org/hibernate/id/PersistentIdentifierGenerator
instanceKlass org/hibernate/id/OptimizableGenerator
instanceKlass org/hibernate/id/SelectGenerator
instanceKlass org/hibernate/id/IdentityGenerator
instanceKlass org/hibernate/id/BulkInsertionCapableIdentifierGenerator
instanceKlass org/hibernate/id/PostInsertIdentifierGenerator
instanceKlass org/hibernate/generator/OnExecutionGenerator
instanceKlass org/hibernate/id/Assigned
instanceKlass org/hibernate/id/AbstractUUIDGenerator
instanceKlass org/hibernate/id/GUIDGenerator
instanceKlass org/hibernate/id/factory/IdGenFactoryLogging
instanceKlass org/hibernate/id/UUIDGenerator
instanceKlass org/hibernate/id/factory/spi/StandardGenerator
instanceKlass org/hibernate/id/IdentifierGenerator
instanceKlass org/hibernate/id/Configurable
instanceKlass org/hibernate/boot/model/relational/ExportableProducer
instanceKlass org/hibernate/generator/BeforeExecutionGenerator
instanceKlass org/hibernate/id/factory/spi/GenerationTypeStrategyRegistration
instanceKlass org/hibernate/id/factory/internal/UUIDGenerationTypeStrategy
instanceKlass org/hibernate/id/factory/internal/IdentityGenerationTypeStrategy
instanceKlass org/hibernate/id/factory/internal/TableGenerationTypeStrategy
instanceKlass org/hibernate/id/factory/internal/SequenceGenerationTypeStrategy
instanceKlass org/hibernate/id/factory/internal/AutoGenerationTypeStrategy
instanceKlass org/hibernate/id/factory/spi/GenerationTypeStrategy
instanceKlass org/hibernate/resource/beans/spi/ManagedBean
instanceKlass org/hibernate/resource/beans/internal/ManagedBeanRegistryImpl
instanceKlass org/hibernate/engine/config/spi/StandardConverters
instanceKlass org/hibernate/service/spi/Startable
instanceKlass org/hibernate/service/spi/InjectService
instanceKlass org/hibernate/engine/config/internal/ConfigurationServiceImpl
instanceKlass org/hibernate/resource/beans/container/spi/BeanLifecycleStrategy
instanceKlass org/hibernate/resource/beans/internal/Helper
instanceKlass org/hibernate/resource/beans/spi/BeanInstanceProducer
instanceKlass org/hibernate/generator/Generator
instanceKlass org/hibernate/id/factory/internal/StandardIdentifierGeneratorFactory
instanceKlass org/hibernate/resource/beans/container/spi/BeanContainer$LifecycleOptions
instanceKlass org/hibernate/boot/internal/IdGeneratorInterpreterImpl$FallbackInterpreter
instanceKlass org/hibernate/boot/internal/IdGeneratorInterpreterImpl
instanceKlass org/hibernate/boot/spi/MappingDefaults
instanceKlass org/hibernate/boot/model/IdGeneratorStrategyInterpreter
instanceKlass org/hibernate/collection/spi/CollectionSemanticsResolver
instanceKlass org/hibernate/metamodel/spi/ManagedTypeRepresentationResolver
instanceKlass org/hibernate/boot/internal/MetadataBuilderImpl$MetadataBuildingOptionsImpl
instanceKlass org/hibernate/boot/spi/JpaOrmXmlPersistenceUnitDefaultAware
instanceKlass org/hibernate/boot/model/FunctionContributions
instanceKlass org/hibernate/boot/model/convert/spi/ConverterDescriptor
instanceKlass org/hibernate/boot/spi/BootstrapContext
instanceKlass org/hibernate/boot/spi/MetadataBuildingOptions
instanceKlass org/hibernate/boot/internal/MetadataBuilderImpl
instanceKlass org/hibernate/boot/model/TypeContributions
instanceKlass org/hibernate/boot/spi/MetadataBuilderImplementor
instanceKlass org/hibernate/boot/jaxb/spi/Binder
instanceKlass org/hibernate/boot/MetadataSources
instanceKlass org/hibernate/service/spi/SessionFactoryServiceRegistryFactory
instanceKlass org/hibernate/engine/jdbc/spi/SqlStatementLogger
instanceKlass org/hibernate/tool/schema/spi/SchemaManagementTool
instanceKlass org/hibernate/bytecode/spi/ProxyFactoryFactory
instanceKlass org/hibernate/internal/util/collections/CollectionHelper
instanceKlass org/hibernate/service/internal/AbstractServiceRegistryImpl
instanceKlass org/hibernate/engine/config/spi/ConfigurationService$Converter
instanceKlass org/hibernate/internal/util/config/ConfigurationHelper
instanceKlass org/hibernate/service/spi/ServiceContributor
instanceKlass org/hibernate/internal/util/NullnessHelper
instanceKlass org/hibernate/type/Type
instanceKlass org/hibernate/internal/util/collections/ArrayHelper
instanceKlass org/hibernate/internal/util/StringHelper
instanceKlass org/hibernate/internal/util/PropertiesHelper
instanceKlass org/hibernate/internal/util/ConfigHelper
instanceKlass org/hibernate/Version
instanceKlass org/hibernate/cfg/Environment
instanceKlass org/hibernate/cfg/AvailableSettings
instanceKlass org/hibernate/cfg/ValidationSettings
instanceKlass org/hibernate/cfg/TransactionSettings
instanceKlass org/hibernate/cfg/StatisticsSettings
instanceKlass org/hibernate/cfg/SessionEventSettings
instanceKlass org/hibernate/cfg/SchemaToolingSettings
instanceKlass org/hibernate/cfg/QuerySettings
instanceKlass org/hibernate/cfg/PersistenceSettings
instanceKlass org/hibernate/cfg/MultiTenancySettings
instanceKlass org/hibernate/cfg/MappingSettings
instanceKlass org/hibernate/cfg/ManagedBeanSettings
instanceKlass org/hibernate/cfg/JpaComplianceSettings
instanceKlass org/hibernate/cfg/JdbcSettings
instanceKlass org/hibernate/cfg/ProxoolSettings
instanceKlass org/hibernate/cfg/C3p0Settings
instanceKlass org/hibernate/cfg/FetchSettings
instanceKlass org/hibernate/cfg/EnvironmentSettings
instanceKlass org/hibernate/cfg/CacheSettings
instanceKlass org/hibernate/cfg/BytecodeSettings
instanceKlass org/hibernate/cfg/BatchSettings
instanceKlass org/hibernate/jpa/boot/internal/EntityManagerFactoryBuilderImpl$MergedSettings
instanceKlass org/hibernate/loader/ast/spi/BatchLoaderFactory
instanceKlass org/hibernate/loader/ast/internal/BatchLoaderFactoryInitiator
instanceKlass org/hibernate/sql/ast/spi/ParameterMarkerStrategy
instanceKlass org/hibernate/sql/ast/internal/ParameterMarkerStrategyInitiator
instanceKlass org/hibernate/query/sqm/mutation/spi/SqmMultiTableMutationStrategyProvider
instanceKlass org/hibernate/query/sqm/mutation/internal/SqmMultiTableMutationStrategyProviderInitiator
instanceKlass org/hibernate/sql/results/jdbc/spi/JdbcValuesMappingProducerProvider
instanceKlass org/hibernate/sql/results/jdbc/internal/JdbcValuesMappingProducerProviderInitiator
instanceKlass org/hibernate/event/spi/EntityCopyObserverFactory
instanceKlass org/hibernate/event/internal/EntityCopyObserverFactoryInitiator
instanceKlass org/hibernate/resource/beans/spi/ManagedBeanRegistry
instanceKlass org/hibernate/resource/beans/spi/ManagedBeanRegistryInitiator
instanceKlass org/hibernate/resource/transaction/internal/TransactionCoordinatorBuilderInitiator
instanceKlass org/hibernate/cache/spi/RegionFactory
instanceKlass org/hibernate/cache/internal/RegionFactoryInitiator
instanceKlass org/hibernate/service/internal/SessionFactoryServiceRegistryFactoryInitiator
instanceKlass org/hibernate/engine/transaction/jta/platform/internal/JtaPlatformInitiator
instanceKlass org/hibernate/engine/transaction/jta/platform/spi/JtaPlatformResolver
instanceKlass org/hibernate/engine/transaction/jta/platform/internal/JtaPlatformResolverInitiator
instanceKlass org/hibernate/engine/jdbc/cursor/spi/RefCursorSupport
instanceKlass org/hibernate/engine/jdbc/cursor/internal/RefCursorSupportInitiator
instanceKlass org/hibernate/engine/jdbc/internal/JdbcServicesInitiator
instanceKlass org/hibernate/engine/jdbc/internal/SqlStatementLoggerInitiator
instanceKlass org/hibernate/engine/jdbc/batch/spi/BatchBuilder
instanceKlass org/hibernate/engine/jdbc/batch/internal/BatchBuilderInitiator
instanceKlass org/hibernate/engine/jdbc/mutation/spi/MutationExecutorService
instanceKlass org/hibernate/engine/jdbc/mutation/internal/MutationExecutorServiceInitiator
instanceKlass org/hibernate/engine/jdbc/dialect/spi/DialectFactory
instanceKlass org/hibernate/engine/jdbc/dialect/internal/DialectFactoryInitiator
instanceKlass org/hibernate/engine/jdbc/dialect/spi/DialectResolver
instanceKlass org/hibernate/engine/jdbc/dialect/internal/DialectResolverInitiator
instanceKlass org/hibernate/engine/jdbc/connections/spi/MultiTenantConnectionProvider
instanceKlass org/hibernate/engine/jdbc/connections/internal/MultiTenantConnectionProviderInitiator
instanceKlass org/hibernate/engine/jdbc/connections/internal/UserSuppliedConnectionProviderImpl
instanceKlass org/hibernate/engine/jdbc/connections/internal/DriverManagerConnectionProviderImpl
instanceKlass org/hibernate/engine/jdbc/connections/internal/ConnectionValidator
instanceKlass org/hibernate/engine/jdbc/connections/internal/DatasourceConnectionProviderImpl
instanceKlass org/hibernate/service/spi/Configurable
instanceKlass org/hibernate/engine/jdbc/connections/spi/ConnectionProvider
instanceKlass org/hibernate/service/spi/Wrapped
instanceKlass org/hibernate/engine/jdbc/connections/internal/ConnectionProviderInitiator
instanceKlass org/hibernate/persister/spi/PersisterFactory
instanceKlass org/hibernate/persister/internal/PersisterFactoryInitiator
instanceKlass org/hibernate/persister/spi/PersisterClassResolver
instanceKlass org/hibernate/persister/internal/PersisterClassResolverInitiator
instanceKlass org/hibernate/engine/jndi/spi/JndiService
instanceKlass org/hibernate/engine/jndi/internal/JndiServiceInitiator
instanceKlass org/hibernate/engine/jdbc/connections/spi/JdbcConnectionAccess
instanceKlass org/hibernate/jdbc/WorkExecutorVisitable
instanceKlass org/hibernate/resource/transaction/spi/TransactionCoordinatorOwner
instanceKlass org/hibernate/engine/jdbc/spi/JdbcServices
instanceKlass org/hibernate/engine/jdbc/dialect/spi/DialectResolutionInfo
instanceKlass org/hibernate/dialect/DatabaseVersion
instanceKlass org/hibernate/engine/jdbc/env/spi/JdbcEnvironment
instanceKlass org/hibernate/engine/jdbc/env/internal/JdbcEnvironmentInitiator
instanceKlass org/hibernate/tool/schema/internal/SchemaManagementToolInitiator
instanceKlass org/hibernate/tool/schema/spi/SqlScriptCommandExtractor
instanceKlass org/hibernate/tool/schema/internal/script/SqlScriptExtractorInitiator
instanceKlass org/hibernate/property/access/spi/PropertyAccessStrategyResolver
instanceKlass org/hibernate/property/access/internal/PropertyAccessStrategyResolverInitiator
instanceKlass org/hibernate/engine/config/spi/ConfigurationService
instanceKlass org/hibernate/engine/config/internal/ConfigurationServiceInitiator
instanceKlass org/hibernate/boot/cfgxml/spi/CfgXmlAccessService
instanceKlass org/hibernate/boot/cfgxml/internal/CfgXmlAccessServiceInitiator
instanceKlass org/hibernate/bytecode/internal/ProxyFactoryFactoryInitiator
instanceKlass org/hibernate/bytecode/spi/BytecodeProvider
instanceKlass org/hibernate/bytecode/internal/BytecodeProviderInitiator
instanceKlass org/hibernate/id/factory/IdentifierGeneratorFactory
instanceKlass org/hibernate/id/factory/internal/StandardIdentifierGeneratorFactoryInitiator
instanceKlass org/hibernate/boot/spi/SessionFactoryBuilderService
instanceKlass org/hibernate/boot/internal/DefaultSessionFactoryBuilderInitiator
instanceKlass org/hibernate/boot/registry/StandardServiceInitiator
instanceKlass org/hibernate/service/spi/ServiceInitiator
instanceKlass org/hibernate/service/StandardServiceInitiators
instanceKlass org/hibernate/boot/cfgxml/internal/ConfigLoader$1
instanceKlass org/hibernate/internal/util/ValueHolder$1
instanceKlass org/hibernate/internal/util/ValueHolder
instanceKlass org/hibernate/internal/util/ValueHolder$DeferredInitializer
instanceKlass org/hibernate/boot/cfgxml/internal/ConfigLoader
instanceKlass org/hibernate/boot/cfgxml/spi/LoadedConfig
instanceKlass org/hibernate/boot/registry/StandardServiceRegistry
instanceKlass org/hibernate/boot/registry/StandardServiceRegistryBuilder
instanceKlass org/hibernate/service/spi/ServiceBinding
instanceKlass org/hibernate/boot/registry/selector/StrategyRegistrationProvider
instanceKlass org/hibernate/type/format/jaxb/JaxbXmlFormatMapper
instanceKlass org/hibernate/type/format/jackson/JacksonXmlFormatMapper
instanceKlass org/hibernate/type/format/jakartajson/JsonBJsonFormatMapper
instanceKlass org/hibernate/type/format/jackson/JacksonJsonFormatMapper
instanceKlass org/hibernate/type/format/FormatMapper
instanceKlass org/hibernate/cache/internal/SimpleCacheKeysFactory
instanceKlass org/hibernate/cache/internal/DefaultCacheKeysFactory
instanceKlass org/hibernate/cache/spi/CacheKeysFactory
instanceKlass org/hibernate/boot/model/relational/ColumnOrderingStrategyLegacy
instanceKlass org/hibernate/boot/model/relational/ColumnOrderingStrategyStandard
instanceKlass org/hibernate/boot/model/relational/ColumnOrderingStrategy
instanceKlass org/hibernate/id/enhanced/LegacyNamingStrategy
instanceKlass org/hibernate/id/enhanced/SingleNamingStrategy
instanceKlass org/hibernate/id/enhanced/StandardNamingStrategy
instanceKlass org/hibernate/id/enhanced/ImplicitDatabaseObjectNamingStrategy
instanceKlass org/hibernate/query/sqm/mutation/internal/temptable/PersistentTableStrategy
instanceKlass org/hibernate/query/sqm/mutation/internal/temptable/LocalTemporaryTableStrategy
instanceKlass org/hibernate/query/sqm/mutation/internal/temptable/GlobalTemporaryTableStrategy
instanceKlass org/hibernate/query/sqm/mutation/internal/cte/CteMutationStrategy
instanceKlass org/hibernate/query/sqm/mutation/spi/SqmMultiTableMutationStrategy
instanceKlass org/hibernate/resource/transaction/backend/jta/internal/JtaTransactionCoordinatorBuilderImpl
instanceKlass org/hibernate/service/spi/ServiceRegistryAwareService
instanceKlass org/hibernate/resource/transaction/backend/jdbc/internal/JdbcResourceLocalTransactionCoordinatorBuilderImpl
instanceKlass org/hibernate/resource/transaction/spi/TransactionCoordinatorBuilder
instanceKlass org/hibernate/boot/registry/selector/internal/DefaultJtaPlatformSelector
instanceKlass org/hibernate/boot/registry/selector/internal/DefaultDialectSelector
instanceKlass org/hibernate/boot/registry/selector/internal/AggregatedDialectSelector
instanceKlass org/hibernate/boot/registry/selector/spi/DialectSelector
instanceKlass org/hibernate/dialect/Dialect
instanceKlass org/hibernate/boot/model/FunctionContributor
instanceKlass org/hibernate/boot/model/TypeContributor
instanceKlass org/hibernate/exception/spi/ConversionContext
instanceKlass org/hibernate/boot/registry/selector/spi/StrategyCreator
instanceKlass org/hibernate/boot/registry/selector/internal/StrategySelectorImpl
instanceKlass org/hibernate/boot/registry/internal/BootstrapServiceRegistryImpl
instanceKlass org/hibernate/service/spi/ServiceBinding$ServiceLifecycleOwner
instanceKlass org/hibernate/service/spi/ServiceRegistryImplementor
instanceKlass org/hibernate/boot/registry/classloading/internal/AggregatedClassLoader$4
instanceKlass org/hibernate/boot/registry/classloading/internal/AggregatedClassLoader$2
instanceKlass org/hibernate/boot/registry/classloading/internal/AggregatedServiceLoader
instanceKlass org/hibernate/cache/internal/CollectionCacheInvalidator
instanceKlass org/hibernate/event/spi/PostUpdateEventListener
instanceKlass org/hibernate/event/spi/PostDeleteEventListener
instanceKlass org/hibernate/event/spi/PostInsertEventListener
instanceKlass org/hibernate/event/spi/PostActionEventListener
instanceKlass org/hibernate/boot/beanvalidation/ActivationContext
instanceKlass org/hibernate/boot/beanvalidation/BeanValidationIntegrator
instanceKlass org/hibernate/integrator/spi/Integrator
instanceKlass org/hibernate/integrator/internal/IntegratorServiceImpl
instanceKlass org/hibernate/boot/registry/classloading/internal/ClassLoaderServiceImpl$1
instanceKlass org/hibernate/internal/CoreLogging
instanceKlass org/hibernate/boot/registry/classloading/internal/ClassLoaderServiceImpl
instanceKlass org/hibernate/boot/registry/selector/StrategyRegistration
instanceKlass org/hibernate/boot/registry/selector/spi/StrategySelector
instanceKlass org/hibernate/boot/registry/selector/internal/LazyServiceResolver
instanceKlass org/hibernate/boot/registry/selector/internal/StrategySelectorBuilder
instanceKlass org/hibernate/boot/registry/BootstrapServiceRegistry
instanceKlass org/hibernate/integrator/spi/IntegratorService
instanceKlass org/hibernate/boot/registry/classloading/spi/ClassLoaderService
instanceKlass org/hibernate/boot/ResourceStreamLocator
instanceKlass org/hibernate/boot/ResourceLocator
instanceKlass org/hibernate/boot/registry/BootstrapServiceRegistryBuilder
instanceKlass org/slf4j/helpers/FormattingTuple
instanceKlass org/slf4j/helpers/NormalizedParameters
instanceKlass org/slf4j/helpers/MessageFormatter
instanceKlass org/hibernate/jpa/internal/util/LogHelper
instanceKlass org/hibernate/bytecode/spi/ClassTransformer
instanceKlass jakarta/persistence/spi/ClassTransformer
instanceKlass org/hibernate/jpa/boot/internal/PersistenceUnitInfoDescriptor
instanceKlass org/hibernate/internal/EntityManagerMessageLogger
instanceKlass org/hibernate/internal/CoreMessageLogger
instanceKlass org/hibernate/internal/HEMLogging
instanceKlass org/hibernate/proxy/EntityNotFoundDelegate
instanceKlass org/hibernate/boot/MetadataBuilder
instanceKlass org/hibernate/bytecode/enhance/spi/EnhancementContext
instanceKlass org/hibernate/boot/archive/scan/spi/ScanOptions
instanceKlass org/hibernate/boot/archive/scan/spi/ScanEnvironment
instanceKlass org/hibernate/boot/Metadata
instanceKlass org/hibernate/engine/spi/Mapping
instanceKlass org/hibernate/tool/schema/spi/DelayedDropRegistry
instanceKlass org/hibernate/service/ServiceRegistry
instanceKlass org/hibernate/jpa/boot/internal/EntityManagerFactoryBuilderImpl
instanceKlass org/hibernate/jpa/boot/spi/EntityManagerFactoryBuilder
instanceKlass org/springframework/orm/jpa/persistenceunit/DefaultPersistenceUnitManager$BeanValidationDelegate
instanceKlass org/springframework/orm/jpa/persistenceunit/PersistenceUnitReader
instanceKlass java/lang/instrument/ClassFileTransformer
instanceKlass org/springframework/instrument/classloading/InstrumentationLoadTimeWeaver
instanceKlass org/springframework/jdbc/datasource/lookup/SingleDataSourceLookup
instanceKlass org/springframework/orm/jpa/persistenceunit/MutablePersistenceUnitInfo
instanceKlass org/springframework/orm/jpa/persistenceunit/SmartPersistenceUnitInfo
instanceKlass org/springframework/instrument/classloading/LoadTimeWeaver
instanceKlass org/springframework/orm/jpa/persistenceunit/DefaultPersistenceUnitManager
instanceKlass org/springframework/jdbc/datasource/lookup/DataSourceLookup
instanceKlass org/springframework/boot/jdbc/metadata/AbstractDataSourcePoolMetadata
instanceKlass org/springframework/jdbc/datasource/DelegatingDataSource
instanceKlass org/springframework/boot/jdbc/DataSourceUnwrapper
instanceKlass org/hibernate/engine/transaction/jta/platform/internal/NoJtaPlatform
instanceKlass org/hibernate/engine/transaction/jta/platform/spi/JtaPlatform
instanceKlass org/hibernate/service/Service
instanceKlass org/hibernate/resource/beans/container/spi/ContainedBean
instanceKlass org/springframework/orm/hibernate5/SpringBeanContainer
instanceKlass org/hibernate/boot/model/naming/CamelCaseToUnderscoresNamingStrategy
instanceKlass org/hibernate/boot/model/naming/ImplicitNamingStrategyJpaCompliantImpl
instanceKlass org/hibernate/boot/archive/scan/internal/DisabledScanner
instanceKlass org/hibernate/boot/archive/scan/spi/Scanner
instanceKlass org/springframework/orm/jpa/persistenceunit/SimplePersistenceManagedTypes
instanceKlass org/springframework/orm/jpa/persistenceunit/PersistenceManagedTypesScanner$ScanResult
instanceKlass jakarta/persistence/Converter
instanceKlass jakarta/persistence/MappedSuperclass
instanceKlass jakarta/persistence/Embeddable
instanceKlass org/springframework/orm/jpa/persistenceunit/PersistenceManagedTypesScanner
instanceKlass org/springframework/boot/autoconfigure/domain/EntityScanPackages
instanceKlass org/springframework/boot/orm/jpa/EntityManagerFactoryBuilder$Builder
instanceKlass org/springframework/orm/jpa/persistenceunit/PersistenceUnitPostProcessor
instanceKlass jakarta/persistence/spi/PersistenceUnitInfo
instanceKlass org/hibernate/jpa/HibernatePersistenceProvider$1
instanceKlass org/hibernate/jpa/internal/util/PersistenceUtilHelper
instanceKlass org/hibernate/jpa/internal/util/PersistenceUtilHelper$MetadataCache
instanceKlass org/hibernate/jpa/boot/spi/PersistenceUnitDescriptor
instanceKlass jakarta/persistence/spi/ProviderUtil
instanceKlass org/hibernate/jpa/HibernatePersistenceProvider
instanceKlass org/springframework/jdbc/support/AbstractFallbackSQLExceptionTranslator
instanceKlass org/springframework/jdbc/datasource/ConnectionHandle
instanceKlass org/springframework/jdbc/support/SQLExceptionTranslator
instanceKlass org/springframework/orm/jpa/DefaultJpaDialect
instanceKlass org/springframework/orm/jpa/JpaDialect
instanceKlass jakarta/persistence/spi/PersistenceProvider
instanceKlass org/springframework/orm/jpa/persistenceunit/PersistenceUnitManager
instanceKlass org/hibernate/resource/beans/container/spi/BeanContainer
instanceKlass org/hibernate/service/spi/Stoppable
instanceKlass org/springframework/boot/jdbc/metadata/CompositeDataSourcePoolMetadataProvider
instanceKlass org/springframework/boot/autoconfigure/orm/jpa/HibernateDefaultDdlAutoProvider
instanceKlass org/springframework/boot/jdbc/SchemaManagementProvider
instanceKlass org/springframework/beans/factory/annotation/AnnotationBeanWiringInfoResolver
instanceKlass org/springframework/boot/sql/init/AbstractScriptDatabaseInitializer$ScriptLocationResolver
instanceKlass org/springframework/boot/sql/init/AbstractScriptDatabaseInitializer$Scripts
instanceKlass org/springframework/jdbc/datasource/init/ResourceDatabasePopulator
instanceKlass org/springframework/boot/sql/init/DatabaseInitializationSettings
instanceKlass org/springframework/boot/autoconfigure/sql/init/SettingsCreator
instanceKlass java/sql/ShardingKeyBuilder
instanceKlass java/sql/ConnectionBuilder
instanceKlass com/zaxxer/hikari/metrics/MetricsTrackerFactory
instanceKlass com/zaxxer/hikari/pool/PoolBase
instanceKlass com/zaxxer/hikari/util/ConcurrentBag$IBagStateListener
instanceKlass java/sql/DriverInfo
instanceKlass java/sql/DriverManager
instanceKlass java/util/concurrent/Executors$DelegatedExecutorService
instanceKlass com/mysql/cj/jdbc/AbandonedConnectionCleanupThread
instanceKlass com/mysql/cj/jdbc/JdbcPropertySet
instanceKlass com/mysql/cj/conf/PropertySet
instanceKlass java/sql/Connection
instanceKlass com/mysql/cj/jdbc/NonRegisteringDriver
instanceKlass java/sql/Driver
instanceKlass com/zaxxer/hikari/HikariPoolMXBean
instanceKlass org/springframework/boot/autoconfigure/jdbc/DataSourceConfiguration
instanceKlass org/springframework/boot/jdbc/EmbeddedDatabaseConnection$1
instanceKlass org/springframework/jdbc/core/ConnectionCallback
instanceKlass java/lang/SafeVarargs
instanceKlass org/springframework/data/repository/core/support/MethodLookup$MethodPredicate
instanceKlass org/springframework/data/repository/core/support/MethodLookup
instanceKlass org/springframework/data/repository/core/support/MethodLookup$InvokedMethod
instanceKlass org/apache/catalina/loader/WebappClassLoaderBase$CombinedEnumeration
instanceKlass org/springframework/data/querydsl/SimpleEntityPathResolver
instanceKlass org/springframework/data/repository/query/QueryMethod
instanceKlass org/springframework/security/core/userdetails/UserDetails
instanceKlass jakarta/servlet/FilterConfig
instanceKlass jakarta/servlet/FilterChain
instanceKlass org/springframework/security/core/Authentication
instanceKlass org/springframework/boot/web/servlet/ServletContextInitializerBeans$FilterRegistrationBeanAdapter
instanceKlass org/springframework/boot/web/servlet/ServletContextInitializerBeans$ServletRegistrationBeanAdapter
instanceKlass org/springframework/boot/actuate/endpoint/web/annotation/ServletEndpoint
instanceKlass org/springframework/boot/actuate/endpoint/annotation/EndpointDiscoverer$EndpointBean
instanceKlass org/springframework/boot/actuate/endpoint/annotation/EndpointDiscoverer$ExtensionBean
instanceKlass org/springframework/boot/actuate/endpoint/annotation/EndpointDiscoverer$OperationKey
instanceKlass org/springframework/boot/actuate/endpoint/annotation/DeleteOperation
instanceKlass org/springframework/boot/actuate/endpoint/annotation/WriteOperation
instanceKlass org/springframework/boot/actuate/endpoint/annotation/ReadOperation
instanceKlass org/springframework/boot/actuate/endpoint/invoke/OperationInvoker
instanceKlass org/springframework/boot/actuate/endpoint/invoke/reflect/OperationMethod
instanceKlass org/springframework/boot/actuate/endpoint/invoke/OperationParameter
instanceKlass org/springframework/boot/actuate/autoconfigure/endpoint/web/MappingWebEndpointPathMapper
instanceKlass org/aspectj/weaver/SourceContextImpl$1
instanceKlass org/aspectj/weaver/SourceContextImpl
instanceKlass org/aspectj/weaver/AbstractReferenceTypeDelegate
instanceKlass org/springframework/boot/actuate/endpoint/Operation
instanceKlass org/springframework/boot/actuate/endpoint/annotation/DiscoveredOperationsFactory
instanceKlass java/util/UUID$Holder
instanceKlass io/micrometer/common/ImmutableKeyValue
instanceKlass io/micrometer/common/KeyValue
instanceKlass io/micrometer/observation/docs/ObservationDocumentation
instanceKlass io/micrometer/common/docs/KeyName
instanceKlass org/springframework/http/server/observation/DefaultServerRequestObservationConvention
instanceKlass io/micrometer/observation/ObservationHandler$FirstMatchingCompositeObservationHandler
instanceKlass io/micrometer/observation/ObservationHandler$CompositeObservationHandler
instanceKlass io/micrometer/observation/Observation$Event
instanceKlass io/micrometer/core/instrument/Metrics$More
instanceKlass io/micrometer/core/instrument/Metrics
instanceKlass io/micrometer/core/instrument/config/MeterFilter$9
instanceKlass org/springframework/boot/actuate/autoconfigure/metrics/OnlyOnceLoggingDenyMeterFilter
instanceKlass org/springframework/boot/actuate/autoconfigure/metrics/ServiceLevelObjectiveBoundary
instanceKlass org/springframework/boot/actuate/autoconfigure/metrics/PropertiesMeterFilter$1
instanceKlass org/springframework/boot/actuate/autoconfigure/metrics/MetricsProperties$System$Diskspace
instanceKlass org/springframework/boot/actuate/autoconfigure/metrics/AutoTimeProperties
instanceKlass org/springframework/boot/actuate/autoconfigure/metrics/MetricsProperties$Data$Repository
instanceKlass org/springframework/boot/actuate/autoconfigure/metrics/MetricsProperties$Web$Server
instanceKlass org/springframework/boot/actuate/autoconfigure/metrics/MetricsProperties$Web$Client
instanceKlass io/micrometer/core/instrument/search/Search
instanceKlass io/micrometer/core/instrument/search/RequiredSearch
instanceKlass io/micrometer/core/instrument/HighCardinalityTagsDetector
instanceKlass io/micrometer/core/instrument/distribution/DistributionStatisticConfig
instanceKlass io/micrometer/core/instrument/internal/Mergeable
instanceKlass java/util/function/ToDoubleFunction
instanceKlass io/micrometer/core/instrument/Meter$Id
instanceKlass io/micrometer/core/instrument/Measurement
instanceKlass io/micrometer/core/instrument/Tag
instanceKlass io/micrometer/core/instrument/config/validate/Validated$Invalid
instanceKlass io/micrometer/core/instrument/config/validate/Validated$Either
instanceKlass io/micrometer/core/instrument/config/validate/Validated$Valid
instanceKlass io/micrometer/core/instrument/config/validate/Validated$None
instanceKlass io/micrometer/core/instrument/config/MeterRegistryConfigValidator
instanceKlass io/micrometer/core/instrument/config/NamingConvention$4
instanceKlass io/micrometer/core/instrument/config/NamingConvention$3
instanceKlass io/micrometer/core/instrument/config/NamingConvention$2
instanceKlass io/micrometer/core/instrument/config/NamingConvention$1
instanceKlass io/micrometer/core/instrument/config/NamingConvention
instanceKlass io/micrometer/core/instrument/distribution/pause/NoPauseDetector
instanceKlass io/micrometer/core/instrument/MeterRegistry$More
instanceKlass io/micrometer/core/instrument/MeterRegistry$Config
instanceKlass io/micrometer/core/instrument/DistributionSummary
instanceKlass io/micrometer/core/instrument/Timer
instanceKlass io/micrometer/core/instrument/Counter
instanceKlass io/micrometer/core/instrument/LongTaskTimer
instanceKlass io/micrometer/core/instrument/distribution/HistogramSupport
instanceKlass io/micrometer/core/instrument/FunctionCounter
instanceKlass io/micrometer/core/instrument/FunctionTimer
instanceKlass io/micrometer/core/instrument/TimeGauge
instanceKlass io/micrometer/core/instrument/Gauge
instanceKlass io/micrometer/core/instrument/Meter
instanceKlass io/micrometer/core/instrument/distribution/pause/PauseDetector
instanceKlass io/micrometer/core/instrument/Clock$1
instanceKlass io/micrometer/core/instrument/config/validate/Validated
instanceKlass org/springframework/boot/actuate/autoconfigure/metrics/export/properties/PropertiesConfigAdapter
instanceKlass io/micrometer/common/KeyValues
instanceKlass org/springframework/boot/actuate/autoconfigure/observation/ObservationProperties$Http$Server$ServerRequests
instanceKlass org/springframework/boot/actuate/autoconfigure/observation/ObservationProperties$Http$Server
instanceKlass org/springframework/boot/actuate/autoconfigure/observation/ObservationProperties$Http$Client$ClientRequests
instanceKlass org/springframework/boot/actuate/autoconfigure/observation/ObservationProperties$Http$Client
instanceKlass io/micrometer/observation/SimpleObservationRegistry
instanceKlass io/micrometer/observation/ObservationRegistry$ObservationConfig
instanceKlass io/micrometer/observation/NoopObservationRegistry
instanceKlass org/springframework/boot/web/servlet/ServletContextInitializerBeans$RegistrationBeanAdapter
instanceKlass org/springframework/web/context/support/ServletContextScope
instanceKlass org/apache/tomcat/InstanceManagerBindings
instanceKlass org/apache/catalina/core/DefaultInstanceManager$AnnotationCacheEntry
instanceKlass org/apache/catalina/core/DefaultInstanceManager
instanceKlass org/apache/catalina/Session
instanceKlass org/apache/tomcat/util/buf/UriUtil
instanceKlass java/security/CodeSigner
instanceKlass java/util/jar/JarVerifier
instanceKlass org/apache/catalina/webresources/StandardRoot$1
instanceKlass org/apache/catalina/webresources/StandardRoot$BaseLocation
instanceKlass java/util/Collections$2
instanceKlass sun/management/RuntimeImpl
instanceKlass java/util/stream/ReduceOps$2ReducingSink
instanceKlass jdk/management/jfr/internal/FlightRecorderMXBeanProvider$SingleMBeanComponent
instanceKlass jdk/management/jfr/FlightRecorderMXBean
instanceKlass java/lang/management/DefaultPlatformMBeanProvider$11
instanceKlass java/lang/management/DefaultPlatformMBeanProvider$10
instanceKlass java/lang/management/DefaultPlatformMBeanProvider$9
instanceKlass sun/management/ManagementFactoryHelper$LoggingMXBeanAccess$1
instanceKlass sun/management/ManagementFactoryHelper$LoggingMXBeanAccess
instanceKlass java/lang/management/DefaultPlatformMBeanProvider$8
instanceKlass java/lang/management/DefaultPlatformMBeanProvider$7
instanceKlass java/lang/management/DefaultPlatformMBeanProvider$6
instanceKlass java/lang/management/DefaultPlatformMBeanProvider$5
instanceKlass java/lang/management/DefaultPlatformMBeanProvider$4
instanceKlass java/lang/management/DefaultPlatformMBeanProvider$3
instanceKlass java/lang/management/DefaultPlatformMBeanProvider$2
instanceKlass java/lang/management/DefaultPlatformMBeanProvider$1
instanceKlass com/sun/management/internal/PlatformMBeanProviderImpl$5
instanceKlass sun/management/VMManagementImpl
instanceKlass sun/management/VMManagement
instanceKlass sun/management/ManagementFactoryHelper
instanceKlass sun/management/NotificationEmitterSupport
instanceKlass com/sun/management/DiagnosticCommandMBean
instanceKlass com/sun/management/internal/PlatformMBeanProviderImpl$4
instanceKlass com/sun/management/internal/PlatformMBeanProviderImpl$3
instanceKlass com/sun/management/internal/PlatformMBeanProviderImpl$2
instanceKlass com/sun/management/internal/PlatformMBeanProviderImpl$1
instanceKlass sun/management/spi/PlatformMBeanProvider$PlatformComponent
instanceKlass sun/management/spi/PlatformMBeanProvider
instanceKlass java/lang/management/ManagementFactory$PlatformMBeanFinder$1
instanceKlass java/lang/management/ManagementFactory$PlatformMBeanFinder
instanceKlass java/lang/management/RuntimeMXBean
instanceKlass java/lang/management/PlatformManagedObject
instanceKlass java/lang/management/ManagementFactory
instanceKlass org/apache/tomcat/util/descriptor/web/FilterDef
instanceKlass org/apache/catalina/startup/WebAnnotationSet
instanceKlass org/apache/catalina/webresources/EmptyResource
instanceKlass org/apache/tomcat/util/compat/JrePlatform
instanceKlass org/apache/catalina/webresources/CachedResource
instanceKlass org/apache/catalina/security/SecurityUtil
instanceKlass org/apache/tomcat/util/http/RequestUtil
instanceKlass org/apache/catalina/webresources/TomcatURLStreamHandlerFactory
instanceKlass java/util/concurrent/atomic/Striped64$1
instanceKlass org/apache/catalina/WebResource
instanceKlass org/apache/catalina/webresources/Cache
instanceKlass org/apache/catalina/core/ApplicationSessionCookieConfig
instanceKlass org/apache/catalina/core/ApplicationContextFacade
instanceKlass jakarta/servlet/RequestDispatcher
instanceKlass jakarta/servlet/FilterRegistration$Dynamic
instanceKlass jakarta/servlet/FilterRegistration
instanceKlass jakarta/servlet/SessionCookieConfig
instanceKlass org/apache/catalina/core/ApplicationContext
instanceKlass org/apache/catalina/util/ContextName
instanceKlass org/apache/catalina/core/ContainerBase$StartChild
instanceKlass org/apache/catalina/realm/X509SubjectDnRetriever
instanceKlass java/util/logging/LogRecord
instanceKlass org/apache/tomcat/util/threads/ScheduledThreadPoolExecutor
instanceKlass java/util/concurrent/RunnableScheduledFuture
instanceKlass java/util/concurrent/ScheduledFuture
instanceKlass java/util/concurrent/Delayed
instanceKlass org/apache/tomcat/util/threads/TaskThreadFactory
instanceKlass org/apache/catalina/util/ServerInfo
instanceKlass org/apache/catalina/connector/CoyoteAdapter
instanceKlass org/apache/catalina/Executor
instanceKlass org/apache/catalina/mbeans/MBeanUtils
instanceKlass org/apache/catalina/mbeans/MBeanFactory
instanceKlass org/apache/tomcat/util/buf/StringCache
instanceKlass com/sun/jmx/mbeanserver/Util
instanceKlass javax/management/ObjectName$Property
instanceKlass com/sun/jmx/mbeanserver/GetPropertyAction
instanceKlass org/springframework/boot/web/embedded/tomcat/DisableReferenceClearingContextCustomizer
instanceKlass org/springframework/boot/web/embedded/tomcat/TomcatServletWebServerFactory$DisablePersistSessionListener
instanceKlass org/apache/tomcat/util/buf/UDecoder
instanceKlass org/springframework/boot/web/embedded/tomcat/TomcatStarter
instanceKlass org/apache/catalina/core/StandardHost$MemoryLeakTrackingListener
instanceKlass org/springframework/boot/web/servlet/server/AbstractServletWebServerFactory$SessionConfiguringInitializer
instanceKlass org/apache/catalina/WebResourceSet
instanceKlass org/springframework/boot/web/embedded/tomcat/TomcatServletWebServerFactory$StaticResourceConfigurer
instanceKlass org/apache/tomcat/util/scan/StandardJarScanner
instanceKlass org/apache/tomcat/util/scan/StandardJarScanFilter
instanceKlass org/apache/catalina/util/CharsetMapper
instanceKlass org/apache/catalina/startup/Tomcat$FixContextListener
instanceKlass org/apache/catalina/util/URLEncoder
instanceKlass com/sun/jmx/remote/util/ClassLogger
instanceKlass javax/management/NotificationBroadcasterSupport$1
instanceKlass javax/management/NotificationBroadcasterSupport
instanceKlass org/apache/catalina/core/StandardContext$ContextFilterMaps
instanceKlass org/apache/catalina/util/ErrorPageSupport
instanceKlass org/apache/tomcat/util/descriptor/web/XmlEncodingBase
instanceKlass org/apache/tomcat/util/descriptor/web/ApplicationParameter
instanceKlass org/apache/catalina/core/StandardContext$1
instanceKlass org/apache/tomcat/InstanceManager
instanceKlass org/apache/tomcat/JarScanner
instanceKlass org/apache/catalina/ThreadBindingListener
instanceKlass org/apache/catalina/Globals
instanceKlass org/apache/catalina/realm/RealmBase$AllRolesMode
instanceKlass org/apache/catalina/realm/DigestCredentialHandlerBase
instanceKlass org/apache/catalina/realm/X509UsernameRetriever
instanceKlass org/apache/catalina/CredentialHandler
instanceKlass org/apache/catalina/AccessLog
instanceKlass org/apache/catalina/Pipeline
instanceKlass org/apache/tomcat/util/threads/LimitLatch
instanceKlass org/springframework/boot/web/embedded/tomcat/CompressionConnectorCustomizer
instanceKlass org/apache/tomcat/util/net/SSLHostConfigCertificate
instanceKlass org/springframework/boot/web/server/Ssl$1
instanceKlass javax/net/ssl/TrustManagerFactory$1
instanceKlass javax/net/ssl/TrustManagerFactory
instanceKlass javax/net/ssl/KeyManagerFactory$1
instanceKlass javax/net/ssl/KeyManagerFactory
instanceKlass org/springframework/boot/ssl/DefaultSslManagerBundle
instanceKlass org/springframework/boot/ssl/SslManagerBundle
instanceKlass org/springframework/boot/ssl/SslOptions$1
instanceKlass org/springframework/boot/ssl/SslOptions
instanceKlass org/springframework/boot/ssl/SslBundleKey$1
instanceKlass org/springframework/boot/ssl/SslBundleKey
instanceKlass jdk/internal/logger/LoggerFinderLoader
instanceKlass jdk/internal/logger/LazyLoggers$LazyLoggerFactories
instanceKlass jdk/internal/logger/LazyLoggers$1
instanceKlass jdk/internal/logger/LazyLoggers
instanceKlass jdk/internal/misc/ThreadTracker
instanceKlass jdk/internal/event/EventHelper$ThreadTrackHolder
instanceKlass jdk/internal/event/EventHelper
instanceKlass sun/security/jca/JCAUtil
instanceKlass sun/security/util/MemoryCache$CacheEntry
instanceKlass sun/security/x509/X509AttributeName
instanceKlass sun/security/x509/KeyIdentifier
instanceKlass sun/security/x509/OIDMap$OIDInfo
instanceKlass sun/security/x509/PKIXExtensions
instanceKlass sun/security/x509/OIDMap
instanceKlass sun/security/x509/Extension
instanceKlass java/security/cert/Extension
instanceKlass sun/security/x509/CertificateExtensions
instanceKlass sun/security/rsa/RSAUtil
instanceKlass java/security/spec/EncodedKeySpec$1
instanceKlass jdk/internal/access/JavaSecuritySpecAccess
instanceKlass sun/security/util/BitArray
instanceKlass sun/security/x509/X509Key
instanceKlass sun/security/x509/CertificateX509Key
instanceKlass sun/security/x509/CertificateValidity
instanceKlass sun/security/x509/AVA
instanceKlass sun/security/x509/RDN
instanceKlass javax/security/auth/x500/X500Principal
instanceKlass sun/security/x509/X500Name$1
instanceKlass sun/security/x509/X500Name
instanceKlass sun/security/x509/GeneralNameInterface
instanceKlass sun/security/x509/CertificateAlgorithmId
instanceKlass sun/security/x509/SerialNumber
instanceKlass sun/security/x509/CertificateSerialNumber
instanceKlass sun/security/x509/CertificateVersion
instanceKlass sun/security/x509/X509CertInfo
instanceKlass sun/security/x509/CertAttrSet
instanceKlass sun/security/util/DerInputStream
instanceKlass sun/security/util/DerValue
instanceKlass java/security/cert/X509Extension
instanceKlass sun/security/util/Cache$EqualByteArray
instanceKlass sun/security/util/IOUtils
instanceKlass sun/security/provider/JavaKeyStore$KeyEntry
instanceKlass java/security/KeyStoreSpi
instanceKlass java/security/KeyStore
instanceKlass org/springframework/boot/ssl/jks/JksSslStoreBundle
instanceKlass org/springframework/boot/web/server/WebServerSslBundle
instanceKlass org/springframework/boot/web/embedded/tomcat/SslConnectorCustomizer
instanceKlass org/apache/tomcat/util/net/SocketWrapperBase
instanceKlass org/apache/tomcat/util/net/SSLImplementation
instanceKlass org/apache/tomcat/util/buf/CharsetUtil
instanceKlass org/apache/tomcat/util/buf/CharsetCache
instanceKlass org/apache/tomcat/util/buf/B2CConverter
instanceKlass org/apache/tomcat/util/net/SSLHostConfig
instanceKlass org/apache/coyote/Response
instanceKlass org/apache/coyote/Request
instanceKlass javax/management/ObjectName
instanceKlass javax/management/QueryExp
instanceKlass org/apache/tomcat/util/XReflectionIntrospectionUtils
instanceKlass org/apache/tomcat/util/IntrospectionUtils
instanceKlass org/apache/catalina/ContainerListener
instanceKlass org/apache/catalina/mapper/Mapper$MapElement
instanceKlass org/apache/catalina/mapper/Mapper
instanceKlass org/apache/tomcat/util/file/ConfigFileLoader
instanceKlass org/apache/tomcat/util/file/ConfigurationSource$1
instanceKlass org/apache/catalina/startup/CatalinaBaseConfigurationSource
instanceKlass org/apache/tomcat/util/descriptor/web/ResourceBase
instanceKlass org/apache/tomcat/util/descriptor/web/Injectable
instanceKlass org/apache/tomcat/util/descriptor/web/NamingResources
instanceKlass java/beans/PropertyChangeListener
instanceKlass java/beans/ChangeListenerMap
instanceKlass java/beans/PropertyChangeSupport
instanceKlass org/apache/coyote/CompressionConfig
instanceKlass org/apache/tomcat/util/collections/SynchronizedStack
instanceKlass javax/management/NotificationFilter
instanceKlass org/apache/tomcat/util/modeler/BaseModelMBean
instanceKlass javax/management/modelmbean/ModelMBeanNotificationBroadcaster
instanceKlass org/apache/coyote/AbstractProtocol$ConnectionHandler
instanceKlass org/apache/tomcat/util/net/SocketProperties
instanceKlass org/apache/tomcat/util/net/NioChannel
instanceKlass org/apache/tomcat/util/net/SocketProcessorBase
instanceKlass org/apache/tomcat/util/net/AbstractEndpoint
instanceKlass org/apache/coyote/Adapter
instanceKlass java/io/DeleteOnExitHook$1
instanceKlass java/io/DeleteOnExitHook
instanceKlass sun/nio/fs/WindowsPath$1
instanceKlass sun/security/provider/AbstractDrbg$NonceProvider
instanceKlass java/net/NetworkInterface$1
instanceKlass java/net/DefaultInterface
instanceKlass java/net/Inet6Address$Inet6AddressHolder
instanceKlass java/net/InterfaceAddress
instanceKlass java/net/NetworkInterface
instanceKlass java/lang/constant/DynamicConstantDesc
instanceKlass java/lang/constant/DirectMethodHandleDesc$1
instanceKlass java/lang/constant/DirectMethodHandleDescImpl$1
instanceKlass java/lang/constant/DirectMethodHandleDescImpl
instanceKlass java/lang/constant/DirectMethodHandleDesc
instanceKlass java/lang/constant/MethodHandleDesc$1
instanceKlass java/lang/constant/MethodHandleDesc
instanceKlass java/lang/constant/MethodTypeDescImpl
instanceKlass java/lang/constant/MethodTypeDesc
instanceKlass java/lang/constant/ReferenceClassDescImpl
instanceKlass java/lang/constant/ConstantUtils
instanceKlass java/lang/constant/ClassDesc
instanceKlass java/lang/constant/ConstantDescs
instanceKlass java/lang/invoke/VarHandle$2
instanceKlass java/lang/invoke/VarHandle$TypesAndInvokers
instanceKlass java/lang/invoke/VarHandleByteArrayBase
instanceKlass sun/security/provider/ByteArrayAccess$BE
instanceKlass sun/security/provider/ByteArrayAccess
instanceKlass sun/security/provider/SeedGenerator$1
instanceKlass sun/security/util/MessageDigestSpi2
instanceKlass java/security/MessageDigestSpi
instanceKlass sun/security/provider/SeedGenerator
instanceKlass sun/security/provider/AbstractDrbg$SeederHolder
instanceKlass java/security/DrbgParameters$NextBytes
instanceKlass sun/security/provider/EntropySource
instanceKlass sun/security/provider/AbstractDrbg
instanceKlass java/security/DrbgParameters$Instantiation
instanceKlass java/security/DrbgParameters
instanceKlass sun/security/provider/MoreDrbgParameters
instanceKlass java/security/SecureRandomSpi
instanceKlass java/security/SecureRandomParameters
instanceKlass java/nio/file/TempFileHelper
instanceKlass org/apache/tomcat/util/ExceptionUtils
instanceKlass java/net/Socket
instanceKlass java/net/SocketOption
instanceKlass java/net/ServerSocket
instanceKlass java/net/ProtocolFamily
instanceKlass java/nio/channels/NetworkChannel
instanceKlass java/net/SocketAddress
instanceKlass org/apache/tomcat/util/compat/JreCompat
instanceKlass org/apache/catalina/Realm
instanceKlass org/apache/catalina/Wrapper
instanceKlass org/apache/catalina/Service
instanceKlass org/apache/tomcat/util/file/ConfigurationSource
instanceKlass org/apache/catalina/Server
instanceKlass javax/management/MBeanFeatureInfo
instanceKlass javax/management/DescriptorRead
instanceKlass org/apache/tomcat/util/modeler/FeatureInfo
instanceKlass javax/management/DynamicMBean
instanceKlass org/apache/tomcat/util/modeler/NoDescriptorRegistry$NoJmxMBeanServer
instanceKlass org/apache/tomcat/util/modeler/ManagedBean
instanceKlass javax/management/MBeanServer
instanceKlass javax/management/MBeanServerConnection
instanceKlass org/apache/tomcat/util/modeler/Registry
instanceKlass org/apache/tomcat/util/modeler/RegistryMBean
instanceKlass jakarta/servlet/ServletRegistration$Dynamic
instanceKlass org/springframework/boot/web/servlet/MultipartConfigFactory
instanceKlass org/springframework/boot/context/properties/source/UnboundElementsSourceFilter
instanceKlass jakarta/servlet/Registration$Dynamic
instanceKlass org/springframework/web/context/request/async/WebAsyncManager
instanceKlass org/springframework/web/context/request/AbstractRequestAttributes
instanceKlass org/springframework/web/servlet/ModelAndView
instanceKlass org/springframework/web/servlet/HandlerExecutionChain
instanceKlass org/springframework/web/context/request/async/CallableProcessingInterceptor
instanceKlass jakarta/servlet/AsyncListener
instanceKlass org/apache/coyote/Processor
instanceKlass org/apache/tomcat/util/net/AbstractEndpoint$Handler
instanceKlass org/springframework/boot/context/properties/PropertyMapper$NullPointerExceptionSafeSupplier
instanceKlass org/springframework/boot/context/properties/PropertyMapper$Source
instanceKlass org/springframework/boot/context/properties/PropertyMapper$SourceOperator
instanceKlass org/springframework/boot/context/properties/PropertyMapper
instanceKlass org/springframework/boot/util/LambdaSafe$InvocationResult
instanceKlass org/springframework/boot/util/LambdaSafe$GenericTypeFilter
instanceKlass org/springframework/boot/util/LambdaSafe$Filter
instanceKlass org/springframework/boot/util/LambdaSafe$LambdaSafeCallback
instanceKlass org/springframework/boot/util/LambdaSafe
instanceKlass java/util/function/ObjIntConsumer
instanceKlass org/springframework/boot/ssl/DefaultSslBundleRegistry$RegisteredSslBundle
instanceKlass org/springframework/boot/ssl/SslStoreBundle
instanceKlass org/springframework/boot/autoconfigure/ssl/PropertiesSslBundle
instanceKlass org/springframework/boot/autoconfigure/ssl/SslBundleProperties
instanceKlass org/springframework/boot/autoconfigure/ssl/SslProperties$Bundles$Watch$File
instanceKlass org/springframework/boot/autoconfigure/ssl/SslProperties$Bundles$Watch
instanceKlass java/net/InetAddress$PlatformNameService
instanceKlass java/net/InetAddress$NameService
instanceKlass java/net/Inet6AddressImpl
instanceKlass java/net/InetAddressImpl
instanceKlass java/net/InetAddressImplFactory
instanceKlass java/util/concurrent/ConcurrentSkipListMap$Node
instanceKlass java/util/concurrent/ConcurrentSkipListMap$Index
instanceKlass java/util/concurrent/ConcurrentNavigableMap
instanceKlass java/net/InetAddress$InetAddressHolder
instanceKlass java/net/InetAddress$1
instanceKlass jdk/internal/access/JavaNetInetAddressAccess
instanceKlass org/springframework/context/i18n/LocaleContext
instanceKlass org/springframework/context/i18n/LocaleContextHolder
instanceKlass org/springframework/beans/factory/annotation/BeanFactoryAnnotationUtils
instanceKlass org/springframework/boot/context/properties/ConversionServiceDeducer$ConverterBeans
instanceKlass org/springframework/boot/context/properties/ConversionServiceDeducer
instanceKlass org/springframework/beans/factory/support/DefaultListableBeanFactory$1
instanceKlass org/springframework/boot/context/properties/ConfigurationPropertiesBindHandlerAdvisor
instanceKlass org/springframework/boot/context/properties/bind/Nested
instanceKlass org/springframework/boot/context/properties/NestedConfigurationProperty
instanceKlass org/springframework/boot/autoconfigure/web/ServerProperties$Undertow$Options
instanceKlass org/springframework/boot/autoconfigure/web/ServerProperties$Undertow$Threads
instanceKlass org/springframework/boot/autoconfigure/web/ServerProperties$Undertow$Accesslog
instanceKlass org/springframework/boot/autoconfigure/web/ServerProperties$Jetty$Threads
instanceKlass org/springframework/boot/autoconfigure/web/ServerProperties$Jetty$Accesslog
instanceKlass org/springframework/boot/autoconfigure/web/ServerProperties$Tomcat$Remoteip
instanceKlass org/springframework/boot/autoconfigure/web/ServerProperties$Tomcat$Mbeanregistry
instanceKlass org/springframework/boot/autoconfigure/web/ServerProperties$Tomcat$Resource
instanceKlass org/springframework/boot/autoconfigure/web/ServerProperties$Tomcat$Threads
instanceKlass org/springframework/boot/autoconfigure/web/ServerProperties$Tomcat$Accesslog
instanceKlass org/springframework/boot/autoconfigure/web/ServerProperties$Reactive$Session
instanceKlass org/springframework/boot/web/servlet/server/Encoding
instanceKlass org/springframework/boot/autoconfigure/web/ErrorProperties$Whitelabel
instanceKlass org/springframework/boot/web/servlet/WebListenerRegistrar
instanceKlass org/springframework/boot/ssl/SslBundle
instanceKlass org/springframework/boot/web/servlet/server/CookieSameSiteSupplier
instanceKlass org/springframework/boot/web/server/ErrorPage
instanceKlass org/springframework/boot/web/server/SslStoreProvider
instanceKlass org/apache/coyote/AbstractProtocol
instanceKlass org/apache/coyote/ProtocolHandler
instanceKlass javax/management/NotificationEmitter
instanceKlass javax/management/NotificationBroadcaster
instanceKlass org/apache/catalina/Engine
instanceKlass org/springframework/boot/web/embedded/tomcat/TomcatWebServer
instanceKlass org/apache/catalina/Host
instanceKlass org/springframework/boot/web/embedded/tomcat/TldPatterns
instanceKlass org/apache/tomcat/jni/Library
instanceKlass org/apache/catalina/core/AprStatus
instanceKlass org/apache/catalina/core/AprLifecycleListener
instanceKlass org/springframework/boot/web/servlet/server/StaticResourceJars
instanceKlass org/springframework/boot/web/servlet/server/DocumentRoot
instanceKlass org/springframework/boot/web/servlet/server/Jsp
instanceKlass org/springframework/boot/web/server/MimeMappings$Mapping
instanceKlass org/springframework/boot/web/server/MimeMappings
instanceKlass org/springframework/boot/web/servlet/server/SessionStoreDirectory
instanceKlass org/springframework/boot/web/server/Cookie
instanceKlass org/springframework/boot/web/servlet/server/Session
instanceKlass org/apache/tomcat/JarScanFilter
instanceKlass org/springframework/boot/web/server/WebServer
instanceKlass org/apache/catalina/Context
instanceKlass org/apache/tomcat/ContextBind
instanceKlass org/apache/catalina/Loader
instanceKlass org/apache/tomcat/util/security/PermissionCheck
instanceKlass org/apache/juli/WebappProperties
instanceKlass org/apache/tomcat/InstrumentableClassLoader
instanceKlass org/apache/catalina/LifecycleListener
instanceKlass org/apache/catalina/WebResourceRoot
instanceKlass org/springframework/boot/web/embedded/tomcat/TomcatProtocolHandlerCustomizer
instanceKlass org/springframework/boot/web/embedded/tomcat/TomcatContextCustomizer
instanceKlass org/springframework/boot/web/embedded/tomcat/TomcatConnectorCustomizer
instanceKlass org/springframework/ui/context/Theme
instanceKlass org/springframework/ui/context/support/ResourceBundleThemeSource
instanceKlass org/springframework/ui/context/HierarchicalThemeSource
instanceKlass org/springframework/ui/context/support/UiApplicationContextUtils
instanceKlass org/springframework/context/support/MessageSourceSupport
instanceKlass org/springframework/context/HierarchicalMessageSource
instanceKlass org/springframework/data/projection/MethodInterceptorFactory
instanceKlass org/springframework/data/projection/DefaultMethodInvokingMethodInterceptor
instanceKlass org/springframework/data/util/NullableWrapper
instanceKlass org/springframework/data/util/NullableWrapperConverters$WrapperType
instanceKlass org/springframework/data/util/NullableWrapperConverters$AbstractWrapperTypeConverter
instanceKlass org/springframework/data/util/NullableWrapperConverters
instanceKlass org/springframework/data/convert/Jsr310Converters
instanceKlass org/springframework/data/projection/ProjectionInformation
instanceKlass org/springframework/data/projection/ProxyProjectionFactory
instanceKlass org/springframework/data/projection/ProjectionFactory
instanceKlass org/springframework/web/ErrorResponse
instanceKlass org/springframework/web/method/annotation/ModelAttributeMethodProcessor
instanceKlass org/springframework/web/method/support/HandlerMethodReturnValueHandler
instanceKlass org/springframework/boot/actuate/autoconfigure/observation/ObservationRegistryConfigurer
instanceKlass io/micrometer/observation/GlobalObservationConvention
instanceKlass org/springframework/boot/actuate/autoconfigure/observation/ObservationRegistryCustomizer
instanceKlass org/springframework/boot/actuate/autoconfigure/metrics/data/MetricsRepositoryMethodInvocationListenerBeanPostProcessor$MetricsRepositoryFactoryCustomizer
instanceKlass org/springframework/boot/actuate/autoconfigure/metrics/MeterRegistryCustomizer
instanceKlass org/springframework/core/MethodClassKey
instanceKlass org/springframework/transaction/interceptor/TransactionalProxy
instanceKlass org/springframework/boot/actuate/health/HealthEndpointGroupsPostProcessor
instanceKlass org/springframework/transaction/interceptor/TransactionAttributeSourcePointcut$TransactionAttributeSourceClassFilter
instanceKlass org/springframework/aop/TrueClassFilter
instanceKlass org/springframework/aop/support/StaticMethodMatcher
instanceKlass org/springframework/transaction/interceptor/TransactionAspectSupport$ReactiveTransactionSupport
instanceKlass org/springframework/transaction/interceptor/TransactionAspectSupport$CoroutinesInvocationCallback
instanceKlass org/springframework/transaction/TransactionStatus
instanceKlass org/springframework/transaction/SavepointManager
instanceKlass org/springframework/transaction/TransactionExecution
instanceKlass org/springframework/transaction/interceptor/TransactionAspectSupport$ThrowableHolder
instanceKlass org/springframework/transaction/interceptor/TransactionAspectSupport$TransactionInfo
instanceKlass org/springframework/core/ReactiveAdapterRegistry
instanceKlass java/io/ObjectOutput
instanceKlass java/io/ObjectStreamConstants
instanceKlass java/io/ObjectInput
instanceKlass org/aopalliance/intercept/MethodInvocation
instanceKlass org/aopalliance/intercept/Invocation
instanceKlass org/aopalliance/intercept/Joinpoint
instanceKlass org/springframework/transaction/interceptor/TransactionAspectSupport$InvocationCallback
instanceKlass org/springframework/transaction/annotation/JtaTransactionAnnotationParser
instanceKlass org/springframework/transaction/annotation/SpringTransactionAnnotationParser
instanceKlass org/springframework/transaction/annotation/TransactionAnnotationParser
instanceKlass jakarta/transaction/Transactional
instanceKlass org/springframework/transaction/interceptor/TransactionAttribute
instanceKlass org/springframework/transaction/interceptor/AbstractFallbackTransactionAttributeSource
instanceKlass io/micrometer/core/annotation/TimedSet
instanceKlass org/aspectj/weaver/JoinPointSignature
instanceKlass org/aspectj/weaver/JoinPointSignatureIterator
instanceKlass org/aspectj/weaver/patterns/AbstractPatternNodeVisitor
instanceKlass org/aspectj/weaver/patterns/TypePattern$MatchKind
instanceKlass org/aspectj/weaver/patterns/IVerificationRequired
instanceKlass java/util/AbstractMap$SimpleEntry
instanceKlass jdk/internal/jimage/ImageBufferCache$2
instanceKlass jdk/internal/jimage/ImageBufferCache
instanceKlass org/aspectj/apache/bcel/classfile/InnerClass
instanceKlass org/aspectj/apache/bcel/classfile/LocalVariable
instanceKlass org/aspectj/apache/bcel/classfile/CodeException
instanceKlass org/aspectj/weaver/TypeVariable
instanceKlass org/aspectj/weaver/tools/JoinPointMatch
instanceKlass org/aspectj/weaver/reflect/ShadowMatchImpl
instanceKlass org/aspectj/weaver/patterns/ExposedState
instanceKlass org/aspectj/apache/bcel/classfile/annotation/NameValuePair
instanceKlass org/aspectj/apache/bcel/classfile/Utility
instanceKlass org/aspectj/apache/bcel/classfile/annotation/ElementValue
instanceKlass org/aspectj/apache/bcel/ExceptionConstants
instanceKlass org/aspectj/apache/bcel/ConstantsInitializer
instanceKlass org/aspectj/apache/bcel/generic/Type
instanceKlass org/aspectj/apache/bcel/Constants
instanceKlass org/aspectj/apache/bcel/classfile/Attribute
instanceKlass org/aspectj/apache/bcel/classfile/AttributeUtils
instanceKlass org/aspectj/apache/bcel/classfile/annotation/AnnotationGen
instanceKlass org/aspectj/apache/bcel/classfile/Modifiers
instanceKlass org/aspectj/apache/bcel/classfile/SimpleConstant
instanceKlass org/aspectj/apache/bcel/classfile/Constant
instanceKlass org/aspectj/apache/bcel/classfile/ConstantPool
instanceKlass org/aspectj/apache/bcel/classfile/Node
instanceKlass org/aspectj/apache/bcel/classfile/ClassParser
instanceKlass org/aspectj/weaver/reflect/Java15GenericSignatureInformationProvider
instanceKlass org/aspectj/weaver/reflect/Java14GenericSignatureInformationProvider
instanceKlass org/aspectj/weaver/MemberImpl
instanceKlass org/aspectj/weaver/Shadow
instanceKlass org/aspectj/weaver/tools/DefaultMatchingContext
instanceKlass org/aspectj/weaver/patterns/FastMatchInfo
instanceKlass org/aspectj/weaver/tools/MatchingContext
instanceKlass org/aspectj/weaver/internal/tools/PointcutExpressionImpl
instanceKlass org/aspectj/weaver/IntMap
instanceKlass org/aspectj/weaver/patterns/Bindings
instanceKlass org/aspectj/weaver/patterns/SimpleScope
instanceKlass org/aspectj/bridge/ISourceLocation
instanceKlass org/aspectj/weaver/tools/PointcutParser$1
instanceKlass org/aspectj/weaver/reflect/JavaLangTypeToResolvedTypeConverter
instanceKlass org/aspectj/weaver/reflect/ReflectionBasedReferenceTypeDelegate
instanceKlass org/aspectj/weaver/reflect/GenericSignatureInformationProvider
instanceKlass org/aspectj/weaver/reflect/ReflectionBasedReferenceTypeDelegateFactory
instanceKlass org/aspectj/weaver/patterns/FormalBinding
instanceKlass org/aspectj/weaver/ast/ASTNode
instanceKlass org/aspectj/weaver/patterns/PatternNodeVisitor
instanceKlass org/aspectj/weaver/patterns/BindingPattern
instanceKlass org/aspectj/weaver/patterns/BasicToken
instanceKlass org/aspectj/weaver/patterns/BasicTokenSource
instanceKlass org/aspectj/weaver/patterns/ITokenSource
instanceKlass org/aspectj/weaver/patterns/IToken
instanceKlass org/aspectj/weaver/patterns/ISignaturePattern
instanceKlass org/aspectj/weaver/patterns/PatternNode
instanceKlass org/aspectj/weaver/IHasSourceLocation
instanceKlass org/aspectj/weaver/patterns/PatternParser
instanceKlass org/aspectj/weaver/reflect/PointcutParameterImpl
instanceKlass org/aspectj/weaver/tools/ContextBasedMatcher
instanceKlass org/springframework/aop/aspectj/AspectJExpressionPointcut$BeanPointcutDesignatorHandler
instanceKlass org/aspectj/apache/bcel/util/ClassLoaderRepository
instanceKlass org/aspectj/weaver/AnnotationAJ
instanceKlass org/aspectj/apache/bcel/util/ClassLoaderReference
instanceKlass org/aspectj/apache/bcel/util/Repository
instanceKlass org/aspectj/weaver/reflect/Java15AnnotationFinder
instanceKlass org/aspectj/weaver/reflect/ArgNameFinder
instanceKlass org/aspectj/weaver/reflect/AnnotationFinder
instanceKlass org/aspectj/weaver/reflect/ReflectionWorld$ExceptionBasedMessageHandler
instanceKlass org/aspectj/weaver/World$AspectPrecedenceCalculator
instanceKlass org/aspectj/util/FuzzyBoolean
instanceKlass org/aspectj/weaver/ResolvedType$FieldGetter
instanceKlass org/aspectj/weaver/ResolvedType$PointcutGetter
instanceKlass org/aspectj/weaver/ResolvedType$MethodGetterIncludingItds
instanceKlass org/aspectj/weaver/ResolvedType$MethodGetter
instanceKlass org/aspectj/weaver/UnresolvedType$TypeKind
instanceKlass org/aspectj/weaver/TypeFactory
instanceKlass org/aspectj/weaver/ResolvedMember
instanceKlass org/aspectj/weaver/Member
instanceKlass org/aspectj/weaver/Iterators$Getter
instanceKlass org/aspectj/weaver/TypeVariableReference
instanceKlass org/aspectj/bridge/IMessage$Kind$1
instanceKlass org/aspectj/bridge/IMessage$Kind
instanceKlass org/aspectj/weaver/Lint$Kind
instanceKlass org/aspectj/weaver/Lint
instanceKlass org/aspectj/weaver/CrosscuttingMembersSet
instanceKlass org/aspectj/weaver/World$TypeMap
instanceKlass org/aspectj/bridge/IMessageHandler$1
instanceKlass org/aspectj/bridge/MessageWriter
instanceKlass org/aspectj/weaver/tools/AbstractTrace
instanceKlass org/aspectj/weaver/tools/Trace
instanceKlass org/aspectj/weaver/tools/TraceFactory
instanceKlass org/aspectj/weaver/ReferenceTypeDelegate
instanceKlass org/aspectj/bridge/IMessage
instanceKlass org/aspectj/bridge/IMessageHandler
instanceKlass org/aspectj/weaver/UnresolvedType
instanceKlass org/aspectj/weaver/TypeVariableDeclaringElement
instanceKlass org/aspectj/weaver/tools/Traceable
instanceKlass org/aspectj/weaver/AnnotatedElement
instanceKlass org/aspectj/weaver/WeakClassLoaderReference
instanceKlass org/aspectj/weaver/tools/TypePatternMatcher
instanceKlass org/aspectj/weaver/ISourceContext
instanceKlass org/aspectj/weaver/patterns/IScope
instanceKlass org/aspectj/weaver/reflect/IReflectionWorld
instanceKlass org/aspectj/weaver/World
instanceKlass org/aspectj/weaver/Dump$INode
instanceKlass org/aspectj/weaver/tools/PointcutExpression
instanceKlass org/aspectj/weaver/tools/PointcutParameter
instanceKlass org/aspectj/weaver/tools/PointcutParser
instanceKlass org/springframework/aop/IntroductionAdvisor
instanceKlass org/springframework/aop/IntroductionInfo
instanceKlass org/springframework/aop/framework/autoproxy/ProxyCreationContext
instanceKlass org/springframework/transaction/annotation/TransactionManagementConfigurer
instanceKlass org/springframework/beans/factory/annotation/InjectionMetadata$InjectedElement
instanceKlass org/springframework/aop/aspectj/AspectJPointcutAdvisor
instanceKlass io/micrometer/observation/annotation/Observed
instanceKlass io/micrometer/observation/Observation$Scope
instanceKlass io/micrometer/common/lang/Nullable
instanceKlass io/micrometer/core/instrument/LongTaskTimer$Sample
instanceKlass io/micrometer/core/instrument/AbstractTimerBuilder
instanceKlass io/micrometer/core/instrument/Timer$Sample
instanceKlass io/micrometer/common/annotation/AnnotationHandler
instanceKlass org/aspectj/lang/annotation/DeclareParents
instanceKlass org/springframework/aop/aspectj/AspectJProxyUtils
instanceKlass org/springframework/aop/aspectj/annotation/ReflectiveAspectJAdvisorFactory$1
instanceKlass org/springframework/aop/aspectj/annotation/InstantiationModelAwarePointcutAdvisorImpl$1
instanceKlass org/springframework/aop/aspectj/annotation/InstantiationModelAwarePointcutAdvisorImpl
instanceKlass org/springframework/aop/aspectj/InstantiationModelAwarePointcutAdvisor
instanceKlass org/aspectj/util/TypeSafeEnum
instanceKlass org/aspectj/weaver/tools/ShadowMatch
instanceKlass org/aspectj/weaver/tools/PointcutDesignatorHandler
instanceKlass org/springframework/aop/support/AbstractExpressionPointcut
instanceKlass org/springframework/aop/support/ExpressionPointcut
instanceKlass org/springframework/aop/IntroductionAwareMethodMatcher
instanceKlass org/springframework/aop/aspectj/annotation/AbstractAspectJAdvisorFactory$AspectJAnnotation
instanceKlass org/springframework/aop/aspectj/annotation/LazySingletonAspectInstanceFactoryDecorator
instanceKlass org/springframework/aop/aspectj/annotation/BeanFactoryAspectInstanceFactory
instanceKlass org/aspectj/internal/lang/reflect/PerClauseImpl
instanceKlass org/springframework/aop/aspectj/annotation/AspectMetadata$1
instanceKlass org/aspectj/lang/reflect/DeclarePrecedence
instanceKlass org/aspectj/internal/lang/annotation/ajcDeclarePrecedence
instanceKlass io/micrometer/core/instrument/Counter$Builder
instanceKlass io/micrometer/core/annotation/Counted
instanceKlass org/aspectj/lang/ProceedingJoinPoint
instanceKlass org/aspectj/lang/annotation/DeclarePrecedence
instanceKlass org/aspectj/lang/reflect/Advice
instanceKlass org/aspectj/lang/reflect/Pointcut
instanceKlass org/aspectj/lang/reflect/PerClause
instanceKlass org/aspectj/internal/lang/reflect/AjTypeImpl
instanceKlass org/aspectj/lang/reflect/AjType
instanceKlass org/aspectj/lang/reflect/AjTypeSystem
instanceKlass org/springframework/aop/aspectj/annotation/AspectMetadata
instanceKlass org/springframework/beans/factory/wiring/BeanConfigurerSupport
instanceKlass org/springframework/core/annotation/SynthesizedMergedAnnotationInvocationHandler
instanceKlass org/springframework/dao/support/PersistenceExceptionTranslationInterceptor
instanceKlass org/springframework/stereotype/Repository
instanceKlass org/springframework/aop/aspectj/annotation/AbstractAspectJAdvisorFactory$AspectJAnnotationParameterNameDiscoverer
instanceKlass org/springframework/util/comparator/Comparators
instanceKlass org/springframework/util/comparator/InstanceComparator
instanceKlass org/springframework/core/convert/converter/ConvertingComparator
instanceKlass org/aspectj/lang/annotation/AfterThrowing
instanceKlass org/aspectj/lang/annotation/After
instanceKlass org/aspectj/lang/annotation/Around
instanceKlass org/springframework/aop/AfterReturningAdvice
instanceKlass org/springframework/aop/AfterAdvice
instanceKlass org/springframework/aop/MethodBeforeAdvice
instanceKlass org/springframework/aop/BeforeAdvice
instanceKlass org/springframework/aop/aspectj/AbstractAspectJAdvice
instanceKlass org/springframework/aop/aspectj/AspectJPrecedenceInformation
instanceKlass org/springframework/aop/aspectj/annotation/MetadataAwareAspectInstanceFactory
instanceKlass org/springframework/aop/aspectj/AspectInstanceFactory
instanceKlass org/springframework/aop/aspectj/annotation/AbstractAspectJAdvisorFactory
instanceKlass org/springframework/core/convert/support/NumberToNumberConverterFactory$NumberToNumber
instanceKlass org/springframework/aop/framework/adapter/ThrowsAdviceAdapter
instanceKlass org/springframework/aop/framework/adapter/AfterReturningAdviceAdapter
instanceKlass org/springframework/aop/framework/adapter/MethodBeforeAdviceAdapter
instanceKlass org/springframework/aop/framework/adapter/AdvisorAdapter
instanceKlass org/springframework/aop/framework/adapter/DefaultAdvisorAdapterRegistry
instanceKlass org/springframework/aop/framework/adapter/GlobalAdvisorAdapterRegistry
instanceKlass org/springframework/aop/aspectj/autoproxy/AspectJPrecedenceComparator
instanceKlass org/springframework/aop/framework/adapter/AdvisorAdapterRegistry
instanceKlass org/springframework/aop/framework/autoproxy/TargetSourceCreator
instanceKlass org/springframework/aop/aspectj/annotation/BeanFactoryAspectJAdvisorsBuilder
instanceKlass org/springframework/aop/aspectj/annotation/AspectJAdvisorFactory
instanceKlass org/springframework/aop/framework/autoproxy/BeanFactoryAdvisorRetrievalHelper
instanceKlass org/springframework/aop/support/ClassFilters$IntersectionClassFilter
instanceKlass org/springframework/aop/support/ClassFilters
instanceKlass org/springframework/aop/support/ComposablePointcut
instanceKlass org/springframework/aop/TruePointcut
instanceKlass org/springframework/validation/DefaultMessageCodesResolver
instanceKlass org/springframework/validation/beanvalidation/MethodValidationAdapter$ResultComparator
instanceKlass org/springframework/validation/beanvalidation/MethodValidationAdapter$DefaultObjectNameResolver
instanceKlass org/springframework/validation/method/EmptyMethodValidationResult
instanceKlass org/springframework/context/MessageSourceResolvable
instanceKlass org/springframework/validation/BindingResult
instanceKlass org/springframework/validation/beanvalidation/MethodValidationAdapter$ObjectNameResolver
instanceKlass org/springframework/validation/method/MethodValidationResult
instanceKlass org/springframework/validation/beanvalidation/MethodValidationAdapter
instanceKlass org/springframework/validation/method/MethodValidator
instanceKlass org/springframework/validation/beanvalidation/MethodValidationInterceptor
instanceKlass org/springframework/aop/Advisor$1
instanceKlass org/springframework/aop/TrueMethodMatcher
instanceKlass org/springframework/aop/support/annotation/AnnotationClassFilter
instanceKlass org/springframework/aop/MethodMatcher
instanceKlass org/springframework/aop/ClassFilter
instanceKlass org/springframework/aop/support/annotation/AnnotationMatchingPointcut
instanceKlass org/springframework/util/function/SingletonSupplier
instanceKlass org/springframework/validation/annotation/Validated
instanceKlass org/springframework/beans/factory/support/DefaultListableBeanFactory$FactoryAwareOrderSourceProvider
instanceKlass org/springframework/util/ReflectionUtils$FieldCallback
instanceKlass jakarta/persistence/PersistenceUnit
instanceKlass org/springframework/beans/factory/annotation/InjectionMetadata
instanceKlass org/springframework/aop/Pointcut
instanceKlass org/springframework/data/jpa/repository/query/EscapeCharacter
instanceKlass java/lang/Class$EnclosingMethodInfo
instanceKlass org/springframework/data/repository/core/support/RepositoryFactoryCustomizer
instanceKlass org/springframework/data/repository/core/RepositoryInformation
instanceKlass org/springframework/data/repository/core/EntityInformation
instanceKlass org/springframework/data/repository/core/EntityMetadata
instanceKlass org/springframework/data/mapping/PersistentEntity
instanceKlass org/springframework/data/repository/query/QueryMethodEvaluationContextProvider
instanceKlass org/springframework/data/jpa/repository/query/JpaQueryMethodFactory
instanceKlass org/springframework/data/querydsl/EntityPathResolver
instanceKlass org/springframework/data/repository/core/support/RepositoryProxyPostProcessor
instanceKlass org/springframework/data/repository/core/support/RepositoryComposition
instanceKlass org/springframework/data/repository/core/support/RepositoryInvocationMulticaster
instanceKlass org/springframework/beans/factory/annotation/Lookup
instanceKlass org/springframework/core/annotation/AnnotatedElementUtils$AnnotatedElementForAnnotations
instanceKlass org/springframework/beans/factory/support/DefaultListableBeanFactory$DependencyObjectProvider
instanceKlass org/springframework/beans/factory/support/DefaultListableBeanFactory$BeanObjectProvider
instanceKlass org/springframework/validation/Errors
instanceKlass org/springframework/boot/context/properties/ConfigurationPropertiesJsr303Validator
instanceKlass org/springframework/boot/context/properties/PropertySourcesDeducer
instanceKlass org/springframework/jndi/JndiTemplate
instanceKlass jakarta/annotation/PreDestroy
instanceKlass jakarta/annotation/Resource
instanceKlass org/springframework/beans/factory/annotation/InitDestroyAnnotationBeanPostProcessor$LifecycleMetadata
instanceKlass jakarta/inject/Inject
instanceKlass org/springframework/beans/factory/support/MethodOverride
instanceKlass org/springframework/context/support/PostProcessorRegistrationDelegate$BeanPostProcessorChecker
instanceKlass java/security/interfaces/RSAPrivateKey
instanceKlass java/security/PrivateKey
instanceKlass javax/security/auth/Destroyable
instanceKlass java/security/interfaces/RSAPublicKey
instanceKlass java/security/interfaces/RSAKey
instanceKlass java/security/PublicKey
instanceKlass java/security/Key
instanceKlass sun/security/jca/GetInstance$Instance
instanceKlass sun/security/util/Cache
instanceKlass java/security/cert/CertificateFactorySpi
instanceKlass java/security/cert/CertificateFactory
instanceKlass org/springframework/security/converter/RsaKeyConverters$X509CertificateDecoder
instanceKlass java/security/spec/PSSParameterSpec
instanceKlass sun/security/x509/AlgorithmId
instanceKlass java/security/spec/EncodedKeySpec
instanceKlass java/security/spec/RSAPrivateKeySpec
instanceKlass java/security/spec/RSAPublicKeySpec
instanceKlass java/security/KeyFactorySpi
instanceKlass jdk/internal/event/Event
instanceKlass sun/security/jca/ProviderList$ServiceList$1
instanceKlass sun/security/jca/GetInstance
instanceKlass java/security/KeyFactory
instanceKlass org/springframework/security/converter/RsaKeyConverters$X509PemDecoder
instanceKlass java/security/spec/KeySpec
instanceKlass org/springframework/security/converter/RsaKeyConverters
instanceKlass org/springframework/security/config/crypto/RsaKeyConversionServicePostProcessor$ResourceKeyConverterAdapter
instanceKlass org/springframework/security/config/crypto/RsaKeyConversionServicePostProcessor
instanceKlass org/springframework/context/expression/CachedExpressionEvaluator
instanceKlass org/springframework/boot/actuate/endpoint/web/servlet/WebMvcEndpointHandlerMapping$WebMvcEndpointHandlerMappingRuntimeHints
instanceKlass org/springframework/boot/autoconfigure/sql/init/SqlInitializationScriptsRuntimeHints
instanceKlass io/micrometer/common/lang/NonNullFields
instanceKlass io/micrometer/common/lang/NonNullApi
instanceKlass org/springframework/boot/actuate/endpoint/web/annotation/ControllerEndpointDiscoverer$ControllerEndpointDiscovererRuntimeHints
instanceKlass org/springframework/boot/actuate/endpoint/web/annotation/WebEndpointDiscoverer$WebEndpointDiscovererRuntimeHints
instanceKlass org/springframework/boot/actuate/endpoint/web/annotation/ServletEndpointDiscoverer$ServletEndpointDiscovererRuntimeHints
instanceKlass org/springframework/boot/actuate/health/HealthEndpointWebExtensionRuntimeHints
instanceKlass org/springframework/boot/actuate/endpoint/annotation/EndpointExtension
instanceKlass org/springframework/boot/actuate/endpoint/web/annotation/EndpointWebExtension
instanceKlass org/springframework/boot/actuate/endpoint/web/servlet/AbstractWebMvcEndpointHandlerMapping$AbstractWebMvcEndpointHandlerMappingRuntimeHints
instanceKlass org/aspectj/lang/annotation/AfterReturning
instanceKlass org/aspectj/lang/annotation/Before
instanceKlass org/aspectj/lang/annotation/SuppressAjWarnings
instanceKlass org/aspectj/internal/lang/annotation/ajcDeclareParents
instanceKlass org/aspectj/lang/annotation/Pointcut
instanceKlass org/aspectj/lang/annotation/Aspect
instanceKlass org/springframework/boot/sql/init/dependency/DependsOnDatabaseInitialization
instanceKlass org/springframework/boot/sql/init/dependency/AbstractBeansOfTypeDependsOnDatabaseInitializationDetector
instanceKlass org/springframework/boot/sql/init/dependency/AnnotationDependsOnDatabaseInitializationDetector
instanceKlass org/springframework/boot/sql/init/dependency/DependsOnDatabaseInitializationDetector
instanceKlass org/springframework/boot/autoconfigure/flyway/FlywayMigrationInitializer
instanceKlass org/springframework/boot/sql/init/dependency/BeansOfTypeDetector
instanceKlass org/springframework/boot/sql/init/dependency/DatabaseInitializationDependencyConfigurer$DependsOnDatabaseInitializationPostProcessor$InitializerBeanNames
instanceKlass org/springframework/boot/sql/init/dependency/AbstractBeansOfTypeDatabaseInitializerDetector
instanceKlass org/springframework/boot/sql/init/dependency/DatabaseInitializerDetector
instanceKlass org/springframework/data/jpa/util/BeanDefinitionUtils$EntityManagerFactoryBeanDefinition
instanceKlass org/springframework/data/jpa/util/BeanDefinitionUtils
instanceKlass org/springframework/beans/factory/config/BeanDefinitionVisitor
instanceKlass org/springframework/util/DefaultPropertiesPersister
instanceKlass org/springframework/context/annotation/ConfigurationClassPostProcessor$ImportAwareBeanPostProcessor
instanceKlass org/springframework/cglib/reflect/FastClassEmitter$2
instanceKlass org/springframework/cglib/core/Block
instanceKlass org/springframework/cglib/core/EmitUtils$7
instanceKlass org/springframework/cglib/core/EmitUtils$6
instanceKlass org/springframework/cglib/core/EmitUtils$ParameterTyper
instanceKlass org/springframework/cglib/reflect/FastClassEmitter$GetIndexCallback
instanceKlass org/springframework/cglib/reflect/FastClassEmitter$1
instanceKlass org/springframework/cglib/reflect/FastClass
instanceKlass org/springframework/cglib/proxy/MethodProxy$FastClassInfo
instanceKlass org/springframework/cglib/proxy/Enhancer$EnhancerFactoryData
instanceKlass org/springframework/cglib/proxy/MethodProxy$CreateInfo
instanceKlass org/springframework/cglib/proxy/MethodProxy
instanceKlass org/springframework/cglib/core/ClassNameReader
instanceKlass org/springframework/asm/Handler
instanceKlass org/springframework/cglib/core/Local
instanceKlass java/util/LinkedList$ListItr
instanceKlass org/springframework/cglib/core/EmitUtils$3
instanceKlass java/util/DualPivotQuicksort
instanceKlass org/springframework/cglib/proxy/MethodInterceptorGenerator$1
instanceKlass org/springframework/asm/Edge
instanceKlass org/springframework/cglib/core/EmitUtils$ArrayDelimiters
instanceKlass org/springframework/cglib/core/ProcessArrayCallback
instanceKlass org/springframework/cglib/core/EmitUtils
instanceKlass org/springframework/cglib/proxy/Enhancer$4
instanceKlass org/springframework/cglib/core/LocalVariablesSorter$State
instanceKlass org/springframework/asm/Label
instanceKlass org/springframework/asm/Frame
instanceKlass org/springframework/cglib/proxy/BridgeMethodResolver
instanceKlass org/springframework/cglib/core/ClassEmitter$FieldInfo
instanceKlass org/springframework/cglib/core/MethodInfoTransformer
instanceKlass java/util/AbstractList$SubList$1
instanceKlass org/springframework/cglib/core/DuplicatesPredicate
instanceKlass org/springframework/cglib/core/RejectModifierPredicate
instanceKlass org/springframework/cglib/core/MethodWrapper
instanceKlass org/springframework/cglib/proxy/Factory
instanceKlass org/springframework/cglib/core/VisibilityPredicate
instanceKlass org/springframework/cglib/transform/TransformingClassGenerator
instanceKlass org/springframework/asm/ByteVector
instanceKlass org/springframework/asm/Symbol
instanceKlass org/springframework/asm/SymbolTable
instanceKlass org/springframework/asm/RecordComponentVisitor
instanceKlass org/springframework/asm/ModuleVisitor
instanceKlass org/springframework/asm/FieldVisitor
instanceKlass java/util/concurrent/FutureTask$WaitNode
instanceKlass java/util/concurrent/FutureTask
instanceKlass java/util/concurrent/RunnableFuture
instanceKlass java/util/concurrent/Future
instanceKlass java/lang/invoke/DirectMethodHandle$1
instanceKlass java/lang/runtime/ObjectMethods$1
instanceKlass sun/invoke/util/ValueConversions$WrapperCache
instanceKlass java/lang/invoke/MethodHandleImpl$Makers$2
instanceKlass java/lang/invoke/MethodHandleImpl$Makers$1
instanceKlass java/lang/invoke/MethodHandleImpl$Makers
instanceKlass java/lang/runtime/ObjectMethods
instanceKlass org/springframework/cglib/core/internal/LoadingCache
instanceKlass org/springframework/cglib/core/internal/Function
instanceKlass org/springframework/cglib/core/AbstractClassGenerator$ClassLoaderData
instanceKlass org/springframework/cglib/core/MethodInfo
instanceKlass org/springframework/cglib/core/ClassInfo
instanceKlass org/springframework/cglib/core/ReflectUtils
instanceKlass org/springframework/cglib/proxy/ProxyRefDispatcher
instanceKlass org/springframework/cglib/proxy/FixedValueGenerator
instanceKlass org/springframework/cglib/proxy/FixedValue
instanceKlass org/springframework/cglib/proxy/DispatcherGenerator
instanceKlass org/springframework/cglib/proxy/Dispatcher
instanceKlass org/springframework/cglib/proxy/LazyLoaderGenerator
instanceKlass org/springframework/cglib/proxy/LazyLoader
instanceKlass org/springframework/cglib/proxy/InvocationHandlerGenerator
instanceKlass org/springframework/cglib/proxy/InvocationHandler
instanceKlass org/springframework/cglib/proxy/MethodInterceptorGenerator
instanceKlass org/springframework/cglib/proxy/NoOpGenerator
instanceKlass org/springframework/cglib/proxy/CallbackGenerator
instanceKlass org/springframework/cglib/proxy/CallbackInfo
instanceKlass org/springframework/cglib/core/SpringNamingPolicy
instanceKlass org/springframework/cglib/core/DefaultNamingPolicy
instanceKlass org/springframework/cglib/core/DefaultGeneratorStrategy
instanceKlass org/springframework/cglib/core/AsmApi
instanceKlass org/springframework/cglib/core/Constants
instanceKlass org/springframework/cglib/core/Signature
instanceKlass org/springframework/cglib/core/CollectionUtils
instanceKlass org/springframework/cglib/core/TypeUtils
instanceKlass org/springframework/cglib/core/AbstractClassGenerator$Source
instanceKlass org/springframework/cglib/core/Transformer
instanceKlass org/springframework/cglib/proxy/CallbackGenerator$Context
instanceKlass org/springframework/cglib/core/ProcessSwitchCallback
instanceKlass org/springframework/cglib/core/ObjectSwitchCallback
instanceKlass org/springframework/cglib/core/Predicate
instanceKlass org/springframework/cglib/core/AbstractClassGenerator
instanceKlass org/springframework/cglib/core/ClassGenerator
instanceKlass org/springframework/context/annotation/ConfigurationClassEnhancer$EnhancedConfiguration
instanceKlass org/springframework/aop/framework/autoproxy/AutoProxyUtils
instanceKlass org/springframework/objenesis/instantiator/ObjectInstantiator
instanceKlass org/springframework/objenesis/strategy/BaseInstantiatorStrategy
instanceKlass org/springframework/objenesis/strategy/InstantiatorStrategy
instanceKlass org/springframework/objenesis/SpringObjenesis
instanceKlass org/springframework/objenesis/Objenesis
instanceKlass org/springframework/context/annotation/ConfigurationClassEnhancer$ConditionalCallbackFilter
instanceKlass org/springframework/cglib/proxy/NoOp$1
instanceKlass org/springframework/cglib/proxy/NoOp
instanceKlass org/springframework/context/annotation/ConfigurationClassEnhancer$BeanFactoryAwareMethodInterceptor
instanceKlass org/springframework/context/annotation/ConfigurationClassEnhancer$BeanMethodInterceptor
instanceKlass org/springframework/context/annotation/ConfigurationClassEnhancer$ConditionalCallback
instanceKlass org/springframework/cglib/proxy/MethodInterceptor
instanceKlass org/springframework/cglib/proxy/Callback
instanceKlass org/springframework/cglib/proxy/CallbackFilter
instanceKlass org/springframework/cglib/core/GeneratorStrategy
instanceKlass org/springframework/cglib/core/NamingPolicy
instanceKlass org/springframework/context/annotation/ConfigurationClassEnhancer
instanceKlass org/springframework/boot/actuate/autoconfigure/web/server/ManagementContextAutoConfiguration
instanceKlass org/springframework/boot/actuate/autoconfigure/web/server/ManagementContextAutoConfiguration$SameManagementContextConfiguration
instanceKlass org/springframework/boot/actuate/autoconfigure/web/server/ManagementContextAutoConfiguration$SameManagementContextConfiguration$EnableSameManagementContextConfiguration
instanceKlass org/springframework/boot/actuate/autoconfigure/security/servlet/SecurityRequestMatchersManagementContextConfiguration
instanceKlass org/springframework/web/cors/CorsConfiguration
instanceKlass org/springframework/aot/generate/GenerationContext
instanceKlass org/springframework/data/repository/config/AotRepositoryContext
instanceKlass org/springframework/data/aot/AotContext
instanceKlass jakarta/persistence/PersistenceContexts
instanceKlass jakarta/persistence/PersistenceProperty
instanceKlass jakarta/persistence/PersistenceContext
instanceKlass org/springframework/lang/NonNull
instanceKlass org/springframework/data/repository/core/support/RepositoryFragment
instanceKlass org/springframework/boot/autoconfigure/orm/jpa/HibernatePropertiesCustomizer
instanceKlass org/springframework/boot/autoconfigure/orm/jpa/HibernateSettings
instanceKlass org/springframework/boot/context/properties/DeprecatedConfigurationProperty
instanceKlass jakarta/persistence/PrePersist
instanceKlass org/aspectj/lang/Signature
instanceKlass org/springframework/boot/actuate/autoconfigure/web/server/ManagementServerProperties
instanceKlass org/springframework/boot/actuate/autoconfigure/security/servlet/SecurityRequestMatchersManagementContextConfiguration$MvcRequestMatcherConfiguration
instanceKlass org/springframework/boot/autoconfigure/security/servlet/RequestMatcherProvider
instanceKlass org/springframework/boot/actuate/autoconfigure/endpoint/web/servlet/WebMvcEndpointManagementContextConfiguration$EndpointObjectMapperWebMvcConfigurer
instanceKlass org/springframework/boot/actuate/autoconfigure/endpoint/web/servlet/WebMvcEndpointManagementContextConfiguration
instanceKlass org/springframework/boot/actuate/autoconfigure/endpoint/web/CorsEndpointProperties
instanceKlass org/springframework/boot/actuate/endpoint/web/ExposableServletEndpoint
instanceKlass org/springframework/boot/actuate/autoconfigure/endpoint/web/ServletEndpointManagementContextConfiguration
instanceKlass org/springframework/boot/actuate/endpoint/web/ServletEndpointRegistrar
instanceKlass org/springframework/boot/actuate/autoconfigure/endpoint/web/ServletEndpointManagementContextConfiguration$WebMvcServletEndpointManagementContextConfiguration
instanceKlass org/springframework/boot/autoconfigure/web/servlet/MultipartAutoConfiguration
instanceKlass org/springframework/boot/autoconfigure/web/servlet/HttpEncodingAutoConfiguration$LocaleCharsetMappingsCustomizer
instanceKlass org/springframework/boot/autoconfigure/web/servlet/MultipartProperties
instanceKlass org/springframework/boot/autoconfigure/web/servlet/HttpEncodingAutoConfiguration
instanceKlass org/springframework/boot/autoconfigure/web/embedded/EmbeddedWebServerFactoryCustomizerAutoConfiguration
instanceKlass org/springframework/boot/autoconfigure/web/embedded/TomcatWebServerFactoryCustomizer
instanceKlass org/springframework/boot/autoconfigure/web/embedded/TomcatVirtualThreadsWebServerFactoryCustomizer
instanceKlass org/springframework/boot/autoconfigure/web/embedded/EmbeddedWebServerFactoryCustomizerAutoConfiguration$TomcatWebServerFactoryCustomizerConfiguration
instanceKlass org/springframework/transaction/support/DefaultTransactionDefinition
instanceKlass org/springframework/transaction/TransactionDefinition
instanceKlass org/springframework/transaction/ReactiveTransactionManager
instanceKlass org/springframework/boot/autoconfigure/transaction/TransactionAutoConfiguration$TransactionTemplateConfiguration
instanceKlass org/springframework/transaction/support/TransactionOperations
instanceKlass org/springframework/boot/autoconfigure/transaction/TransactionAutoConfiguration$EnableTransactionManagementConfiguration
instanceKlass org/springframework/boot/autoconfigure/transaction/TransactionAutoConfiguration$EnableTransactionManagementConfiguration$CglibAutoProxyConfiguration
instanceKlass org/springframework/aop/support/AbstractPointcutAdvisor
instanceKlass org/springframework/aop/PointcutAdvisor
instanceKlass org/springframework/aop/Advisor
instanceKlass org/aopalliance/intercept/MethodInterceptor
instanceKlass org/aopalliance/intercept/Interceptor
instanceKlass org/aopalliance/aop/Advice
instanceKlass org/springframework/transaction/interceptor/TransactionAttributeSource
instanceKlass org/springframework/transaction/event/TransactionalEventListenerFactory
instanceKlass org/springframework/transaction/annotation/TransactionRuntimeHints
instanceKlass org/springframework/boot/autoconfigure/jdbc/DataSourceTransactionManagerAutoConfiguration
instanceKlass org/springframework/boot/autoconfigure/jdbc/DataSourceTransactionManagerAutoConfiguration$JdbcTransactionManagerConfiguration
instanceKlass org/springframework/boot/autoconfigure/sql/init/DataSourceInitializationConfiguration
instanceKlass org/springframework/boot/autoconfigure/sql/init/R2dbcInitializationConfiguration
instanceKlass org/springframework/boot/autoconfigure/sql/init/SqlInitializationProperties
instanceKlass org/springframework/boot/sql/init/AbstractScriptDatabaseInitializer
instanceKlass org/springframework/security/authentication/AuthenticationManagerResolver
instanceKlass org/springframework/boot/autoconfigure/security/servlet/SecurityFilterAutoConfiguration
instanceKlass org/springframework/boot/autoconfigure/security/SecurityProperties$User
instanceKlass org/springframework/boot/autoconfigure/security/SecurityProperties$Filter
instanceKlass org/springframework/boot/autoconfigure/security/servlet/SecurityAutoConfiguration
instanceKlass org/springframework/boot/autoconfigure/security/SecurityDataConfiguration
instanceKlass org/springframework/boot/autoconfigure/security/servlet/SpringBootWebSecurityConfiguration
instanceKlass org/springframework/boot/autoconfigure/security/SecurityProperties
instanceKlass org/springframework/boot/autoconfigure/security/servlet/UserDetailsServiceAutoConfiguration
instanceKlass org/springframework/boot/autoconfigure/jdbc/JdbcClientAutoConfiguration
instanceKlass org/springframework/jdbc/core/simple/JdbcClient
instanceKlass org/springframework/boot/autoconfigure/jdbc/JdbcTemplateAutoConfiguration
instanceKlass org/springframework/boot/sql/init/dependency/DatabaseInitializationDependencyConfigurer$DependsOnDatabaseInitializationPostProcessor
instanceKlass org/springframework/boot/autoconfigure/jdbc/JdbcProperties$Template
instanceKlass org/springframework/boot/autoconfigure/jdbc/NamedParameterJdbcTemplateConfiguration
instanceKlass org/springframework/boot/autoconfigure/jdbc/JdbcProperties
instanceKlass org/springframework/boot/autoconfigure/jdbc/JdbcTemplateConfiguration
instanceKlass org/springframework/boot/autoconfigure/data/web/SpringDataWebProperties$Sort
instanceKlass org/springframework/boot/autoconfigure/data/web/SpringDataWebProperties$Pageable
instanceKlass org/springframework/boot/autoconfigure/data/web/SpringDataWebAutoConfiguration
instanceKlass org/springframework/data/web/config/SpringDataJacksonConfiguration
instanceKlass org/springframework/data/web/OffsetScrollPositionHandlerMethodArgumentResolverSupport
instanceKlass org/springframework/data/web/OffsetScrollPositionArgumentResolver
instanceKlass org/springframework/data/web/config/SortHandlerMethodArgumentResolverCustomizer
instanceKlass org/springframework/data/web/config/OffsetScrollPositionHandlerMethodArgumentResolverCustomizer
instanceKlass org/springframework/data/web/SortHandlerMethodArgumentResolverSupport
instanceKlass org/springframework/data/web/SortArgumentResolver
instanceKlass org/springframework/data/web/config/ProjectingArgumentResolverRegistrar$ProjectingArgumentResolverBeanPostProcessor
instanceKlass org/springframework/data/web/config/PageableHandlerMethodArgumentResolverCustomizer
instanceKlass org/springframework/boot/autoconfigure/data/rest/RepositoryRestMvcAutoConfiguration
instanceKlass org/springframework/data/repository/core/support/RepositoryComposition$RepositoryFragments
instanceKlass org/springframework/data/repository/core/support/PropertiesBasedNamedQueries
instanceKlass org/springframework/data/repository/core/NamedQueries
instanceKlass org/springframework/data/jpa/util/JpaMetamodelCacheCleanup
instanceKlass org/springframework/orm/jpa/SharedEntityManagerCreator
instanceKlass org/springframework/boot/autoconfigure/data/jpa/JpaRepositoriesAutoConfiguration
instanceKlass org/springframework/data/repository/config/RepositoryRegistrationAotProcessor
instanceKlass org/springframework/util/StopWatch$TaskInfo
instanceKlass org/springframework/data/repository/config/RepositoryConfigurationAdapter
instanceKlass org/springframework/data/repository/config/RepositoryFragmentConfigurationProvider
instanceKlass org/springframework/data/repository/config/RepositoryFragmentConfiguration
instanceKlass org/springframework/data/repository/core/support/RepositoryFragmentsFactoryBean
instanceKlass org/springframework/data/repository/config/SelectionSet
instanceKlass org/springframework/data/util/StreamUtils
instanceKlass org/springframework/data/repository/config/DefaultImplementationLookupConfiguration
instanceKlass org/springframework/data/repository/config/NamedQueriesBeanDefinitionBuilder
instanceKlass com/billquote/entity/Utilisateur
instanceKlass com/billquote/repository/UtilisateurRepository
instanceKlass com/billquote/entity/Societe
instanceKlass com/billquote/repository/SocieteRepository
instanceKlass com/billquote/model/PdfFile
instanceKlass com/billquote/repository/PdfFileRepository
instanceKlass com/billquote/entity/Facture
instanceKlass com/billquote/repository/FactureRepository
instanceKlass com/billquote/entity/Devis
instanceKlass com/billquote/repository/DevisRepository
instanceKlass java/util/stream/Streams$2
instanceKlass java/util/stream/Streams$ConcatSpliterator
instanceKlass org/springframework/data/util/ReflectionUtils$DescribedFieldFilter
instanceKlass org/springframework/data/util/ReflectionUtils
instanceKlass org/springframework/data/domain/Page
instanceKlass org/springframework/data/domain/Slice
instanceKlass org/springframework/data/domain/Example
instanceKlass org/springframework/data/util/ReactiveWrappers$1
instanceKlass org/springframework/data/util/ReactiveWrappers
instanceKlass com/billquote/entity/Client
instanceKlass org/springframework/util/ConcurrentLruCache$AddTask
instanceKlass org/springframework/util/ConcurrentLruCache$WriteOperations
instanceKlass org/springframework/util/ConcurrentLruCache$ReadOperations
instanceKlass org/springframework/util/ConcurrentLruCache$EvictionQueue
instanceKlass org/springframework/util/ConcurrentLruCache
instanceKlass org/springframework/data/util/TypeDiscoverer
instanceKlass org/springframework/data/util/TypeInformation
instanceKlass org/springframework/data/repository/core/CrudMethods
instanceKlass org/springframework/data/repository/core/support/AbstractRepositoryMetadata
instanceKlass org/springframework/data/repository/core/RepositoryMetadata
instanceKlass com/billquote/repository/ClientRepository
instanceKlass org/springframework/data/jpa/repository/config/JpaRepositoryConfigExtension$LazyJvmAgent
instanceKlass org/springframework/data/repository/config/DefaultRepositoryConfiguration
instanceKlass org/springframework/data/repository/util/ClassUtils
instanceKlass org/springframework/util/MethodInvoker
instanceKlass org/springframework/beans/factory/support/ConstructorResolver$ArgumentsHolder
instanceKlass org/springframework/beans/factory/support/AutowireUtils
instanceKlass org/springframework/beans/Mergeable
instanceKlass org/springframework/beans/factory/config/RuntimeBeanNameReference
instanceKlass java/util/Collections$UnmodifiableMap$UnmodifiableEntrySet$UnmodifiableEntry
instanceKlass java/util/Collections$UnmodifiableMap$UnmodifiableEntrySet$1
instanceKlass org/springframework/beans/factory/support/ConstructorResolver
instanceKlass org/springframework/data/repository/NoRepositoryBean
instanceKlass org/springframework/data/repository/RepositoryDefinition
instanceKlass org/springframework/data/util/LazyStreamable
instanceKlass org/springframework/util/StopWatch
instanceKlass org/springframework/data/util/Lazy
instanceKlass org/springframework/data/repository/config/ImplementationLookupConfiguration
instanceKlass org/springframework/data/repository/config/RepositoryConfigurationSourceSupport$SpringImplementationDetectionConfiguration
instanceKlass org/springframework/data/repository/config/CustomRepositoryImplementationDetector
instanceKlass org/springframework/data/repository/config/FragmentMetadata
instanceKlass org/springframework/data/repository/config/RepositoryBeanDefinitionBuilder
instanceKlass org/springframework/data/jpa/repository/support/JpaEvaluationContextExtension
instanceKlass org/springframework/data/spel/spi/EvaluationContextExtension
instanceKlass org/springframework/data/spel/spi/ExtensionIdAware
instanceKlass org/springframework/data/jpa/repository/support/DefaultJpaContext
instanceKlass org/springframework/data/jpa/repository/JpaContext
instanceKlass org/springframework/data/jpa/repository/support/EntityManagerBeanDefinitionRegistrarPostProcessor
instanceKlass org/springframework/data/repository/config/RepositoryConfiguration
instanceKlass org/springframework/data/repository/core/support/RepositoryFactorySupport
instanceKlass org/springframework/data/repository/config/RepositoryBeanDefinitionRegistrarSupport
instanceKlass org/springframework/data/repository/config/RepositoryBeanNameGenerator
instanceKlass org/springframework/data/config/ConfigurationUtils
instanceKlass org/springframework/data/repository/config/ImplementationDetectionConfiguration
instanceKlass org/springframework/data/repository/config/DefaultRepositoryBaseClass
instanceKlass org/springframework/data/jpa/repository/config/EnableJpaRepositories
instanceKlass org/springframework/boot/autoconfigure/data/jpa/JpaRepositoriesRegistrar$EnableJpaRepositoriesConfiguration
instanceKlass org/springframework/data/repository/config/RepositoryConfigurationDelegate
instanceKlass org/springframework/data/repository/config/RepositoryConfigurationExtensionSupport
instanceKlass org/springframework/data/repository/core/support/RepositoryFactoryBeanSupport
instanceKlass org/springframework/data/repository/core/support/RepositoryFactoryInformation
instanceKlass org/springframework/boot/autoconfigure/dao/PersistenceExceptionTranslationAutoConfiguration
instanceKlass org/springframework/context/support/DefaultLifecycleProcessor
instanceKlass org/springframework/boot/autoconfigure/context/LifecycleAutoConfiguration
instanceKlass org/springframework/boot/autoconfigure/context/ConfigurationPropertiesAutoConfiguration
instanceKlass org/springframework/boot/autoconfigure/aop/AopAutoConfiguration
instanceKlass org/springframework/boot/autoconfigure/aop/AopAutoConfiguration$AspectJAutoProxyingConfiguration
instanceKlass org/springframework/boot/autoconfigure/aop/AopAutoConfiguration$AspectJAutoProxyingConfiguration$CglibAutoProxyConfiguration
instanceKlass org/springframework/boot/autoconfigure/context/LifecycleProperties
instanceKlass org/springframework/aop/config/AopConfigUtils
instanceKlass org/springframework/boot/actuate/autoconfigure/scheduling/ScheduledTasksObservabilityAutoConfiguration$ObservabilitySchedulingConfigurer
instanceKlass org/springframework/scheduling/annotation/SchedulingConfigurer
instanceKlass org/springframework/boot/actuate/autoconfigure/scheduling/ScheduledTasksObservabilityAutoConfiguration
instanceKlass org/springframework/boot/actuate/autoconfigure/observation/web/servlet/WebMvcObservationAutoConfiguration$MeterFilterConfiguration
instanceKlass org/springframework/http/server/observation/ServerRequestObservationConvention
instanceKlass org/springframework/boot/actuate/autoconfigure/observation/web/servlet/WebMvcObservationAutoConfiguration
instanceKlass org/springframework/boot/actuate/autoconfigure/observation/web/client/HttpClientObservationsAutoConfiguration
instanceKlass org/springframework/boot/actuate/autoconfigure/observation/web/client/RestClientObservationConfiguration
instanceKlass org/springframework/boot/actuate/autoconfigure/observation/web/client/WebClientObservationConfiguration
instanceKlass org/springframework/boot/autoconfigure/web/reactive/function/client/WebClientAutoConfiguration
instanceKlass org/springframework/boot/actuate/metrics/web/client/ObservationRestTemplateCustomizer
instanceKlass org/springframework/boot/web/client/RestTemplateCustomizer
instanceKlass org/springframework/http/client/observation/ClientRequestObservationConvention
instanceKlass io/micrometer/observation/ObservationConvention
instanceKlass io/micrometer/observation/KeyValuesConvention
instanceKlass org/springframework/boot/actuate/autoconfigure/observation/web/client/RestTemplateObservationConfiguration
instanceKlass org/springframework/boot/actuate/autoconfigure/observation/web/client/HttpClientObservationsAutoConfiguration$MeterFilterConfiguration
instanceKlass org/springframework/boot/autoconfigure/web/client/AutoConfiguredRestClientSsl
instanceKlass org/springframework/boot/autoconfigure/web/client/RestClientSsl
instanceKlass org/springframework/boot/autoconfigure/web/client/RestClientBuilderConfigurer
instanceKlass org/springframework/boot/autoconfigure/web/client/RestClientAutoConfiguration
instanceKlass org/springframework/boot/autoconfigure/web/client/HttpMessageConvertersRestClientCustomizer
instanceKlass org/springframework/boot/web/client/RestClientCustomizer
instanceKlass org/springframework/boot/autoconfigure/web/client/RestTemplateBuilderConfigurer
instanceKlass org/springframework/boot/autoconfigure/web/client/RestTemplateAutoConfiguration
instanceKlass org/springframework/boot/autoconfigure/http/HttpMessageConvertersAutoConfiguration
instanceKlass org/springframework/boot/context/properties/bind/BindableRuntimeHintsRegistrar
instanceKlass org/springframework/boot/autoconfigure/http/JsonbHttpMessageConvertersConfiguration
instanceKlass org/springframework/boot/autoconfigure/http/GsonHttpMessageConvertersConfiguration
instanceKlass org/springframework/boot/autoconfigure/http/JacksonHttpMessageConvertersConfiguration
instanceKlass org/springframework/boot/autoconfigure/jsonb/JsonbAutoConfiguration
instanceKlass org/springframework/boot/autoconfigure/gson/GsonAutoConfiguration
instanceKlass org/springframework/boot/autoconfigure/http/JacksonHttpMessageConvertersConfiguration$MappingJackson2HttpMessageConverterConfiguration
instanceKlass org/springframework/boot/autoconfigure/http/HttpMessageConvertersAutoConfiguration$StringHttpMessageConverterConfiguration
instanceKlass org/springframework/boot/actuate/autoconfigure/observation/ObservationProperties$Http
instanceKlass org/springframework/boot/actuate/autoconfigure/observation/ObservationRegistryPostProcessor
instanceKlass org/springframework/boot/actuate/autoconfigure/observation/PropertiesObservationFilterPredicate
instanceKlass io/micrometer/observation/ObservationPredicate
instanceKlass io/micrometer/observation/ObservationFilter
instanceKlass org/springframework/boot/actuate/autoconfigure/observation/ObservationAutoConfiguration
instanceKlass org/springframework/boot/actuate/autoconfigure/observation/ObservationHandlerGrouping
instanceKlass org/springframework/boot/actuate/autoconfigure/observation/ObservationAutoConfiguration$OnlyMetricsConfiguration
instanceKlass org/springframework/boot/actuate/autoconfigure/observation/ObservationAutoConfiguration$MeterObservationHandlerConfiguration
instanceKlass io/micrometer/core/instrument/observation/DefaultMeterObservationHandler
instanceKlass org/springframework/boot/actuate/autoconfigure/observation/ObservationAutoConfiguration$MeterObservationHandlerConfiguration$OnlyMetricsMeterObservationHandlerConfiguration
instanceKlass org/springframework/boot/actuate/autoconfigure/observation/ObservationProperties
instanceKlass org/springframework/boot/actuate/autoconfigure/tracing/MicrometerTracingAutoConfiguration
instanceKlass io/micrometer/core/instrument/observation/MeterObservationHandler
instanceKlass io/micrometer/observation/ObservationHandler
instanceKlass org/springframework/boot/actuate/autoconfigure/observation/ObservationAutoConfiguration$ObservedAspectConfiguration
instanceKlass io/micrometer/observation/aop/ObservedAspect
instanceKlass org/springframework/boot/actuate/metrics/web/tomcat/TomcatMetricsBinder
instanceKlass org/springframework/boot/actuate/autoconfigure/metrics/web/tomcat/TomcatMetricsAutoConfiguration
instanceKlass org/springframework/boot/LazyInitializationExcludeFilter
instanceKlass org/springframework/boot/actuate/autoconfigure/metrics/task/TaskExecutorMetricsAutoConfiguration
instanceKlass org/springframework/boot/autoconfigure/task/TaskSchedulingAutoConfiguration
instanceKlass org/springframework/boot/autoconfigure/task/TaskSchedulingProperties$Shutdown
instanceKlass org/springframework/boot/autoconfigure/task/TaskSchedulingProperties$Simple
instanceKlass org/springframework/boot/autoconfigure/task/TaskSchedulingProperties$Pool
instanceKlass org/springframework/boot/autoconfigure/task/TaskSchedulingConfigurations$TaskSchedulerConfiguration
instanceKlass org/springframework/boot/autoconfigure/task/TaskSchedulingConfigurations$SimpleAsyncTaskSchedulerBuilderConfiguration
instanceKlass org/springframework/boot/task/SimpleAsyncTaskSchedulerBuilder
instanceKlass org/springframework/boot/autoconfigure/task/TaskSchedulingConfigurations$TaskSchedulerBuilderConfiguration
instanceKlass org/springframework/boot/autoconfigure/task/TaskSchedulingProperties
instanceKlass org/springframework/boot/task/ThreadPoolTaskSchedulerCustomizer
instanceKlass org/springframework/boot/task/TaskSchedulerCustomizer
instanceKlass org/springframework/boot/task/ThreadPoolTaskSchedulerBuilder
instanceKlass org/springframework/boot/autoconfigure/task/TaskSchedulingConfigurations$ThreadPoolTaskSchedulerBuilderConfiguration
instanceKlass org/springframework/boot/task/TaskSchedulerBuilder
instanceKlass org/springframework/boot/actuate/autoconfigure/metrics/startup/StartupTimeMetricsListenerAutoConfiguration
instanceKlass org/springframework/boot/actuate/metrics/startup/StartupTimeMetricsListener
instanceKlass org/springframework/boot/actuate/autoconfigure/metrics/jdbc/DataSourcePoolMetricsAutoConfiguration
instanceKlass org/springframework/boot/actuate/autoconfigure/metrics/jdbc/DataSourcePoolMetricsAutoConfiguration$DataSourcePoolMetadataMetricsConfiguration$DataSourcePoolMetadataMeterBinder
instanceKlass org/springframework/boot/actuate/autoconfigure/metrics/jdbc/DataSourcePoolMetricsAutoConfiguration$DataSourcePoolMetadataMetricsConfiguration
instanceKlass org/springframework/boot/actuate/autoconfigure/metrics/jdbc/DataSourcePoolMetricsAutoConfiguration$HikariDataSourceMetricsConfiguration$HikariDataSourceMeterBinder
instanceKlass org/springframework/boot/actuate/autoconfigure/metrics/jdbc/DataSourcePoolMetricsAutoConfiguration$HikariDataSourceMetricsConfiguration
instanceKlass org/springframework/boot/actuate/autoconfigure/metrics/integration/IntegrationMetricsAutoConfiguration
instanceKlass org/springframework/boot/autoconfigure/integration/IntegrationAutoConfiguration
instanceKlass org/springframework/boot/actuate/metrics/data/DefaultRepositoryTagsProvider
instanceKlass org/springframework/boot/actuate/autoconfigure/metrics/data/MetricsRepositoryMethodInvocationListenerBeanPostProcessor
instanceKlass org/springframework/boot/actuate/metrics/AutoTimer
instanceKlass org/springframework/boot/actuate/metrics/data/MetricsRepositoryMethodInvocationListener
instanceKlass org/springframework/data/repository/core/support/RepositoryMethodInvocationListener
instanceKlass org/springframework/boot/actuate/autoconfigure/metrics/data/RepositoryMetricsAutoConfiguration
instanceKlass org/springframework/boot/actuate/metrics/data/RepositoryTagsProvider
instanceKlass io/micrometer/core/instrument/binder/system/FileDescriptorMetrics
instanceKlass org/springframework/boot/actuate/metrics/system/DiskSpaceMetricsBinder
instanceKlass io/micrometer/core/instrument/binder/system/ProcessorMetrics
instanceKlass org/springframework/boot/actuate/autoconfigure/metrics/SystemMetricsAutoConfiguration
instanceKlass io/micrometer/core/instrument/binder/system/UptimeMetrics
instanceKlass io/micrometer/core/aop/TimedAspect
instanceKlass org/springframework/boot/actuate/autoconfigure/metrics/MetricsAspectsAutoConfiguration
instanceKlass io/micrometer/core/aop/CountedAspect
instanceKlass org/springframework/boot/actuate/autoconfigure/metrics/LogbackMetricsAutoConfiguration
instanceKlass io/micrometer/core/instrument/binder/logging/LogbackMetrics
instanceKlass io/micrometer/core/instrument/binder/jvm/JvmInfoMetrics
instanceKlass io/micrometer/core/instrument/binder/jvm/JvmMemoryMetrics
instanceKlass io/micrometer/core/instrument/binder/jvm/ClassLoaderMetrics
instanceKlass io/micrometer/core/instrument/binder/jvm/JvmThreadMetrics
instanceKlass io/micrometer/core/instrument/binder/jvm/JvmCompilationMetrics
instanceKlass io/micrometer/core/instrument/binder/jvm/JvmHeapPressureMetrics
instanceKlass org/springframework/boot/actuate/autoconfigure/metrics/JvmMetricsAutoConfiguration
instanceKlass io/micrometer/core/instrument/binder/jvm/JvmGcMetrics
instanceKlass org/springframework/boot/actuate/autoconfigure/metrics/CompositeMeterRegistryConfiguration
instanceKlass org/springframework/boot/actuate/autoconfigure/metrics/NoOpMeterRegistryConfiguration
instanceKlass org/springframework/boot/actuate/autoconfigure/metrics/export/simple/SimpleMetricsExportAutoConfiguration
instanceKlass io/micrometer/core/instrument/simple/SimpleConfig
instanceKlass io/micrometer/core/instrument/config/MeterRegistryConfig
instanceKlass org/springframework/boot/actuate/autoconfigure/metrics/export/simple/SimpleProperties
instanceKlass org/springframework/boot/actuate/autoconfigure/metrics/PropertiesMeterFilter
instanceKlass io/micrometer/core/instrument/config/MeterFilter
instanceKlass org/springframework/boot/actuate/autoconfigure/metrics/MeterRegistryPostProcessor
instanceKlass org/springframework/boot/actuate/autoconfigure/metrics/MetricsAutoConfiguration$MeterRegistryCloser
instanceKlass org/springframework/boot/actuate/autoconfigure/metrics/MetricsProperties$Distribution
instanceKlass org/springframework/boot/actuate/autoconfigure/metrics/MetricsProperties$System
instanceKlass org/springframework/boot/actuate/autoconfigure/metrics/MetricsProperties$Data
instanceKlass org/springframework/boot/actuate/autoconfigure/metrics/MetricsProperties$Web
instanceKlass org/springframework/boot/actuate/autoconfigure/metrics/MetricsAutoConfiguration
instanceKlass org/springframework/boot/actuate/autoconfigure/jdbc/DataSourceHealthContributorAutoConfiguration
instanceKlass org/springframework/boot/actuate/autoconfigure/metrics/MetricsProperties
instanceKlass org/springframework/boot/actuate/autoconfigure/metrics/CompositeMeterRegistryAutoConfiguration
instanceKlass org/springframework/boot/actuate/autoconfigure/jdbc/DataSourceHealthIndicatorProperties
instanceKlass org/springframework/boot/actuate/health/AbstractHealthIndicator
instanceKlass org/springframework/boot/actuate/health/HealthIndicator
instanceKlass org/springframework/boot/actuate/health/HealthContributor
instanceKlass org/springframework/boot/actuate/autoconfigure/system/DiskSpaceHealthContributorAutoConfiguration
instanceKlass org/springframework/boot/actuate/endpoint/web/annotation/ExposableControllerEndpoint
instanceKlass org/springframework/boot/actuate/autoconfigure/system/DiskSpaceHealthIndicatorProperties
instanceKlass org/springframework/boot/actuate/autoconfigure/health/HealthContributorAutoConfiguration
instanceKlass org/springframework/boot/actuate/autoconfigure/endpoint/web/WebEndpointProperties$Discovery
instanceKlass org/springframework/boot/actuate/autoconfigure/endpoint/web/WebEndpointProperties$Exposure
instanceKlass org/springframework/boot/actuate/endpoint/web/PathMappedEndpoints
instanceKlass org/springframework/boot/actuate/endpoint/web/annotation/ControllerEndpointsSupplier
instanceKlass org/springframework/boot/actuate/endpoint/web/PathMapper
instanceKlass org/springframework/boot/actuate/autoconfigure/endpoint/web/WebEndpointAutoConfiguration
instanceKlass org/springframework/boot/actuate/endpoint/annotation/EndpointDiscoverer
instanceKlass org/springframework/boot/actuate/endpoint/web/EndpointMediaTypes
instanceKlass org/springframework/boot/actuate/autoconfigure/endpoint/web/WebEndpointAutoConfiguration$WebEndpointServletConfiguration
instanceKlass org/springframework/boot/actuate/endpoint/jackson/EndpointObjectMapper
instanceKlass org/springframework/boot/actuate/autoconfigure/endpoint/jackson/JacksonEndpointAutoConfiguration
instanceKlass org/springframework/boot/actuate/endpoint/web/annotation/ServletEndpointsSupplier
instanceKlass org/springframework/boot/actuate/endpoint/invoker/cache/CachingOperationInvokerAdvisor
instanceKlass org/springframework/boot/actuate/endpoint/invoke/OperationInvokerAdvisor
instanceKlass org/springframework/boot/actuate/autoconfigure/endpoint/EndpointAutoConfiguration
instanceKlass org/springframework/boot/actuate/endpoint/invoke/ParameterValueMapper
instanceKlass org/springframework/boot/actuate/autoconfigure/info/InfoEndpointAutoConfiguration
instanceKlass org/springframework/boot/actuate/autoconfigure/info/InfoContributorProperties$Git
instanceKlass org/springframework/boot/actuate/autoconfigure/info/InfoContributorAutoConfiguration
instanceKlass org/springframework/boot/actuate/autoconfigure/health/HealthEndpointAutoConfiguration
instanceKlass org/springframework/boot/actuate/endpoint/web/ExposableWebEndpoint
instanceKlass org/springframework/boot/actuate/endpoint/web/PathMappedEndpoint
instanceKlass org/springframework/boot/info/InfoProperties
instanceKlass org/springframework/boot/actuate/autoconfigure/info/InfoContributorProperties
instanceKlass org/springframework/boot/autoconfigure/info/ProjectInfoAutoConfiguration
instanceKlass org/springframework/boot/autoconfigure/info/ProjectInfoProperties$Git
instanceKlass org/springframework/boot/autoconfigure/info/ProjectInfoProperties$Build
instanceKlass org/springframework/boot/autoconfigure/info/ProjectInfoProperties
instanceKlass org/springframework/boot/actuate/autoconfigure/health/HealthEndpointProperties$Logging
instanceKlass org/springframework/boot/actuate/autoconfigure/health/HealthEndpointReactiveWebExtensionConfiguration
instanceKlass org/springframework/boot/actuate/autoconfigure/health/ReactiveHealthEndpointConfiguration
instanceKlass org/springframework/boot/actuate/autoconfigure/health/HealthEndpointWebExtensionConfiguration
instanceKlass org/springframework/boot/actuate/endpoint/web/WebEndpointsSupplier
instanceKlass org/springframework/boot/actuate/endpoint/EndpointsSupplier
instanceKlass org/springframework/boot/actuate/autoconfigure/health/HealthEndpointWebExtensionConfiguration$MvcAdditionalHealthEndpointPathsConfiguration
instanceKlass org/springframework/boot/actuate/autoconfigure/health/HealthEndpointConfiguration$HealthEndpointGroupMembershipValidator
instanceKlass org/springframework/boot/actuate/autoconfigure/health/HealthEndpointConfiguration$HealthEndpointGroupsBeanPostProcessor
instanceKlass org/springframework/boot/actuate/autoconfigure/health/HealthProperties
instanceKlass org/springframework/boot/actuate/health/HealthContributorRegistry
instanceKlass org/springframework/boot/actuate/health/ContributorRegistry
instanceKlass org/springframework/boot/actuate/health/NamedContributors
instanceKlass org/springframework/boot/actuate/health/HealthEndpointGroups
instanceKlass org/springframework/boot/actuate/health/HttpCodeStatusMapper
instanceKlass org/springframework/boot/actuate/autoconfigure/health/HealthEndpointConfiguration
instanceKlass org/springframework/boot/actuate/autoconfigure/web/ManagementContextFactory
instanceKlass org/springframework/boot/actuate/autoconfigure/web/servlet/ManagementServletContext
instanceKlass org/springframework/boot/actuate/autoconfigure/web/servlet/ServletManagementContextAutoConfiguration
instanceKlass org/springframework/boot/actuate/health/StatusAggregator
instanceKlass org/springframework/beans/factory/support/AbstractAutowireCapableBeanFactory$FactoryBeanMethodTypeFinder
instanceKlass org/springframework/boot/autoconfigure/orm/jpa/HibernateProperties$Naming
instanceKlass org/springframework/transaction/support/ResourceTransactionManager
instanceKlass org/springframework/boot/autoconfigure/orm/jpa/EntityManagerFactoryBuilderCustomizer
instanceKlass org/springframework/boot/orm/jpa/EntityManagerFactoryBuilder
instanceKlass org/springframework/boot/autoconfigure/orm/jpa/JpaProperties
instanceKlass org/hibernate/boot/model/naming/ImplicitNamingStrategy
instanceKlass org/hibernate/boot/model/naming/PhysicalNamingStrategy
instanceKlass org/springframework/orm/jpa/vendor/AbstractJpaVendorAdapter
instanceKlass org/springframework/orm/jpa/JpaVendorAdapter
instanceKlass org/springframework/boot/autoconfigure/orm/jpa/JpaBaseConfiguration
instanceKlass org/springframework/boot/autoconfigure/orm/jpa/HibernateJpaConfiguration$HibernateRuntimeHints
instanceKlass org/springframework/boot/autoconfigure/orm/jpa/HibernateProperties
instanceKlass org/springframework/boot/autoconfigure/orm/jpa/JpaBaseConfiguration$PersistenceManagedTypesConfiguration
instanceKlass org/springframework/orm/jpa/persistenceunit/PersistenceManagedTypes
instanceKlass org/springframework/boot/autoconfigure/orm/jpa/JpaBaseConfiguration$JpaWebConfiguration
instanceKlass org/springframework/orm/jpa/EntityManagerFactoryAccessor
instanceKlass org/springframework/web/context/request/AsyncWebRequestInterceptor
instanceKlass org/springframework/web/context/request/WebRequestInterceptor
instanceKlass org/springframework/boot/autoconfigure/transaction/ExecutionListenersTransactionManagerCustomizer
instanceKlass org/springframework/boot/autoconfigure/jdbc/DataSourceAutoConfiguration
instanceKlass org/springframework/boot/jdbc/metadata/DataSourcePoolMetadata
instanceKlass org/springframework/boot/autoconfigure/jdbc/metadata/DataSourcePoolMetadataProvidersConfiguration$HikariPoolDataSourceMetadataProviderConfiguration
instanceKlass org/springframework/boot/autoconfigure/jdbc/PropertiesJdbcConnectionDetails
instanceKlass org/springframework/boot/autoconfigure/transaction/TransactionManagerCustomizers
instanceKlass org/springframework/boot/autoconfigure/transaction/TransactionProperties
instanceKlass org/springframework/boot/autoconfigure/transaction/TransactionManagerCustomizer
instanceKlass org/springframework/boot/autoconfigure/jdbc/DataSourceProperties$Xa
instanceKlass org/springframework/boot/autoconfigure/jdbc/DataSourceCheckpointRestoreConfiguration
instanceKlass org/springframework/boot/autoconfigure/jdbc/metadata/DataSourcePoolMetadataProvidersConfiguration
instanceKlass org/springframework/boot/autoconfigure/sql/init/SqlInitializationAutoConfiguration
instanceKlass org/springframework/boot/autoconfigure/jdbc/DataSourceAutoConfiguration$PooledDataSourceConfiguration
instanceKlass org/springframework/boot/autoconfigure/jdbc/DataSourceJmxConfiguration$Hikari
instanceKlass org/springframework/boot/autoconfigure/jdbc/DataSourceJmxConfiguration
instanceKlass org/springframework/boot/autoconfigure/jdbc/DataSourceConfiguration$Generic
instanceKlass org/springframework/boot/autoconfigure/jdbc/DataSourceConfiguration$OracleUcp
instanceKlass org/springframework/boot/autoconfigure/jdbc/DataSourceConfiguration$Dbcp2
instanceKlass org/springframework/boot/autoconfigure/jdbc/DataSourceConfiguration$Tomcat
instanceKlass org/springframework/boot/autoconfigure/jdbc/JdbcConnectionDetailsBeanPostProcessor
instanceKlass org/springframework/boot/autoconfigure/jdbc/JdbcConnectionDetails
instanceKlass org/springframework/boot/autoconfigure/service/connection/ConnectionDetails
instanceKlass org/springframework/boot/autoconfigure/jdbc/DataSourceProperties
instanceKlass org/springframework/boot/autoconfigure/jdbc/DataSourceConfiguration$Hikari
instanceKlass javax/sql/XADataSource
instanceKlass org/springframework/boot/autoconfigure/transaction/jta/JtaAutoConfiguration
instanceKlass org/springframework/boot/autoconfigure/jackson/JacksonAutoConfiguration
instanceKlass org/springframework/boot/jackson/JsonMixinModuleEntries
instanceKlass org/springframework/boot/autoconfigure/jackson/JacksonAutoConfiguration$JacksonMixinConfiguration
instanceKlass org/springframework/boot/autoconfigure/transaction/jta/JndiJtaConfiguration
instanceKlass org/springframework/boot/autoconfigure/transaction/TransactionManagerCustomizationAutoConfiguration
instanceKlass org/springframework/boot/autoconfigure/transaction/TransactionAutoConfiguration
instanceKlass org/springframework/boot/autoconfigure/orm/jpa/HibernateJpaAutoConfiguration
instanceKlass org/springframework/boot/autoconfigure/jms/artemis/ArtemisAutoConfiguration
instanceKlass org/springframework/boot/autoconfigure/jms/activemq/ActiveMQAutoConfiguration
instanceKlass org/springframework/boot/autoconfigure/jdbc/XADataSourceAutoConfiguration
instanceKlass org/springframework/boot/autoconfigure/jackson/JacksonAutoConfiguration$JacksonObjectMapperConfiguration
instanceKlass org/springframework/boot/autoconfigure/jackson/JacksonAutoConfiguration$ParameterNamesModuleConfiguration
instanceKlass org/springframework/boot/autoconfigure/jackson/JacksonAutoConfiguration$JacksonObjectMapperBuilderConfiguration
instanceKlass org/springframework/boot/autoconfigure/jackson/JacksonAutoConfiguration$Jackson2ObjectMapperBuilderCustomizerConfiguration$StandardJackson2ObjectMapperBuilderCustomizer
instanceKlass org/springframework/boot/autoconfigure/jackson/Jackson2ObjectMapperBuilderCustomizer
instanceKlass org/springframework/boot/autoconfigure/jackson/JacksonAutoConfiguration$Jackson2ObjectMapperBuilderCustomizerConfiguration
instanceKlass org/springframework/boot/actuate/autoconfigure/availability/AvailabilityHealthContributorAutoConfiguration
instanceKlass org/springframework/boot/availability/ApplicationAvailabilityBean
instanceKlass org/springframework/boot/autoconfigure/jackson/JacksonProperties$Datatype
instanceKlass org/springframework/boot/autoconfigure/jackson/JacksonProperties
instanceKlass org/springframework/boot/autoconfigure/availability/ApplicationAvailabilityAutoConfiguration
instanceKlass org/springframework/boot/availability/ApplicationAvailability
instanceKlass org/springdoc/webmvc/ui/SwaggerUiHome
instanceKlass org/springdoc/webmvc/ui/SwaggerConfigResource
instanceKlass org/springdoc/webmvc/ui/SwaggerWebMvcConfigurer
instanceKlass org/springdoc/ui/AbstractSwaggerResourceResolver
instanceKlass org/springframework/web/servlet/resource/ResourceResolver
instanceKlass org/springdoc/webmvc/ui/SwaggerIndexTransformer
instanceKlass org/springframework/web/servlet/resource/ResourceTransformer
instanceKlass org/springdoc/webmvc/ui/SwaggerConfig
instanceKlass org/springdoc/ui/AbstractSwaggerWelcome
instanceKlass org/springdoc/core/service/GenericResponseService
instanceKlass org/springdoc/core/providers/SpringWebProvider
instanceKlass org/springdoc/core/service/AbstractRequestService
instanceKlass org/springdoc/webmvc/core/configuration/SpringDocWebMvcConfiguration
instanceKlass io/swagger/v3/core/filter/SpecFilter
instanceKlass org/springframework/expression/spel/CodeFlow
instanceKlass org/springframework/expression/common/TemplateAwareExpressionParser$Bracket
instanceKlass org/springdoc/webmvc/core/configuration/SpringDocWebMvcConfiguration$SpringDocWebMvcRouterConfiguration
instanceKlass org/springdoc/webmvc/core/configuration/SpringDocWebMvcConfiguration$SpringDocWebMvcActuatorConfiguration
instanceKlass org/springdoc/webmvc/core/providers/RouterFunctionWebMvcProvider
instanceKlass org/springdoc/core/providers/RouterFunctionProvider
instanceKlass org/springdoc/core/properties/SwaggerUiOAuthProperties
instanceKlass org/springdoc/core/properties/AbstractSwaggerUiConfigProperties
instanceKlass org/springdoc/core/configuration/SpringDocUIConfiguration
instanceKlass org/springdoc/core/configuration/SpringDocSortConfiguration
instanceKlass org/springdoc/core/converters/SortOpenAPIConverter
instanceKlass org/springdoc/core/configuration/SpringDocSecurityConfiguration
instanceKlass org/springdoc/core/configuration/SpringDocSecurityConfiguration$SpringSecurityLoginEndpointConfiguration
instanceKlass org/springdoc/core/configuration/hints/SpringDocSecurityHints
instanceKlass org/springdoc/core/customizers/DelegatingMethodParameterCustomizer
instanceKlass org/springdoc/core/configuration/SpringDocPageableConfiguration
instanceKlass org/springdoc/core/converters/PageableOpenAPIConverter
instanceKlass org/springdoc/core/customizers/SpringDocCustomizers
instanceKlass org/springdoc/core/converters/ResponseSupportConverter
instanceKlass org/springdoc/core/converters/PropertyCustomizingConverter
instanceKlass org/springdoc/core/converters/PolymorphicModelConverter
instanceKlass org/springdoc/core/converters/AdditionalModelsConverter
instanceKlass org/springdoc/core/customizers/GlobalOpenApiCustomizer
instanceKlass org/springdoc/core/customizers/OpenApiCustomizer
instanceKlass org/springdoc/core/converters/FileSupportConverter
instanceKlass org/springdoc/core/converters/ModelConverterRegistrar
instanceKlass org/springdoc/core/converters/SchemaPropertyDeprecatingConverter
instanceKlass io/swagger/v3/core/converter/ModelConverter
instanceKlass org/springdoc/core/service/OperationService
instanceKlass org/springdoc/core/providers/SpringDocProviders
instanceKlass io/swagger/v3/core/util/ObjectMapperFactory
instanceKlass org/springdoc/core/service/RequestBodyService
instanceKlass org/springdoc/core/service/GenericParameterService
instanceKlass org/springdoc/core/utils/PropertyResolverUtils
instanceKlass org/springdoc/core/service/SecurityService
instanceKlass org/springdoc/core/service/OpenAPIService
instanceKlass org/springdoc/core/parsers/ReturnTypeParser
instanceKlass io/swagger/v3/oas/models/media/Schema
instanceKlass org/springdoc/core/customizers/PropertyCustomizer
instanceKlass org/springdoc/core/configuration/SpringDocConfiguration
instanceKlass org/springdoc/core/providers/WebConversionServiceProvider
instanceKlass org/springdoc/core/configuration/SpringDocConfiguration$WebConversionServiceConfiguration
instanceKlass org/springdoc/core/models/GroupedOpenApi
instanceKlass org/springdoc/core/configuration/SpringDocConfiguration$SpringDocSpringDataWebPropertiesProvider
instanceKlass org/springdoc/core/configuration/SpringDocConfiguration$OpenApiResourceAdvice
instanceKlass org/springdoc/core/providers/SpringDataWebPropertiesProvider
instanceKlass org/springdoc/core/configuration/SpringDocConfiguration$QuerydslProvider
instanceKlass org/springdoc/core/customizers/QuerydslPredicateOperationCustomizer
instanceKlass org/springdoc/core/customizers/GlobalOperationCustomizer
instanceKlass org/springdoc/core/customizers/OperationCustomizer
instanceKlass org/springframework/boot/autoconfigure/web/WebResourcesRuntimeHints
instanceKlass org/springframework/core/ResolvableType$WildcardBounds
instanceKlass org/springframework/web/context/request/RequestContextListener
instanceKlass jakarta/servlet/ServletRequestListener
instanceKlass org/springframework/boot/autoconfigure/http/HttpMessageConverters
instanceKlass org/springframework/web/servlet/config/annotation/ResourceHandlerRegistration
instanceKlass org/springframework/boot/web/servlet/filter/OrderedFilter
instanceKlass org/springframework/boot/autoconfigure/web/servlet/WebMvcAutoConfiguration$WebMvcAutoConfigurationAdapter
instanceKlass org/springframework/lang/Nullable
instanceKlass org/springframework/web/util/UrlPathHelper
instanceKlass org/springframework/web/util/pattern/PathPatternParser
instanceKlass org/springframework/web/method/support/CompositeUriComponentsContributor
instanceKlass org/springframework/web/method/support/UriComponentsContributor
instanceKlass org/springframework/web/servlet/handler/HandlerMappingIntrospector
instanceKlass org/springframework/web/servlet/mvc/HttpRequestHandlerAdapter
instanceKlass org/springframework/web/servlet/mvc/SimpleControllerHandlerAdapter
instanceKlass org/springframework/web/servlet/function/support/HandlerFunctionAdapter
instanceKlass jakarta/servlet/ServletContext
instanceKlass org/springframework/boot/autoconfigure/web/servlet/WebMvcAutoConfiguration$WelcomePageHandlerMappingFactory
instanceKlass org/springframework/web/servlet/handler/AbstractHandlerExceptionResolver
instanceKlass org/springframework/web/bind/support/ConfigurableWebBindingInitializer
instanceKlass org/springframework/web/accept/ContentNegotiationManager
instanceKlass org/springframework/web/accept/MediaTypeFileExtensionResolver
instanceKlass org/springframework/web/servlet/HandlerAdapter
instanceKlass org/springframework/web/servlet/resource/ResourceUrlProvider
instanceKlass org/springframework/web/servlet/HandlerInterceptor
instanceKlass org/springframework/web/bind/support/WebBindingInitializer
instanceKlass org/springframework/web/servlet/handler/MatchableHandlerMapping
instanceKlass org/springframework/web/servlet/FlashMapManager
instanceKlass org/springframework/web/servlet/RequestToViewNameTranslator
instanceKlass org/springframework/web/servlet/ThemeResolver
instanceKlass org/springframework/web/servlet/LocaleResolver
instanceKlass org/springframework/boot/autoconfigure/web/servlet/error/AbstractErrorController
instanceKlass org/springframework/boot/autoconfigure/web/servlet/error/ErrorMvcAutoConfiguration$ErrorPageCustomizer
instanceKlass org/springframework/boot/web/server/ErrorPageRegistrar
instanceKlass org/springframework/boot/web/servlet/error/DefaultErrorAttributes
instanceKlass org/springframework/web/servlet/HandlerExceptionResolver
instanceKlass org/springframework/boot/autoconfigure/web/servlet/error/ErrorMvcAutoConfiguration$PreserveErrorControllerTargetClassPostProcessor
instanceKlass org/springframework/boot/web/servlet/error/ErrorController
instanceKlass org/springframework/boot/autoconfigure/web/servlet/error/ErrorMvcAutoConfiguration
instanceKlass org/springframework/boot/autoconfigure/web/servlet/error/DefaultErrorViewResolver
instanceKlass org/springframework/boot/web/servlet/error/ErrorAttributes
instanceKlass org/springframework/boot/autoconfigure/web/servlet/WebMvcAutoConfiguration
instanceKlass org/springframework/boot/autoconfigure/web/WebProperties$Resources
instanceKlass org/springframework/boot/autoconfigure/web/servlet/error/ErrorViewResolver
instanceKlass org/springframework/boot/autoconfigure/web/servlet/error/ErrorMvcAutoConfiguration$DefaultErrorViewResolverConfiguration
instanceKlass org/springframework/boot/autoconfigure/web/WebProperties
instanceKlass org/springframework/web/servlet/View
instanceKlass org/springframework/boot/autoconfigure/web/servlet/error/ErrorMvcAutoConfiguration$WhitelabelErrorViewConfiguration
instanceKlass org/springframework/web/servlet/ViewResolver
instanceKlass org/springframework/boot/autoconfigure/validation/ValidationConfigurationCustomizer
instanceKlass org/springframework/validation/beanvalidation/SpringValidatorAdapter
instanceKlass org/springframework/validation/SmartValidator
instanceKlass org/springframework/boot/autoconfigure/validation/ValidationAutoConfiguration
instanceKlass org/springframework/boot/autoconfigure/task/TaskExecutionAutoConfiguration
instanceKlass org/springframework/boot/autoconfigure/task/TaskExecutionProperties$Shutdown
instanceKlass org/springframework/boot/autoconfigure/task/TaskExecutionProperties$Simple
instanceKlass org/springframework/boot/autoconfigure/task/TaskExecutionProperties$Pool
instanceKlass org/springframework/boot/autoconfigure/task/TaskExecutorConfigurations$TaskExecutorConfiguration
instanceKlass org/springframework/boot/autoconfigure/task/TaskExecutorConfigurations$SimpleAsyncTaskExecutorBuilderConfiguration
instanceKlass org/springframework/boot/task/SimpleAsyncTaskExecutorBuilder
instanceKlass org/springframework/boot/autoconfigure/task/TaskExecutorConfigurations$TaskExecutorBuilderConfiguration
instanceKlass org/springframework/boot/autoconfigure/task/TaskExecutionProperties
instanceKlass org/springframework/boot/task/ThreadPoolTaskExecutorCustomizer
instanceKlass org/springframework/boot/task/TaskExecutorCustomizer
instanceKlass org/springframework/boot/task/ThreadPoolTaskExecutorBuilder
instanceKlass org/springframework/boot/autoconfigure/task/TaskExecutorConfigurations$ThreadPoolTaskExecutorBuilderConfiguration
instanceKlass org/springframework/boot/autoconfigure/web/servlet/DispatcherServletAutoConfiguration
instanceKlass org/springframework/boot/autoconfigure/web/servlet/DispatcherServletPath
instanceKlass org/springframework/boot/task/TaskExecutorBuilder
instanceKlass org/springframework/aop/scope/ScopedProxyUtils
instanceKlass org/springframework/boot/autoconfigure/web/servlet/DispatcherServletAutoConfiguration$DispatcherServletRegistrationConfiguration
instanceKlass org/springframework/boot/autoconfigure/web/servlet/WebMvcProperties$Problemdetails
instanceKlass org/springframework/boot/autoconfigure/web/servlet/WebMvcProperties$Pathmatch
instanceKlass org/springframework/boot/autoconfigure/web/servlet/WebMvcProperties$Contentnegotiation
instanceKlass org/springframework/boot/autoconfigure/web/servlet/WebMvcProperties$View
instanceKlass org/springframework/boot/autoconfigure/web/servlet/WebMvcProperties$Servlet
instanceKlass org/springframework/boot/autoconfigure/web/servlet/WebMvcProperties$Async
instanceKlass org/springframework/boot/autoconfigure/web/servlet/WebMvcProperties$Format
instanceKlass org/springframework/validation/MessageCodeFormatter
instanceKlass org/springframework/boot/autoconfigure/web/servlet/DispatcherServletAutoConfiguration$DispatcherServletConfiguration
instanceKlass org/springframework/boot/autoconfigure/web/servlet/WebMvcProperties
instanceKlass org/springframework/boot/web/server/ErrorPageRegistrarBeanPostProcessor
instanceKlass org/springframework/boot/autoconfigure/web/servlet/ServletWebServerFactoryCustomizer
instanceKlass org/springframework/boot/autoconfigure/web/servlet/TomcatServletWebServerFactoryCustomizer
instanceKlass org/springframework/boot/web/server/AbstractConfigurableWebServerFactory
instanceKlass org/springframework/boot/web/servlet/server/ConfigurableServletWebServerFactory
instanceKlass org/springframework/boot/web/servlet/WebListenerRegistry
instanceKlass org/springframework/boot/web/embedded/tomcat/ConfigurableTomcatWebServerFactory
instanceKlass org/springframework/boot/web/server/ConfigurableWebServerFactory
instanceKlass org/springframework/boot/web/server/ErrorPageRegistry
instanceKlass org/springframework/boot/web/server/WebServerFactoryCustomizerBeanPostProcessor
instanceKlass org/springframework/boot/autoconfigure/web/ServerProperties$Undertow
instanceKlass org/springframework/boot/autoconfigure/web/ServerProperties$Netty
instanceKlass org/springframework/boot/autoconfigure/web/ServerProperties$Jetty
instanceKlass org/springframework/boot/autoconfigure/web/ServerProperties$Tomcat
instanceKlass org/springframework/boot/autoconfigure/web/ServerProperties$Reactive
instanceKlass org/springframework/boot/autoconfigure/web/ServerProperties$Servlet
instanceKlass org/springframework/boot/web/server/Http2
instanceKlass org/springframework/boot/web/server/Compression
instanceKlass org/springframework/boot/web/server/Ssl
instanceKlass org/springframework/boot/autoconfigure/web/ErrorProperties
instanceKlass org/springframework/boot/autoconfigure/web/servlet/ServletWebServerFactoryConfiguration$EmbeddedUndertow
instanceKlass org/springframework/boot/autoconfigure/web/servlet/ServletWebServerFactoryConfiguration$EmbeddedJetty
instanceKlass org/springframework/boot/autoconfigure/web/servlet/ServletWebServerFactoryConfiguration$EmbeddedTomcat
instanceKlass org/springframework/boot/autoconfigure/web/ServerProperties
instanceKlass org/springframework/boot/autoconfigure/websocket/servlet/WebSocketServletAutoConfiguration
instanceKlass org/springframework/boot/autoconfigure/websocket/servlet/TomcatWebSocketServletWebServerCustomizer
instanceKlass org/springframework/boot/web/server/WebServerFactoryCustomizer
instanceKlass org/springframework/boot/autoconfigure/websocket/servlet/WebSocketServletAutoConfiguration$TomcatWebSocketConfiguration
instanceKlass org/springframework/boot/web/servlet/server/ServletWebServerFactory
instanceKlass org/springframework/boot/web/server/WebServerFactory
instanceKlass org/springframework/boot/autoconfigure/web/servlet/ServletWebServerFactoryAutoConfiguration
instanceKlass org/springframework/boot/context/properties/BindMethodAttribute
instanceKlass org/springframework/boot/autoconfigure/ssl/SslProperties$Bundles
instanceKlass org/springframework/boot/context/properties/ConfigurationPropertiesBean
instanceKlass org/springframework/boot/context/properties/ConfigurationPropertiesBeanRegistrar
instanceKlass org/springframework/boot/validation/beanvalidation/MethodValidationExcludeFilter
instanceKlass org/springframework/boot/context/properties/BoundConfigurationProperties
instanceKlass org/springframework/boot/context/properties/ConfigurationPropertiesBinder$ConfigurationPropertiesBinderFactory
instanceKlass org/springframework/boot/context/properties/ConfigurationPropertiesBinder
instanceKlass org/springframework/boot/context/properties/ConfigurationPropertiesBindingPostProcessor
instanceKlass org/springframework/boot/autoconfigure/ssl/SslPropertiesBundleRegistrar
instanceKlass org/springframework/boot/autoconfigure/ssl/SslBundleRegistrar
instanceKlass org/springframework/boot/ssl/DefaultSslBundleRegistry
instanceKlass org/springframework/boot/ssl/SslBundles
instanceKlass org/springframework/boot/autoconfigure/ssl/FileWatcher
instanceKlass org/springframework/boot/autoconfigure/ssl/SslAutoConfiguration
instanceKlass org/springframework/boot/ssl/SslBundleRegistry
instanceKlass org/springframework/boot/autoconfigure/ssl/SslProperties
instanceKlass org/springframework/boot/autoconfigure/context/PropertyPlaceholderAutoConfiguration
instanceKlass org/springframework/web/cors/CorsConfigurationSource
instanceKlass org/springframework/security/authentication/AuthenticationProvider
instanceKlass org/springframework/security/config/annotation/web/HttpSecurityBuilder
instanceKlass org/springframework/security/core/context/SecurityContextHolderStrategy
instanceKlass org/springframework/security/config/annotation/SecurityConfigurerAdapter
instanceKlass org/springframework/web/accept/ContentNegotiationStrategy
instanceKlass org/springframework/validation/MessageCodesResolver
instanceKlass org/springframework/web/servlet/config/annotation/ViewResolverRegistry
instanceKlass org/springframework/web/servlet/config/annotation/ResourceHandlerRegistry
instanceKlass org/springframework/web/servlet/config/annotation/ContentNegotiationConfigurer
instanceKlass org/springframework/web/servlet/config/annotation/DefaultServletHandlerConfigurer
instanceKlass org/springframework/web/servlet/config/annotation/AsyncSupportConfigurer
instanceKlass org/springframework/validation/Validator
instanceKlass org/springframework/web/servlet/config/annotation/ViewControllerRegistry
instanceKlass org/springframework/web/servlet/config/annotation/CorsRegistry
instanceKlass org/springframework/web/servlet/config/annotation/InterceptorRegistry
instanceKlass org/springframework/web/servlet/config/annotation/PathMatchConfigurer
instanceKlass org/springframework/web/servlet/support/RequestDataValueProcessor
instanceKlass org/springframework/security/config/annotation/web/configuration/WebMvcSecurityConfiguration
instanceKlass org/springframework/security/web/FilterInvocation
instanceKlass org/springframework/security/web/access/WebInvocationPrivilegeEvaluator
instanceKlass org/springframework/security/config/annotation/web/AbstractRequestMatcherRegistry
instanceKlass org/springframework/security/access/expression/SecurityExpressionHandler
instanceKlass org/springframework/security/context/DelegatingApplicationListener
instanceKlass org/springframework/security/config/annotation/authentication/configuration/GlobalAuthenticationConfigurerAdapter
instanceKlass org/springframework/security/config/annotation/AbstractSecurityBuilder
instanceKlass org/springframework/security/config/annotation/authentication/ProviderManagerBuilder
instanceKlass org/springframework/security/config/annotation/SecurityBuilder
instanceKlass org/springframework/security/crypto/password/PasswordEncoder
instanceKlass org/springframework/security/config/annotation/SecurityConfigurer
instanceKlass org/springframework/data/mapping/context/AbstractMappingContext
instanceKlass org/springframework/data/auditing/AuditableBeanWrapper
instanceKlass org/springframework/data/auditing/Auditor
instanceKlass org/springframework/data/domain/AuditorAware
instanceKlass org/springframework/data/mapping/context/MappingContext
instanceKlass org/springframework/data/auditing/AuditableBeanWrapperFactory
instanceKlass org/aspectj/lang/JoinPoint
instanceKlass org/springframework/beans/factory/aspectj/AbstractInterfaceDrivenDependencyInjectionAspect$ConfigurableDeserializationSupport
instanceKlass org/springframework/beans/factory/annotation/Configurable
instanceKlass org/springframework/beans/factory/wiring/BeanWiringInfoResolver
instanceKlass org/springframework/core/annotation/AnnotatedElementUtils
instanceKlass org/springframework/context/annotation/BeanAnnotationHelper
instanceKlass org/springframework/boot/autoconfigure/condition/OnBeanCondition$MatchResult
instanceKlass org/springframework/core/io/support/PropertiesLoaderSupport
instanceKlass org/springframework/boot/autoconfigure/AutoConfigurationPackages$BasePackages
instanceKlass org/springframework/boot/autoconfigure/AutoConfigurationPackages
instanceKlass org/springframework/boot/autoconfigure/AutoConfigurationPackages$PackageImports
instanceKlass org/springframework/security/config/annotation/configuration/ObjectPostProcessorConfiguration
instanceKlass org/springframework/data/jpa/domain/support/AuditingBeanFactoryPostProcessor
instanceKlass org/springframework/data/config/ParsingUtils
instanceKlass org/springframework/data/jpa/domain/support/AuditingEntityListener
instanceKlass org/springframework/beans/factory/aspectj/ConfigurableObject
instanceKlass org/springframework/beans/factory/config/AbstractFactoryBean
instanceKlass org/springframework/beans/factory/config/ConstructorArgumentValues$ValueHolder
instanceKlass org/springframework/beans/factory/config/ConstructorArgumentValues
instanceKlass org/springframework/data/auditing/DateTimeProvider
instanceKlass org/springframework/data/auditing/AuditingHandlerSupport
instanceKlass org/springframework/data/auditing/config/AnnotationAuditingConfiguration
instanceKlass org/springframework/beans/factory/parsing/ComponentDefinition
instanceKlass org/springframework/beans/factory/aspectj/AbstractDependencyInjectionAspect
instanceKlass org/springframework/core/type/StandardMethodMetadata
instanceKlass org/springframework/context/annotation/ConfigurationClassBeanDefinitionReader$TrackedConditionEvaluator
instanceKlass org/springframework/security/web/util/matcher/RequestMatcher
instanceKlass org/springframework/web/servlet/config/annotation/WebMvcConfigurationSupport
instanceKlass org/springframework/web/servlet/config/annotation/EnableWebMvc
instanceKlass org/springframework/boot/actuate/autoconfigure/web/server/ManagementContextConfigurationImportSelector$ManagementConfiguration
instanceKlass org/springframework/boot/actuate/autoconfigure/web/ManagementContextConfiguration
instanceKlass org/springframework/context/annotation/ConfigurationClassParser$DefaultDeferredImportSelectorGroup
instanceKlass org/springframework/boot/actuate/autoconfigure/web/server/ManagementContextConfigurationImportSelector
instanceKlass org/springframework/boot/actuate/autoconfigure/web/server/EnableManagementContext
instanceKlass org/springframework/boot/autoconfigure/condition/ConditionalOnWarDeployment
instanceKlass org/springframework/transaction/annotation/AbstractTransactionManagementConfiguration
instanceKlass org/springframework/context/annotation/AutoProxyRegistrar
instanceKlass org/springframework/transaction/annotation/TransactionManagementConfigurationSelector$1
instanceKlass org/springframework/context/annotation/AdviceModeImportSelector
instanceKlass org/springframework/transaction/annotation/EnableTransactionManagement
instanceKlass org/springframework/transaction/interceptor/TransactionAspectSupport
instanceKlass org/springframework/jdbc/datasource/init/DatabasePopulator
instanceKlass org/springframework/boot/sql/init/dependency/DatabaseInitializationDependencyConfigurer
instanceKlass org/springframework/data/querydsl/QuerydslUtils
instanceKlass org/springframework/data/web/config/SpringDataJacksonModules
instanceKlass org/springframework/data/web/config/SpringDataWebConfiguration
instanceKlass org/springframework/data/web/config/ProjectingArgumentResolverRegistrar
instanceKlass org/springframework/data/web/config/EnableSpringDataWebSupport$QuerydslActivator
instanceKlass org/springframework/data/web/config/EnableSpringDataWebSupport$SpringDataWebConfigurationImportSelector
instanceKlass org/springframework/data/web/config/EnableSpringDataWebSupport
instanceKlass org/springframework/data/repository/config/RepositoryConfigurationExtension
instanceKlass org/springframework/data/repository/config/RepositoryConfigurationSourceSupport
instanceKlass org/springframework/data/repository/config/RepositoryConfigurationSource
instanceKlass org/springframework/boot/autoconfigure/data/AbstractRepositoryConfigurationSourceSupport
instanceKlass org/springframework/boot/autoconfigure/data/jpa/JpaRepositoriesAutoConfiguration$JpaRepositoriesImportSelector
instanceKlass org/springframework/context/annotation/AspectJAutoProxyRegistrar
instanceKlass org/springframework/context/annotation/EnableAspectJAutoProxy
instanceKlass org/springframework/boot/actuate/web/mappings/MappingsEndpoint
instanceKlass org/springframework/boot/actuate/web/exchanges/HttpExchangesEndpoint
instanceKlass org/springframework/boot/context/metrics/buffering/BufferingApplicationStartup
instanceKlass org/springframework/boot/autoconfigure/security/ConditionalOnDefaultWebSecurity
instanceKlass org/springframework/boot/actuate/scheduling/ScheduledTasksEndpoint$ScheduledTasksEndpointRuntimeHints
instanceKlass org/springframework/aot/hint/RuntimeHintsRegistrar
instanceKlass org/springframework/boot/actuate/scheduling/ScheduledTasksEndpoint
instanceKlass org/springframework/web/client/RestClient$Builder
instanceKlass org/springframework/boot/web/client/RestTemplateBuilder
instanceKlass org/springframework/boot/jdbc/metadata/DataSourcePoolMetadataProvider
instanceKlass org/springframework/boot/actuate/metrics/cache/CacheMeterBinderProvider
instanceKlass org/springframework/boot/actuate/metrics/MetricsEndpoint
instanceKlass org/springframework/boot/actuate/autoconfigure/metrics/export/ConditionalOnEnabledMetricsExport
instanceKlass org/springframework/boot/actuate/management/ThreadDumpEndpoint
instanceKlass org/springframework/boot/actuate/management/HeapDumpWebEndpoint
instanceKlass org/springframework/boot/actuate/logging/LoggersEndpoint$LoggerLevelsDescriptor
instanceKlass org/springframework/boot/actuate/endpoint/OperationResponseBody
instanceKlass org/springframework/aot/hint/annotation/RegisterReflectionForBinding
instanceKlass org/springframework/boot/actuate/logging/LoggersEndpoint
instanceKlass org/springframework/boot/actuate/endpoint/annotation/DiscovererEndpointFilter
instanceKlass org/springframework/boot/actuate/endpoint/annotation/FilteredEndpoint
instanceKlass org/springframework/boot/actuate/endpoint/web/annotation/WebEndpoint
instanceKlass org/springframework/boot/actuate/logging/LogFileWebEndpoint
instanceKlass org/springframework/boot/actuate/autoconfigure/health/ConditionalOnEnabledHealthIndicator
instanceKlass org/springframework/boot/actuate/env/EnvironmentEndpoint
instanceKlass org/springframework/boot/actuate/context/properties/ConfigurationPropertiesReportEndpoint
instanceKlass org/springframework/boot/actuate/context/ShutdownEndpoint
instanceKlass org/springframework/boot/actuate/autoconfigure/condition/ConditionsReportEndpoint
instanceKlass org/springframework/boot/autoconfigure/condition/ConditionalOnCloudPlatform
instanceKlass org/springframework/boot/actuate/info/InfoEndpoint
instanceKlass org/springframework/boot/actuate/autoconfigure/info/ConditionalOnEnabledInfoContributor
instanceKlass org/springframework/boot/actuate/health/HealthEndpointSupport
instanceKlass org/springframework/boot/actuate/cache/CachesEndpoint
instanceKlass org/springframework/cache/Cache
instanceKlass org/springframework/boot/autoconfigure/cache/NoOpCacheConfiguration
instanceKlass org/springframework/boot/autoconfigure/cache/SimpleCacheConfiguration
instanceKlass org/springframework/boot/autoconfigure/cache/Cache2kCacheConfiguration
instanceKlass org/springframework/boot/autoconfigure/cache/CaffeineCacheConfiguration
instanceKlass org/springframework/boot/autoconfigure/cache/RedisCacheConfiguration
instanceKlass org/springframework/boot/autoconfigure/cache/CouchbaseCacheConfiguration
instanceKlass org/springframework/boot/autoconfigure/cache/JCacheCacheConfiguration
instanceKlass org/springframework/boot/autoconfigure/cache/InfinispanCacheConfiguration
instanceKlass org/springframework/boot/autoconfigure/cache/HazelcastCacheConfiguration
instanceKlass org/springframework/boot/autoconfigure/cache/GenericCacheConfiguration
instanceKlass org/springframework/boot/autoconfigure/cache/CacheConfigurations
instanceKlass org/springframework/boot/autoconfigure/cache/CacheAutoConfiguration$CacheConfigurationImportSelector
instanceKlass org/springframework/boot/autoconfigure/condition/ConditionalOnCheckpointRestore
instanceKlass org/springframework/boot/jdbc/DataSourceBuilder$MappedDataSourceProperty
instanceKlass org/springframework/boot/jdbc/DataSourceBuilder$Setter
instanceKlass org/springframework/boot/jdbc/DataSourceBuilder$Getter
instanceKlass com/zaxxer/hikari/HikariConfig
instanceKlass com/zaxxer/hikari/HikariConfigMXBean
instanceKlass org/springframework/boot/jdbc/DataSourceBuilder$MappedDataSourceProperties
instanceKlass org/springframework/boot/jdbc/DataSourceBuilder$DataSourceProperties
instanceKlass org/springframework/boot/jdbc/DataSourceBuilder
instanceKlass org/springframework/boot/autoconfigure/condition/AbstractNestedCondition$MemberOutcomes
instanceKlass org/springframework/boot/autoconfigure/condition/AbstractNestedCondition$MemberMatchOutcomes
instanceKlass org/springframework/boot/autoconfigure/condition/AbstractNestedCondition$MemberConditions
instanceKlass org/springframework/transaction/support/AbstractPlatformTransactionManager
instanceKlass org/springframework/transaction/ConfigurableTransactionManager
instanceKlass org/springframework/transaction/jta/TransactionFactory
instanceKlass org/springframework/boot/autoconfigure/condition/ConditionalOnJndi
instanceKlass org/springframework/boot/actuate/beans/BeansEndpoint
instanceKlass org/springframework/boot/convert/Delimiter
instanceKlass org/springframework/boot/actuate/autoconfigure/endpoint/expose/IncludeExcludeEndpointFilter$EndpointPatterns
instanceKlass org/springframework/boot/actuate/endpoint/ExposableEndpoint
instanceKlass org/springframework/boot/actuate/autoconfigure/endpoint/expose/IncludeExcludeEndpointFilter
instanceKlass org/springframework/boot/actuate/endpoint/EndpointFilter
instanceKlass org/springframework/boot/actuate/endpoint/EndpointId
instanceKlass org/springframework/boot/actuate/endpoint/annotation/Endpoint
instanceKlass org/springframework/boot/actuate/audit/AuditEventsEndpoint
instanceKlass org/springframework/boot/actuate/autoconfigure/endpoint/condition/ConditionalOnAvailableEndpoint
instanceKlass org/springframework/web/servlet/function/RouterFunction
instanceKlass org/springframework/core/convert/support/StringToNumberConverterFactory$StringToNumber
instanceKlass org/springframework/boot/context/properties/source/ConfigurationProperty
instanceKlass org/springframework/boot/origin/PropertySourceOrigin
instanceKlass org/springframework/boot/web/reactive/context/ConfigurableReactiveWebApplicationContext
instanceKlass org/springframework/boot/web/reactive/context/ReactiveWebApplicationContext
instanceKlass org/springframework/context/support/ApplicationObjectSupport
instanceKlass org/springframework/web/servlet/HandlerMapping
instanceKlass org/springframework/boot/context/properties/bind/JavaBeanBinder$BeanSupplier
instanceKlass java/beans/Introspector$1
instanceKlass jdk/internal/access/JavaBeansAccess
instanceKlass java/beans/Introspector
instanceKlass org/springframework/boot/context/properties/bind/JavaBeanBinder$BeanProperty
instanceKlass java/lang/invoke/MethodHandleImpl$ArrayAccessor
instanceKlass java/lang/invoke/MethodHandleImpl$2
instanceKlass java/lang/invoke/MethodHandleImpl$LoopClauses
instanceKlass java/lang/invoke/MethodHandleImpl$CasesHolder
instanceKlass java/lang/invoke/MethodHandleImpl$BindCaller
instanceKlass org/springdoc/core/properties/SpringDocConfigProperties$GroupConfig
instanceKlass io/swagger/v3/oas/models/OpenAPI
instanceKlass org/springdoc/core/properties/SpringDocConfigProperties$SortConverter
instanceKlass org/springdoc/core/properties/SpringDocConfigProperties$ModelConverters
instanceKlass org/springdoc/core/properties/SpringDocConfigProperties$Cache
instanceKlass org/springdoc/core/properties/SpringDocConfigProperties$ApiDocs
instanceKlass org/springdoc/core/properties/SpringDocConfigProperties$Webjars
instanceKlass org/springdoc/core/properties/SpringDocConfigProperties
instanceKlass org/springdoc/core/conditions/SpecPropertiesCondition
instanceKlass org/springframework/data/domain/Sort
instanceKlass org/springframework/data/util/Streamable
instanceKlass org/springframework/expression/common/ExpressionUtils
instanceKlass org/springframework/expression/spel/ExpressionState
instanceKlass org/springframework/expression/spel/standard/SpelExpression
instanceKlass org/springframework/expression/spel/standard/Token
instanceKlass org/springframework/expression/spel/standard/Tokenizer
instanceKlass org/springframework/expression/spel/ast/SpelNodeImpl
instanceKlass org/springframework/expression/spel/SpelNode
instanceKlass org/springframework/security/web/SecurityFilterChain
instanceKlass org/springframework/data/domain/Pageable
instanceKlass org/springframework/boot/actuate/autoconfigure/endpoint/web/WebEndpointProperties
instanceKlass org/springframework/boot/autoconfigure/data/web/SpringDataWebProperties
instanceKlass org/springframework/data/querydsl/binding/QuerydslBindingsFactory
instanceKlass org/springframework/boot/actuate/autoconfigure/web/server/ConditionalOnManagementPort
instanceKlass org/springframework/http/HttpStatusCode
instanceKlass org/springframework/web/bind/annotation/ResponseStatus
instanceKlass org/springframework/web/bind/annotation/ExceptionHandler
instanceKlass io/swagger/v3/oas/annotations/Hidden
instanceKlass org/springframework/web/bind/annotation/ControllerAdvice
instanceKlass org/springframework/web/bind/annotation/RestControllerAdvice
instanceKlass org/springframework/boot/autoconfigure/web/WebProperties$Resources$Chain
instanceKlass org/springframework/boot/autoconfigure/web/ConditionalOnEnabledResourceChain
instanceKlass org/springframework/boot/autoconfigure/web/servlet/JspTemplateAvailabilityProvider
instanceKlass org/springframework/boot/autoconfigure/thymeleaf/ThymeleafTemplateAvailabilityProvider
instanceKlass org/springframework/boot/autoconfigure/mustache/MustacheTemplateAvailabilityProvider
instanceKlass org/springframework/boot/autoconfigure/template/PathBasedTemplateAvailabilityProvider$TemplateAvailabilityProperties
instanceKlass org/springframework/boot/autoconfigure/template/PathBasedTemplateAvailabilityProvider
instanceKlass org/springframework/boot/autoconfigure/template/TemplateAvailabilityProviders$NoTemplateAvailabilityProvider
instanceKlass org/springframework/boot/autoconfigure/template/TemplateAvailabilityProvider
instanceKlass org/springframework/boot/autoconfigure/template/TemplateAvailabilityProviders
instanceKlass org/springframework/boot/autoconfigure/validation/PrimaryDefaultValidatorPostProcessor
instanceKlass org/springframework/boot/autoconfigure/condition/ConditionalOnResource
instanceKlass org/springframework/boot/autoconfigure/condition/ConditionalOnThreading
instanceKlass com/billquote/service/SocieteServiceImpl
instanceKlass com/billquote/service/SocieteService
instanceKlass com/billquote/service/PdfStorageService
instanceKlass com/billquote/service/PdfService
instanceKlass com/billquote/service/FactureServiceImpl
instanceKlass com/billquote/service/FactureService
instanceKlass com/billquote/service/DevisServiceImpl
instanceKlass com/billquote/service/DevisService
instanceKlass com/billquote/service/ClientServiceImpl
instanceKlass com/billquote/service/ClientService
instanceKlass com/billquote/service/AuthServiceImpl
instanceKlass com/billquote/service/AuthService
instanceKlass com/billquote/security/JwtUtil
instanceKlass com/billquote/security/JpaUserDetailsService
instanceKlass org/springframework/security/core/userdetails/UserDetailsService
instanceKlass com/billquote/controller/SocieteController
instanceKlass com/billquote/controller/HealthController
instanceKlass com/billquote/controller/FactureController
instanceKlass com/billquote/controller/DevisController
instanceKlass com/billquote/controller/ClientController
instanceKlass com/billquote/controller/AuthController
instanceKlass com/billquote/config/SecurityConfig
instanceKlass com/billquote/config/MongoAuditingConfig
instanceKlass com/billquote/config/JpaAuditingConfig
instanceKlass com/billquote/config/CorsConfig
instanceKlass org/apache/coyote/UpgradeProtocol
instanceKlass org/springframework/boot/autoconfigure/web/servlet/ServletWebServerFactoryAutoConfiguration$BeanPostProcessorsRegistrar
instanceKlass org/springframework/boot/autoconfigure/condition/OnPropertyCondition$Spec
instanceKlass org/springframework/boot/web/servlet/RegistrationBean
instanceKlass org/springframework/boot/web/servlet/ServletContextInitializer
instanceKlass org/springframework/boot/autoconfigure/web/servlet/ConditionalOnMissingFilterBean
instanceKlass org/apache/tomcat/websocket/server/WsSci
instanceKlass jakarta/servlet/ServletContainerInitializer
instanceKlass org/apache/catalina/startup/Tomcat
instanceKlass org/springframework/boot/autoconfigure/condition/ConditionalOnNotWarDeployment
instanceKlass org/springframework/boot/autoconfigure/condition/OnWebApplicationCondition$1
instanceKlass org/springframework/core/annotation/MergedAnnotationCollectors
instanceKlass org/springframework/core/annotation/MergedAnnotationPredicates$UniquePredicate
instanceKlass org/springframework/boot/context/properties/EnableConfigurationPropertiesRegistrar
instanceKlass org/springframework/boot/context/properties/EnableConfigurationProperties
instanceKlass org/springframework/context/annotation/DeferredImportSelector$Group$Entry
instanceKlass org/springframework/boot/autoconfigure/BackgroundPreinitializer$JdkInitializer
instanceKlass org/springframework/boot/autoconfigure/AutoConfigureOrder
instanceKlass com/sun/security/sasl/Provider$1
instanceKlass sun/security/mscapi/SunMSCAPI$2
instanceKlass org/springframework/context/annotation/ImportRuntimeHints
instanceKlass org/springframework/boot/autoconfigure/condition/ConditionalOnMissingClass
instanceKlass sun/security/mscapi/SunMSCAPI$1
instanceKlass org/springframework/boot/autoconfigure/condition/ConditionalOnExpression
instanceKlass org/jcp/xml/dsig/internal/dom/XMLDSigRI$2
instanceKlass org/jcp/xml/dsig/internal/dom/XMLDSigRI$1
instanceKlass sun/security/smartcardio/SunPCSC$1
instanceKlass sun/security/pkcs11/SunPKCS11$Descriptor
instanceKlass javax/security/auth/callback/CallbackHandler
instanceKlass javax/security/auth/Subject
instanceKlass org/springframework/boot/context/properties/ConfigurationProperties
instanceKlass org/springframework/boot/autoconfigure/AutoConfigureAfter
instanceKlass org/springframework/boot/autoconfigure/AutoConfigureBefore
instanceKlass org/springframework/boot/autoconfigure/condition/ConditionalOnMissingBean
instanceKlass com/sun/security/sasl/gsskerb/JdkSASL$1
instanceKlass org/springframework/boot/autoconfigure/condition/ConditionalOnProperty
instanceKlass org/springframework/boot/autoconfigure/AutoConfigurationSorter$AutoConfigurationClass
instanceKlass org/springframework/boot/autoconfigure/AutoConfigurationSorter$AutoConfigurationClasses
instanceKlass org/springframework/boot/autoconfigure/AutoConfigurationSorter
instanceKlass java/security/spec/ECFieldF2m
instanceKlass sun/security/util/ObjectIdentifier
instanceKlass sun/security/util/ByteArrayTagOrder
instanceKlass sun/security/util/ByteArrayLexOrder
instanceKlass sun/security/util/DerEncoder
instanceKlass java/security/spec/ECParameterSpec
instanceKlass java/security/spec/AlgorithmParameterSpec
instanceKlass java/security/spec/ECPoint
instanceKlass java/security/spec/EllipticCurve
instanceKlass java/security/spec/ECFieldFp
instanceKlass java/security/spec/ECField
instanceKlass sun/security/util/CurveDB
instanceKlass sun/security/ec/SunEC$1
instanceKlass sun/security/jgss/SunProvider$1
instanceKlass org/springframework/boot/autoconfigure/condition/ConditionEvaluationReportAutoConfigurationImportListener
instanceKlass sun/security/jca/ProviderConfig$ProviderLoader
instanceKlass sun/security/jca/ProviderConfig$3
instanceKlass org/springframework/boot/autoconfigure/AutoConfigurationImportListener
instanceKlass org/springframework/boot/actuate/web/exchanges/HttpExchangeRepository
instanceKlass sun/security/rsa/SunRsaSignEntries
instanceKlass io/micrometer/core/instrument/Clock
instanceKlass org/springframework/boot/actuate/audit/AuditEventRepository
instanceKlass org/springframework/security/config/annotation/ObjectPostProcessor
instanceKlass org/springframework/boot/jdbc/XADataSourceWrapper
instanceKlass org/springframework/jdbc/core/namedparam/NamedParameterJdbcTemplate
instanceKlass org/springframework/jdbc/core/namedparam/NamedParameterJdbcOperations
instanceKlass org/springframework/cache/interceptor/AbstractCacheInvoker
instanceKlass org/springframework/boot/autoconfigure/condition/ConditionalOnSingleCandidate
instanceKlass sun/security/util/SecurityProviderConstants
instanceKlass org/springframework/boot/autoconfigure/condition/ConditionalOnBean
instanceKlass java/security/Provider$UString
instanceKlass java/security/Provider$Service
instanceKlass sun/security/provider/NativePRNG$NonBlocking
instanceKlass sun/security/provider/NativePRNG$Blocking
instanceKlass sun/security/provider/NativePRNG
instanceKlass sun/security/provider/SunEntries$1
instanceKlass sun/security/provider/SunEntries
instanceKlass org/springframework/boot/autoconfigure/condition/ConditionalOnWebApplication
instanceKlass sun/security/jca/ProviderList$2
instanceKlass jdk/internal/math/FloatingDecimal$ASCIIToBinaryBuffer
instanceKlass jdk/internal/math/FloatingDecimal$PreparedASCIIToBinaryBuffer
instanceKlass jdk/internal/math/FloatingDecimal$ASCIIToBinaryConverter
instanceKlass jdk/internal/math/FloatingDecimal$BinaryToASCIIBuffer
instanceKlass jdk/internal/math/FloatingDecimal$ExceptionalBinaryToASCIIBuffer
instanceKlass jdk/internal/math/FloatingDecimal$BinaryToASCIIConverter
instanceKlass jdk/internal/math/FloatingDecimal
instanceKlass java/security/Provider$EngineDescription
instanceKlass java/security/Provider$ServiceKey
instanceKlass org/springframework/boot/autoconfigure/condition/ConditionEvaluationReport$ConditionAndOutcome
instanceKlass org/springframework/boot/autoconfigure/condition/ConditionEvaluationReport$ConditionAndOutcomes
instanceKlass org/springframework/web/multipart/support/StandardServletMultipartResolver
instanceKlass org/springframework/web/multipart/MultipartResolver
instanceKlass sun/security/jca/ProviderConfig
instanceKlass sun/security/jca/ProviderList
instanceKlass sun/security/jca/Providers
instanceKlass jakarta/servlet/MultipartConfigElement
instanceKlass org/springframework/web/filter/GenericFilterBean
instanceKlass jakarta/servlet/Filter
instanceKlass org/springframework/http/ReactiveHttpInputMessage
instanceKlass org/springframework/http/codec/LoggingCodecSupport
instanceKlass org/apache/tomcat/util/http/ConcurrentDateFormat
instanceKlass org/springframework/http/codec/HttpMessageReader
instanceKlass org/apache/tomcat/util/http/FastHttpDateFormat
instanceKlass org/springframework/http/server/reactive/HttpHandler
instanceKlass org/springframework/http/client/support/HttpAccessor
instanceKlass org/springframework/web/client/RestOperations
instanceKlass org/springframework/web/client/RestClient
instanceKlass org/apache/catalina/SessionIdGenerator
instanceKlass jakarta/transaction/Transaction
instanceKlass org/springframework/transaction/PlatformTransactionManager
instanceKlass org/apache/catalina/Container
instanceKlass jakarta/security/auth/message/MessageInfo
instanceKlass jakarta/servlet/http/HttpServletRequest
instanceKlass jakarta/servlet/http/HttpServletResponse
instanceKlass org/springframework/security/authentication/ReactiveAuthenticationManager
instanceKlass org/apache/catalina/util/LifecycleBase
instanceKlass org/apache/catalina/Lifecycle
instanceKlass org/springframework/security/web/context/AbstractSecurityWebApplicationInitializer
instanceKlass org/springframework/web/WebApplicationInitializer
instanceKlass org/apache/catalina/JmxEnabled
instanceKlass javax/management/MBeanRegistration
instanceKlass org/apache/catalina/Valve
instanceKlass org/springframework/security/authentication/AuthenticationManager
instanceKlass org/apache/catalina/Contained
instanceKlass org/springframework/security/authentication/DefaultAuthenticationEventPublisher
instanceKlass org/springframework/security/authentication/AuthenticationEventPublisher
instanceKlass jakarta/security/auth/message/config/RegistrationListener
instanceKlass org/apache/catalina/Authenticator
instanceKlass org/springframework/security/web/server/WebFilterChainProxy
instanceKlass org/springframework/web/server/WebFilter
instanceKlass org/springframework/orm/jpa/AbstractEntityManagerFactoryBean
instanceKlass org/springframework/security/config/annotation/web/reactive/EnableWebFluxSecurity
instanceKlass org/springframework/dao/support/PersistenceExceptionTranslator
instanceKlass org/springframework/orm/jpa/EntityManagerFactoryInfo
instanceKlass org/springframework/util/CustomizableThreadCreator
instanceKlass org/springframework/scheduling/TaskScheduler
instanceKlass java/util/ResourceBundle$Control$2
instanceKlass org/springframework/scheduling/SchedulingTaskExecutor
instanceKlass org/springframework/core/task/AsyncListenableTaskExecutor
instanceKlass org/springframework/core/task/AsyncTaskExecutor
instanceKlass org/springframework/core/task/TaskExecutor
instanceKlass org/springframework/context/weaving/LoadTimeWeaverAware
instanceKlass java/util/ResourceBundle$CacheKeyReference
instanceKlass java/util/ResourceBundle$CacheKey
instanceKlass org/hibernate/engine/spi/SessionImplementor
instanceKlass java/util/ServiceLoader$ProviderSpliterator
instanceKlass java/util/spi/ResourceBundleControlProvider
instanceKlass org/hibernate/engine/spi/SharedSessionContractImplementor
instanceKlass java/util/ResourceBundle$ResourceBundleControlProviderHolder
instanceKlass org/hibernate/type/descriptor/java/JavaType$CoercionContext
instanceKlass org/hibernate/query/spi/QueryProducerImplementor
instanceKlass org/apache/tomcat/util/res/StringManager
instanceKlass org/apache/catalina/Manager
instanceKlass org/hibernate/type/descriptor/WrapperOptions
instanceKlass org/apache/juli/logging/DirectJDKLog
instanceKlass io/micrometer/core/instrument/binder/tomcat/TomcatMetrics
instanceKlass org/hibernate/engine/jdbc/LobCreationContext
instanceKlass org/hibernate/resource/transaction/spi/TransactionCoordinatorBuilder$Options
instanceKlass org/hibernate/resource/jdbc/spi/JdbcSessionOwner
instanceKlass org/apache/juli/logging/Log
instanceKlass org/apache/juli/logging/LogFactory
instanceKlass io/micrometer/core/instrument/binder/jetty/JettyServerThreadPoolMetrics
instanceKlass org/hibernate/Session
instanceKlass io/micrometer/core/instrument/binder/jvm/ExecutorServiceMetrics
instanceKlass org/hibernate/SharedSessionContract
instanceKlass org/hibernate/query/QueryProducer
instanceKlass org/hibernate/SessionFactory
instanceKlass javax/naming/Referenceable
instanceKlass jakarta/persistence/EntityManager
instanceKlass sun/util/cldr/CLDRBaseLocaleDataMetaInfo$TZCanonicalIDMapHolder
instanceKlass jakarta/activation/MimeType
instanceKlass io/micrometer/observation/Observation
instanceKlass io/micrometer/observation/ObservationView
instanceKlass io/micrometer/observation/Observation$Context
instanceKlass io/micrometer/observation/Observation$ContextView
instanceKlass org/springframework/jmx/support/MBeanRegistrationSupport
instanceKlass org/springframework/jmx/export/MBeanExportOperations
instanceKlass sun/util/resources/provider/NonBaseLocaleDataMetaInfo
instanceKlass sun/util/locale/provider/BaseLocaleDataMetaInfo
instanceKlass io/micrometer/observation/ObservationRegistry
instanceKlass jakarta/servlet/ServletRegistration
instanceKlass jakarta/servlet/Registration
instanceKlass org/springframework/transaction/TransactionManager
instanceKlass jakarta/transaction/TransactionManager
instanceKlass sun/util/locale/provider/TimeZoneNameUtility$TimeZoneNameGetter
instanceKlass org/springframework/http/codec/CodecConfigurer
instanceKlass sun/util/locale/provider/TimeZoneNameUtility
instanceKlass java/text/DontCareFieldPosition$1
instanceKlass java/text/Format$FieldDelegate
instanceKlass org/apache/tomcat/util/http/CookieProcessorBase
instanceKlass org/apache/tomcat/util/http/CookieProcessor
instanceKlass org/springframework/boot/autoconfigure/BackgroundPreinitializer$TomcatInitializer
instanceKlass io/micrometer/core/annotation/Timed
instanceKlass org/springframework/boot/autoconfigure/BackgroundPreinitializer$CharsetInitializer
instanceKlass org/aspectj/weaver/ShadowMunger
instanceKlass org/aspectj/weaver/IHasPosition
instanceKlass org/aspectj/util/PartialOrder$PartialComparable
instanceKlass org/springframework/http/converter/json/ProblemDetailJacksonMixin
instanceKlass org/springframework/http/ProblemDetail
instanceKlass org/springframework/data/web/PageableHandlerMethodArgumentResolverSupport
instanceKlass com/fasterxml/jackson/databind/deser/ValueInstantiators$Base
instanceKlass io/micrometer/core/instrument/binder/logging/Log4j2Metrics
instanceKlass org/springframework/data/web/PageableArgumentResolver
instanceKlass org/springframework/web/method/support/HandlerMethodArgumentResolver
instanceKlass com/fasterxml/jackson/module/paramnames/ParameterExtractor
instanceKlass io/micrometer/core/instrument/binder/kafka/KafkaMetrics
instanceKlass io/micrometer/core/instrument/binder/MeterBinder
instanceKlass io/micrometer/core/instrument/MeterRegistry
instanceKlass com/fasterxml/jackson/databind/util/ArrayBuilders
instanceKlass javax/naming/ldap/LdapContext
instanceKlass javax/naming/directory/DirContext
instanceKlass org/springframework/data/jpa/repository/JpaRepository
instanceKlass org/springframework/data/repository/query/QueryByExampleExecutor
instanceKlass org/springframework/data/repository/ListPagingAndSortingRepository
instanceKlass org/springframework/data/repository/PagingAndSortingRepository
instanceKlass org/springframework/data/repository/ListCrudRepository
instanceKlass org/springframework/data/repository/CrudRepository
instanceKlass org/springframework/data/repository/Repository
instanceKlass org/springframework/jdbc/datasource/AbstractDataSource
instanceKlass com/fasterxml/jackson/databind/ObjectMapper$1
instanceKlass com/fasterxml/jackson/datatype/jdk8/PackageVersion
instanceKlass org/springframework/jdbc/support/JdbcAccessor
instanceKlass com/fasterxml/jackson/databind/module/SimpleKeyDeserializers
instanceKlass org/springframework/jdbc/core/JdbcOperations
instanceKlass org/springframework/aop/framework/ProxyConfig
instanceKlass java/util/function/ToLongFunction
instanceKlass org/springframework/cache/CacheManager
instanceKlass javax/sql/DataSource
instanceKlass java/sql/Wrapper
instanceKlass com/fasterxml/jackson/databind/ser/Serializers$Base
instanceKlass javax/sql/CommonDataSource
instanceKlass org/springframework/boot/autoconfigure/condition/ConditionMessage$ItemsBuilder
instanceKlass com/fasterxml/jackson/databind/type/ClassKey
instanceKlass org/springframework/boot/autoconfigure/condition/ConditionMessage$Builder
instanceKlass jakarta/websocket/server/ServerContainer
instanceKlass jakarta/websocket/WebSocketContainer
instanceKlass com/fasterxml/jackson/databind/deser/Deserializers$Base
instanceKlass org/springframework/boot/autoconfigure/condition/ConditionMessage
instanceKlass org/springframework/web/servlet/config/annotation/WebMvcConfigurer
instanceKlass org/springframework/boot/autoconfigure/condition/ConditionalOnClass
instanceKlass org/springframework/boot/autoconfigure/condition/ConditionOutcome
instanceKlass org/springframework/boot/autoconfigure/condition/OnClassCondition$ThreadedOutcomesResolver
instanceKlass org/springframework/boot/autoconfigure/condition/OnClassCondition$StandardOutcomesResolver
instanceKlass org/springframework/boot/autoconfigure/AutoConfigurationMetadataLoader$PropertiesAutoConfigurationMetadata
instanceKlass com/fasterxml/jackson/datatype/jsr310/deser/InstantDeserializer$FromDecimalArguments
instanceKlass com/fasterxml/jackson/datatype/jsr310/deser/InstantDeserializer$FromIntegerArguments
instanceKlass com/fasterxml/jackson/datatype/jsr310/PackageVersion
instanceKlass org/springframework/boot/autoconfigure/AutoConfigurationMetadata
instanceKlass org/springframework/boot/autoconfigure/AutoConfigurationMetadataLoader
instanceKlass org/springframework/boot/autoconfigure/AutoConfigurationImportSelector$ConfigurationClassFilter
instanceKlass org/springframework/boot/autoconfigure/condition/OnClassCondition$OutcomesResolver
instanceKlass org/springframework/boot/autoconfigure/condition/OnBeanCondition$Spec
instanceKlass org/springframework/boot/autoconfigure/condition/SpringBootCondition
instanceKlass org/springframework/context/annotation/ConfigurationCondition
instanceKlass org/springframework/boot/autoconfigure/AutoConfigurationImportFilter
instanceKlass com/fasterxml/jackson/core/Version
instanceKlass com/fasterxml/jackson/core/util/VersionUtil
instanceKlass com/fasterxml/jackson/module/paramnames/PackageVersion
instanceKlass com/fasterxml/jackson/databind/type/TypeModifier
instanceKlass org/springframework/context/annotation/ConfigurationClassParser$DeferredImportSelectorGrouping
instanceKlass org/springframework/boot/autoconfigure/AutoConfigurationImportSelector$AutoConfigurationGroup
instanceKlass org/springframework/context/annotation/DeferredImportSelector$Group
instanceKlass com/fasterxml/jackson/databind/ser/BeanSerializerModifier
instanceKlass com/fasterxml/jackson/databind/ser/Serializers
instanceKlass org/springframework/context/annotation/ConfigurationClassParser$DeferredImportSelectorGroupingHandler
instanceKlass com/fasterxml/jackson/databind/cfg/SerializerFactoryConfig
instanceKlass org/springframework/boot/autoconfigure/AutoConfigurationImportSelector$AutoConfigurationEntry
instanceKlass com/fasterxml/jackson/databind/ser/std/StdJdkSerializers
instanceKlass com/fasterxml/jackson/databind/ser/std/NumberSerializers
instanceKlass com/fasterxml/jackson/databind/deser/DeserializerCache
instanceKlass com/fasterxml/jackson/databind/KeyDeserializer
instanceKlass com/fasterxml/jackson/databind/deser/std/StdKeyDeserializers
instanceKlass com/fasterxml/jackson/databind/deser/KeyDeserializers
instanceKlass com/fasterxml/jackson/databind/deser/ValueInstantiators
instanceKlass com/fasterxml/jackson/databind/AbstractTypeResolver
instanceKlass com/fasterxml/jackson/databind/deser/BeanDeserializerModifier
instanceKlass com/fasterxml/jackson/databind/cfg/DeserializerFactoryConfig
instanceKlass com/fasterxml/jackson/databind/PropertyName
instanceKlass com/fasterxml/jackson/databind/deser/Deserializers
instanceKlass com/fasterxml/jackson/annotation/ObjectIdGenerator
instanceKlass jakarta/servlet/GenericServlet
instanceKlass jakarta/servlet/ServletConfig
instanceKlass com/fasterxml/jackson/databind/deser/ValueInstantiator$Gettable
instanceKlass com/fasterxml/jackson/databind/deser/ResolvableDeserializer
instanceKlass com/fasterxml/jackson/databind/deser/ContextualDeserializer
instanceKlass com/fasterxml/jackson/databind/JsonDeserializer
instanceKlass com/fasterxml/jackson/databind/deser/NullValueProvider
instanceKlass com/fasterxml/jackson/databind/ser/SerializerCache
instanceKlass com/fasterxml/jackson/databind/ser/ResolvableSerializer
instanceKlass com/fasterxml/jackson/databind/ser/ContextualSerializer
instanceKlass com/fasterxml/jackson/databind/jsonschema/SchemaAware
instanceKlass com/fasterxml/jackson/databind/JsonSerializer
instanceKlass com/fasterxml/jackson/databind/jsonFormatVisitors/JsonFormatVisitable
instanceKlass org/springframework/data/auditing/config/AuditingConfiguration
instanceKlass com/fasterxml/jackson/databind/node/JsonNodeFactory
instanceKlass com/fasterxml/jackson/databind/node/JsonNodeCreator
instanceKlass org/springframework/context/annotation/ConfigurationMethod
instanceKlass com/fasterxml/jackson/databind/cfg/ContextAttributes
instanceKlass com/fasterxml/jackson/databind/cfg/DatatypeFeature
instanceKlass com/fasterxml/jackson/databind/cfg/DatatypeFeatures$DefaultHolder
instanceKlass com/fasterxml/jackson/databind/cfg/DatatypeFeatures
instanceKlass com/fasterxml/jackson/core/util/Separators
instanceKlass com/fasterxml/jackson/core/util/DefaultPrettyPrinter$NopIndenter
instanceKlass com/fasterxml/jackson/databind/cfg/ConfigFeature
instanceKlass com/fasterxml/jackson/databind/cfg/ConfigOverride
instanceKlass com/fasterxml/jackson/annotation/JsonFormat$Features
instanceKlass com/fasterxml/jackson/annotation/JsonFormat$Value
instanceKlass com/fasterxml/jackson/databind/cfg/CoercionConfig
instanceKlass org/springframework/core/annotation/MergedAnnotationsCollection$AnnotationsSpliterator
instanceKlass com/fasterxml/jackson/databind/cfg/CoercionConfigs
instanceKlass com/fasterxml/jackson/databind/introspect/VisibilityChecker$Std
instanceKlass com/fasterxml/jackson/annotation/JsonSetter$Value
instanceKlass com/fasterxml/jackson/annotation/JsonInclude$Value
instanceKlass com/fasterxml/jackson/annotation/JacksonAnnotationValue
instanceKlass com/fasterxml/jackson/databind/cfg/ConfigOverrides
instanceKlass com/fasterxml/jackson/databind/introspect/AnnotatedClass$Creators
instanceKlass com/fasterxml/jackson/databind/introspect/AnnotationCollector$NoAnnotations
instanceKlass com/fasterxml/jackson/databind/util/Annotations
instanceKlass com/fasterxml/jackson/databind/introspect/AnnotationCollector
instanceKlass com/fasterxml/jackson/databind/introspect/AnnotatedClassResolver
instanceKlass com/fasterxml/jackson/databind/BeanDescription
instanceKlass com/fasterxml/jackson/databind/cfg/MapperConfig
instanceKlass com/fasterxml/jackson/databind/introspect/SimpleMixInResolver
instanceKlass com/fasterxml/jackson/databind/introspect/ClassIntrospector$MixInResolver
instanceKlass com/fasterxml/jackson/databind/util/RootNameLookup
instanceKlass com/fasterxml/jackson/core/StreamReadConstraints
instanceKlass com/fasterxml/jackson/core/sym/ByteQuadsCanonicalizer$TableInfo
instanceKlass org/springframework/transaction/annotation/Transactional
instanceKlass com/fasterxml/jackson/core/sym/ByteQuadsCanonicalizer
instanceKlass com/fasterxml/jackson/core/sym/CharsToNameCanonicalizer$Bucket
instanceKlass com/fasterxml/jackson/core/sym/CharsToNameCanonicalizer$TableInfo
instanceKlass com/fasterxml/jackson/core/sym/CharsToNameCanonicalizer
instanceKlass com/fasterxml/jackson/core/io/CharTypes
instanceKlass com/fasterxml/jackson/core/io/JsonStringEncoder
instanceKlass com/fasterxml/jackson/core/io/SerializedString
instanceKlass com/fasterxml/jackson/core/util/DefaultPrettyPrinter
instanceKlass com/fasterxml/jackson/core/util/Instantiatable
instanceKlass com/fasterxml/jackson/core/util/JacksonFeature
instanceKlass com/fasterxml/jackson/core/async/ByteBufferFeeder
instanceKlass com/fasterxml/jackson/core/async/ByteArrayFeeder
instanceKlass com/fasterxml/jackson/core/async/NonBlockingInputFeeder
instanceKlass com/fasterxml/jackson/core/TSFBuilder
instanceKlass com/fasterxml/jackson/core/SerializableString
instanceKlass com/fasterxml/jackson/databind/introspect/AccessorNamingStrategy
instanceKlass org/springframework/stereotype/Service
instanceKlass com/fasterxml/jackson/core/Base64Variant
instanceKlass com/fasterxml/jackson/core/Base64Variants
instanceKlass java/text/DigitList
instanceKlass java/text/FieldPosition
instanceKlass java/lang/StringUTF16$CharsSpliterator
instanceKlass java/util/stream/Sink$ChainedInt
instanceKlass java/text/DecimalFormatSymbols
instanceKlass java/text/DateFormatSymbols
instanceKlass sun/util/calendar/CalendarUtils
instanceKlass sun/util/calendar/CalendarDate
instanceKlass sun/util/resources/Bundles$CacheKeyReference
instanceKlass java/util/ResourceBundle$ResourceBundleProviderHelper
instanceKlass sun/util/resources/Bundles$CacheKey
instanceKlass java/util/ResourceBundle$1
instanceKlass jdk/internal/access/JavaUtilResourceBundleAccess
instanceKlass sun/util/resources/Bundles
instanceKlass sun/util/resources/LocaleData$LocaleDataStrategy
instanceKlass sun/util/resources/Bundles$Strategy
instanceKlass sun/util/resources/LocaleData$1
instanceKlass sun/util/resources/LocaleData
instanceKlass sun/util/locale/provider/LocaleResources
instanceKlass sun/util/locale/provider/CalendarDataUtility$CalendarWeekParameterGetter
instanceKlass sun/util/locale/provider/LocaleServiceProviderPool$LocalizedObjectGetter
instanceKlass sun/util/locale/provider/LocaleServiceProviderPool
instanceKlass java/util/Locale$Builder
instanceKlass sun/util/locale/provider/CalendarDataUtility
instanceKlass sun/util/calendar/CalendarSystem$GregorianHolder
instanceKlass sun/util/calendar/CalendarSystem
instanceKlass java/util/Calendar$Builder
instanceKlass sun/util/locale/provider/AvailableLanguageTags
instanceKlass sun/util/resources/cldr/provider/CLDRLocaleDataMetaInfo
instanceKlass sun/util/locale/BaseLocale$Key
instanceKlass sun/util/locale/InternalLocaleBuilder$CaseInsensitiveChar
instanceKlass sun/util/locale/InternalLocaleBuilder
instanceKlass sun/util/locale/StringTokenIterator
instanceKlass sun/util/locale/ParseStatus
instanceKlass sun/util/locale/LanguageTag
instanceKlass sun/util/cldr/CLDRBaseLocaleDataMetaInfo
instanceKlass sun/util/locale/provider/LocaleDataMetaInfo
instanceKlass sun/util/locale/provider/ResourceBundleBasedAdapter
instanceKlass sun/util/locale/provider/LocaleProviderAdapter$1
instanceKlass sun/util/locale/provider/LocaleProviderAdapter
instanceKlass java/util/spi/LocaleServiceProvider
instanceKlass java/text/AttributedCharacterIterator$Attribute
instanceKlass com/fasterxml/jackson/databind/type/TypeBindings
instanceKlass com/fasterxml/jackson/databind/type/TypeParser
instanceKlass jakarta/persistence/PreUpdate
instanceKlass com/fasterxml/jackson/databind/type/TypeFactory
instanceKlass com/fasterxml/jackson/databind/cfg/BaseSettings
instanceKlass java/util/concurrent/atomic/AtomicReferenceArray
instanceKlass java/util/concurrent/atomic/AtomicLongArray
instanceKlass java/util/concurrent/ConcurrentLinkedQueue$Node
instanceKlass com/fasterxml/jackson/databind/util/internal/Linked
instanceKlass com/fasterxml/jackson/databind/util/internal/PrivateMaxEntriesMap$Builder
instanceKlass jakarta/persistence/EntityListeners
instanceKlass jakarta/persistence/UniqueConstraint
instanceKlass com/fasterxml/jackson/databind/util/LRUMap
instanceKlass com/fasterxml/jackson/databind/util/LookupCache
instanceKlass jakarta/persistence/Index
instanceKlass jakarta/persistence/Table
instanceKlass java/beans/ConstructorProperties
instanceKlass jakarta/persistence/Entity
instanceKlass java/beans/Transient
instanceKlass com/fasterxml/jackson/databind/util/ClassUtil$Ctor
instanceKlass com/fasterxml/jackson/databind/util/ClassUtil
instanceKlass com/fasterxml/jackson/databind/ext/Java7Support
instanceKlass com/fasterxml/jackson/annotation/JsonMerge
instanceKlass com/fasterxml/jackson/databind/annotation/JsonDeserialize
instanceKlass com/fasterxml/jackson/annotation/JsonManagedReference
instanceKlass com/fasterxml/jackson/annotation/JsonBackReference
instanceKlass com/fasterxml/jackson/annotation/JsonUnwrapped
instanceKlass com/fasterxml/jackson/annotation/JsonRawValue
instanceKlass com/fasterxml/jackson/annotation/JsonTypeInfo
instanceKlass com/fasterxml/jackson/annotation/JsonFormat
instanceKlass com/fasterxml/jackson/annotation/JsonView
instanceKlass com/fasterxml/jackson/databind/annotation/JsonSerialize
instanceKlass com/fasterxml/jackson/databind/introspect/ConcreteBeanPropertyBase
instanceKlass com/fasterxml/jackson/databind/BeanProperty
instanceKlass com/fasterxml/jackson/databind/introspect/BeanPropertyDefinition
instanceKlass com/fasterxml/jackson/databind/util/Named
instanceKlass com/fasterxml/jackson/databind/introspect/TypeResolutionContext
instanceKlass com/fasterxml/jackson/databind/introspect/Annotated
instanceKlass org/springframework/web/bind/annotation/PatchMapping
instanceKlass com/fasterxml/jackson/core/type/ResolvedType
instanceKlass com/fasterxml/jackson/core/JsonParser
instanceKlass com/fasterxml/jackson/databind/JsonSerializable$Base
instanceKlass org/springframework/web/bind/annotation/DeleteMapping
instanceKlass com/fasterxml/jackson/databind/JsonSerializable
instanceKlass com/fasterxml/jackson/core/TreeNode
instanceKlass org/springframework/web/bind/annotation/PutMapping
instanceKlass com/fasterxml/jackson/databind/Module$SetupContext
instanceKlass com/fasterxml/jackson/databind/introspect/ClassIntrospector
instanceKlass org/springframework/web/bind/annotation/GetMapping
instanceKlass com/fasterxml/jackson/databind/introspect/VisibilityChecker
instanceKlass com/fasterxml/jackson/databind/jsontype/TypeResolverBuilder
instanceKlass com/fasterxml/jackson/databind/jsontype/PolymorphicTypeValidator
instanceKlass com/fasterxml/jackson/databind/introspect/AccessorNamingStrategy$Provider
instanceKlass org/springframework/http/HttpMethod
instanceKlass com/fasterxml/jackson/databind/AnnotationIntrospector
instanceKlass org/springframework/web/bind/annotation/PostMapping
instanceKlass org/springframework/web/bind/annotation/ControllerMappingReflectiveProcessor
instanceKlass org/springframework/aot/hint/annotation/SimpleReflectiveProcessor
instanceKlass org/springframework/aot/hint/annotation/ReflectiveProcessor
instanceKlass com/fasterxml/jackson/databind/ser/SerializerFactory
instanceKlass org/springframework/aot/hint/annotation/Reflective
instanceKlass org/springframework/web/bind/annotation/Mapping
instanceKlass org/springframework/web/bind/annotation/RequestMapping
instanceKlass org/springframework/web/bind/annotation/ResponseBody
instanceKlass com/fasterxml/jackson/databind/deser/DeserializerFactory
instanceKlass com/fasterxml/jackson/databind/DatabindContext
instanceKlass org/springframework/stereotype/Controller
instanceKlass org/springframework/web/bind/annotation/RestController
instanceKlass com/fasterxml/jackson/databind/jsontype/SubtypeResolver
instanceKlass org/springframework/security/config/annotation/authentication/configuration/AuthenticationConfiguration
instanceKlass com/fasterxml/jackson/core/TokenStreamFactory
instanceKlass org/springframework/security/config/annotation/authentication/configuration/EnableGlobalAuthentication
instanceKlass org/springframework/security/config/annotation/web/configuration/HttpSecurityConfiguration
instanceKlass java/text/Format
instanceKlass org/springframework/security/config/annotation/web/configuration/OAuth2ImportSelector
instanceKlass com/fasterxml/jackson/databind/cfg/HandlerInstantiator
instanceKlass org/springframework/security/config/annotation/web/configuration/SpringWebMvcImportSelector
instanceKlass org/springframework/security/config/annotation/web/configuration/WebSecurityConfiguration
instanceKlass org/springframework/context/annotation/ImportAware
instanceKlass com/fasterxml/jackson/databind/Module
instanceKlass org/springframework/http/converter/json/Jackson2ObjectMapperBuilder
instanceKlass org/springframework/security/config/annotation/web/configuration/EnableWebSecurity
instanceKlass com/fasterxml/jackson/core/PrettyPrinter
instanceKlass com/fasterxml/jackson/core/util/DefaultPrettyPrinter$Indenter
instanceKlass org/springframework/http/converter/GenericHttpMessageConverter
instanceKlass org/springframework/data/auditing/config/AuditingBeanDefinitionRegistrarSupport
instanceKlass jdk/xml/internal/JdkProperty
instanceKlass org/springframework/data/jpa/repository/config/EnableJpaAuditing
instanceKlass jdk/xml/internal/XMLSecurityManager
instanceKlass com/sun/org/apache/xalan/internal/utils/FeaturePropertyBase
instanceKlass jdk/xml/internal/JdkXmlFeatures
instanceKlass jdk/xml/internal/JdkConstants
instanceKlass javax/xml/catalog/CatalogFeatures$Builder
instanceKlass javax/xml/catalog/CatalogFeatures
instanceKlass jdk/xml/internal/TransformErrorListener
instanceKlass javax/xml/transform/ErrorListener
instanceKlass com/sun/org/apache/xalan/internal/xsltc/compiler/SourceLoader
instanceKlass org/springframework/boot/context/annotation/ImportCandidates
instanceKlass org/springframework/boot/autoconfigure/AutoConfiguration
instanceKlass javax/xml/transform/FactoryFinder$1
instanceKlass org/springframework/context/annotation/Bean
instanceKlass jdk/xml/internal/SecuritySupport
instanceKlass javax/xml/transform/FactoryFinder
instanceKlass javax/xml/transform/TransformerFactory
instanceKlass sun/invoke/util/VerifyAccess$1
instanceKlass javax/xml/transform/Result
instanceKlass org/springframework/core/type/classreading/SimpleAnnotationMetadata
instanceKlass org/springframework/core/type/classreading/SimpleMethodMetadataReadingVisitor$Source
instanceKlass org/springframework/core/annotation/MergedAnnotationsCollection
instanceKlass org/springframework/core/type/classreading/SimpleMethodMetadata
instanceKlass org/springframework/core/type/MethodMetadata
instanceKlass org/apache/commons/logging/impl/NoOpLog
instanceKlass org/springframework/core/log/CompositeLog
instanceKlass org/springframework/core/log/LogDelegateFactory
instanceKlass org/springframework/asm/Type
instanceKlass org/springframework/http/HttpLogging
instanceKlass org/springframework/http/converter/AbstractHttpMessageConverter
instanceKlass org/springframework/asm/AnnotationVisitor
instanceKlass org/springframework/core/type/classreading/SimpleAnnotationMetadataReadingVisitor$Source
instanceKlass org/springframework/asm/Context
instanceKlass org/springframework/asm/Attribute
instanceKlass com/fasterxml/jackson/core/JsonGenerator
instanceKlass org/springframework/asm/ClassReader
instanceKlass com/fasterxml/jackson/core/TreeCodec
instanceKlass com/fasterxml/jackson/core/Versioned
instanceKlass org/springframework/asm/MethodVisitor
instanceKlass org/springframework/asm/ClassVisitor
instanceKlass org/springframework/core/type/classreading/SimpleMetadataReader
instanceKlass jakarta/xml/bind/Binder
instanceKlass org/springframework/util/MimeType$SpecificityComparator
instanceKlass java/lang/StrictMath
instanceKlass org/springframework/util/LinkedCaseInsensitiveMap
instanceKlass org/springframework/util/MimeType
instanceKlass org/springframework/http/HttpOutputMessage
instanceKlass org/springframework/http/HttpMessage
instanceKlass org/springframework/http/StreamingHttpOutputMessage$Body
instanceKlass org/springframework/http/converter/FormHttpMessageConverter
instanceKlass org/springframework/http/converter/HttpMessageConverter
instanceKlass org/springframework/boot/autoconfigure/BackgroundPreinitializer$MessageConverterInitializer
instanceKlass org/hibernate/validator/internal/engine/validationcontext/ValidatorScopedContext
instanceKlass jakarta/validation/groups/Default
instanceKlass jakarta/validation/valueextraction/ValueExtractor$ValueReceiver
instanceKlass org/hibernate/validator/internal/engine/valuecontext/ValueContext
instanceKlass org/hibernate/validator/internal/engine/validationcontext/BaseBeanValidationContext
instanceKlass org/hibernate/validator/internal/engine/validationcontext/ValidationContext
instanceKlass jakarta/validation/Path$Node
instanceKlass jakarta/validation/Path
instanceKlass org/hibernate/validator/internal/engine/ValidatorImpl
instanceKlass jakarta/validation/executable/ExecutableValidator
instanceKlass java/util/regex/ASCII
instanceKlass org/hibernate/validator/group/GroupSequenceProvider
instanceKlass jakarta/validation/GroupSequence
instanceKlass org/springframework/util/AntPathMatcher$AntPathStringMatcher
instanceKlass org/hibernate/validator/internal/metadata/raw/BeanConfiguration
instanceKlass java/util/StringTokenizer
instanceKlass sun/nio/fs/BasicFileAttributesHolder
instanceKlass org/hibernate/validator/internal/util/privilegedactions/GetDeclaredConstructors
instanceKlass sun/reflect/misc/ReflectUtil
instanceKlass java/lang/reflect/AnnotatedWildcardType
instanceKlass java/nio/file/FileTreeWalker$Event
instanceKlass org/hibernate/validator/internal/properties/javabean/JavaBeanHelper$JavaBeanPropertyImpl
instanceKlass org/hibernate/validator/spi/nodenameprovider/JavaBeanProperty
instanceKlass sun/nio/fs/WindowsDirectoryStream$WindowsDirectoryIterator
instanceKlass java/nio/file/FileTreeWalker$DirectoryNode
instanceKlass java/nio/file/Files$AcceptAllFilter
instanceKlass java/nio/file/DirectoryStream$Filter
instanceKlass java/nio/file/FileTreeWalker
instanceKlass org/hibernate/validator/internal/properties/PropertyAccessor
instanceKlass java/nio/file/FileTreeIterator
instanceKlass jdk/internal/vm/annotation/IntrinsicCandidate
instanceKlass sun/nio/fs/WindowsDirectoryStream
instanceKlass java/nio/file/DirectoryStream
instanceKlass org/hibernate/validator/internal/metadata/provider/AnnotationMetaDataProvider$TypeArgumentExecutableParameterLocation
instanceKlass sun/nio/fs/WindowsUriSupport
instanceKlass org/hibernate/validator/internal/metadata/core/AnnotationProcessingOptionsImpl$ExecutableParameterKey
instanceKlass org/hibernate/validator/internal/properties/javabean/JavaBeanParameter
instanceKlass org/hibernate/validator/internal/metadata/raw/AbstractConstrainedElement
instanceKlass org/hibernate/validator/internal/metadata/raw/ConstrainedElement
instanceKlass org/springframework/util/PropertyPlaceholderHelper$PlaceholderResolver
instanceKlass org/hibernate/validator/internal/util/TypeVariables
instanceKlass org/springframework/context/annotation/ParserStrategyUtils
instanceKlass org/springframework/context/annotation/TypeFilterUtils$1
instanceKlass org/hibernate/validator/internal/metadata/aggregated/CascadingMetaData
instanceKlass org/springframework/context/annotation/TypeFilterUtils
instanceKlass org/hibernate/validator/internal/metadata/aggregated/CascadingMetaDataBuilder
instanceKlass jakarta/validation/groups/ConvertGroup$List
instanceKlass jakarta/validation/groups/ConvertGroup
instanceKlass jakarta/validation/Valid
instanceKlass java/lang/reflect/AnnotatedArrayType
instanceKlass java/lang/reflect/AnnotatedParameterizedType
instanceKlass sun/reflect/annotation/AnnotatedTypeFactory$AnnotatedTypeBaseImpl
instanceKlass sun/reflect/annotation/AnnotatedTypeFactory
instanceKlass sun/reflect/annotation/TypeAnnotation$LocationInfo$Location
instanceKlass sun/reflect/annotation/TypeAnnotation$LocationInfo
instanceKlass sun/reflect/annotation/TypeAnnotation
instanceKlass sun/reflect/annotation/TypeAnnotationParser
instanceKlass org/hibernate/validator/internal/metadata/provider/AnnotationMetaDataProvider$TypeArgumentReturnValueLocation
instanceKlass java/util/stream/SortedOps
instanceKlass java/util/Collections$ReverseComparator2
instanceKlass java/util/Collections$ReverseComparator
instanceKlass java/util/function/ToIntFunction
instanceKlass org/springframework/core/annotation/MergedAnnotationPredicates
instanceKlass org/springframework/context/annotation/PropertySources
instanceKlass org/springframework/context/annotation/PropertySource
instanceKlass org/hibernate/validator/internal/metadata/descriptor/ConstraintDescriptorImpl
instanceKlass jdk/internal/loader/BootLoader$PackageHelper
instanceKlass org/springframework/context/annotation/ConfigurationClass
instanceKlass org/hibernate/validator/internal/metadata/location/ConstraintLocation$1
instanceKlass org/springframework/context/annotation/ComponentScanAnnotationParser
instanceKlass org/springframework/core/io/support/DefaultPropertySourceFactory
instanceKlass org/springframework/core/io/support/PropertySourceFactory
instanceKlass org/hibernate/validator/internal/properties/javabean/JavaBeanHelper$JavaBeanConstrainableExecutable
instanceKlass org/springframework/core/io/support/PropertySourceProcessor
instanceKlass org/hibernate/validator/internal/util/privilegedactions/GetDeclaredMethods
instanceKlass org/springframework/context/annotation/PropertySourceRegistry
instanceKlass org/hibernate/validator/internal/util/privilegedactions/GetDeclaredFields
instanceKlass org/springframework/context/annotation/ConfigurationClassParser$SourceClass
instanceKlass org/hibernate/validator/internal/properties/Field
instanceKlass org/springframework/context/annotation/ConfigurationClassParser$DeferredImportSelectorHandler
instanceKlass org/hibernate/validator/internal/metadata/provider/AnnotationMetaDataProvider$TypeArgumentLocation
instanceKlass org/hibernate/validator/internal/metadata/provider/AnnotationMetaDataProvider
instanceKlass org/hibernate/validator/internal/metadata/provider/MetaDataProvider
instanceKlass org/springframework/context/annotation/ConfigurationClassParser$DeferredImportSelectorHolder
instanceKlass org/hibernate/validator/internal/metadata/aggregated/BeanMetaData
instanceKlass org/hibernate/validator/internal/metadata/facets/Validatable
instanceKlass org/springframework/beans/factory/parsing/Problem
instanceKlass org/springframework/context/annotation/ImportRegistry
instanceKlass org/hibernate/validator/internal/metadata/BeanMetaDataManagerImpl
instanceKlass org/springframework/context/annotation/ConfigurationClassParser
instanceKlass org/hibernate/validator/internal/engine/ValidatorFactoryImpl$BeanMetaDataManagerKey
instanceKlass org/springframework/aop/framework/AopInfrastructureBean
instanceKlass org/hibernate/validator/internal/util/StringHelper
instanceKlass org/springframework/beans/AbstractNestablePropertyAccessor$PropertyTokenHolder
instanceKlass org/hibernate/validator/internal/metadata/core/AnnotationProcessingOptionsImpl
instanceKlass org/hibernate/validator/internal/metadata/core/AnnotationProcessingOptions
instanceKlass org/springframework/beans/factory/config/TypedStringValue
instanceKlass org/springframework/core/convert/support/ConversionUtils
instanceKlass org/hibernate/validator/cfg/context/ConstraintDefinitionContext
instanceKlass org/hibernate/validator/cfg/context/TypeConstraintMappingContext
instanceKlass org/hibernate/validator/cfg/context/AnnotationIgnoreOptions
instanceKlass org/hibernate/validator/cfg/context/AnnotationProcessingOptions
instanceKlass org/hibernate/validator/cfg/context/ConstructorTarget
instanceKlass org/hibernate/validator/cfg/context/MethodTarget
instanceKlass org/hibernate/validator/cfg/context/PropertyTarget
instanceKlass org/hibernate/validator/cfg/context/ConstraintMappingTarget
instanceKlass org/hibernate/validator/cfg/context/ConstraintDefinitionTarget
instanceKlass org/hibernate/validator/cfg/context/TypeTarget
instanceKlass org/hibernate/validator/cfg/context/Constrainable
instanceKlass java/util/concurrent/ConcurrentLinkedDeque$AbstractItr
instanceKlass org/hibernate/validator/internal/cfg/context/DefaultConstraintMapping
instanceKlass org/springframework/core/convert/support/GenericConversionService$ConverterCacheKey
instanceKlass org/springframework/context/annotation/ConfigurationClassBeanDefinitionReader
instanceKlass org/hibernate/validator/internal/engine/ValidatorFactoryConfigurationHelper$DefaultConstraintMappingBuilder
instanceKlass org/hibernate/validator/internal/engine/ServiceLoaderBasedConstraintMappingContributor
instanceKlass org/hibernate/validator/internal/metadata/DefaultBeanMetaDataClassNormalizer
instanceKlass org/hibernate/validator/internal/util/logging/formatter/ClassObjectFormatter
instanceKlass org/hibernate/validator/internal/properties/DefaultGetterPropertySelectionStrategy
instanceKlass org/hibernate/validator/internal/properties/Getter
instanceKlass org/hibernate/validator/internal/properties/Property
instanceKlass org/springframework/core/convert/Property
instanceKlass org/hibernate/validator/spi/nodenameprovider/Property
instanceKlass org/hibernate/validator/spi/properties/ConstrainableExecutable
instanceKlass java/util/AbstractList$Itr
instanceKlass com/sun/beans/WildcardTypeImpl
instanceKlass org/hibernate/validator/internal/properties/javabean/JavaBeanExecutable
instanceKlass org/hibernate/validator/internal/properties/javabean/JavaBeanAnnotatedConstrainable
instanceKlass com/sun/beans/WeakCache
instanceKlass org/hibernate/validator/internal/properties/javabean/JavaBeanAnnotatedElement
instanceKlass com/sun/beans/TypeResolver
instanceKlass org/hibernate/validator/internal/properties/Callable
instanceKlass org/hibernate/validator/internal/properties/Constrainable
instanceKlass org/springframework/core/BridgeMethodResolver
instanceKlass java/beans/SimpleBeanInfo
instanceKlass org/hibernate/validator/internal/properties/javabean/JavaBeanHelper
instanceKlass java/beans/MethodRef
instanceKlass com/fasterxml/classmate/Filter
instanceKlass org/hibernate/validator/internal/util/ExecutableHelper
instanceKlass org/springframework/beans/factory/aot/BeanRegistrationAotContribution
instanceKlass org/springframework/beans/factory/support/RegisteredBean
instanceKlass org/hibernate/validator/internal/engine/ConstraintCreationContext
instanceKlass org/springframework/beans/factory/aot/BeanFactoryInitializationAotContribution
instanceKlass org/springframework/beans/PropertyDescriptorUtils
instanceKlass org/springframework/beans/SimpleBeanInfoFactory
instanceKlass com/fasterxml/classmate/util/ResolvedTypeCache
instanceKlass java/beans/BeanInfo
instanceKlass org/springframework/data/util/KotlinBeanInfoFactory
instanceKlass com/fasterxml/classmate/util/ClassKey
instanceKlass org/springframework/beans/BeanInfoFactory
instanceKlass com/fasterxml/classmate/TypeBindings
instanceKlass java/beans/FeatureDescriptor
instanceKlass com/fasterxml/classmate/members/RawMember
instanceKlass org/springframework/beans/CachedIntrospectionResults
instanceKlass org/springframework/beans/PropertyAccessorUtils
instanceKlass org/springframework/beans/factory/support/DisposableBeanAdapter
instanceKlass com/fasterxml/classmate/ResolvedType
instanceKlass org/springframework/beans/factory/InitializingBean
instanceKlass com/fasterxml/classmate/TypeResolver
instanceKlass org/springframework/expression/spel/support/StandardTypeConverter
instanceKlass org/hibernate/validator/internal/util/TypeResolutionHelper
instanceKlass org/springframework/expression/spel/support/StandardTypeLocator
instanceKlass org/hibernate/validator/internal/constraintvalidators/hv/UUIDValidator
instanceKlass org/springframework/context/expression/BeanFactoryResolver
instanceKlass org/springframework/context/expression/EnvironmentAccessor
instanceKlass org/hibernate/validator/constraints/UUID
instanceKlass org/hibernate/validator/internal/constraintvalidators/hv/URLValidator
instanceKlass org/springframework/context/expression/MapAccessor
instanceKlass org/springframework/expression/spel/CompilablePropertyAccessor
instanceKlass org/springframework/asm/Opcodes
instanceKlass org/hibernate/validator/constraints/URL
instanceKlass org/hibernate/validator/internal/constraintvalidators/hv/UniqueElementsValidator
instanceKlass org/hibernate/validator/constraints/UniqueElements
instanceKlass org/hibernate/validator/constraints/br/TituloEleitoral
instanceKlass org/springframework/context/expression/BeanFactoryAccessor
instanceKlass org/springframework/expression/spel/support/ReflectivePropertyAccessor
instanceKlass org/hibernate/validator/constraints/ScriptAssert
instanceKlass org/hibernate/validator/internal/constraintvalidators/hv/ru/INNValidator
instanceKlass org/hibernate/validator/constraints/ru/INN
instanceKlass org/springframework/context/expression/BeanExpressionContextAccessor
instanceKlass org/springframework/expression/TypedValue
instanceKlass org/hibernate/validator/constraints/pl/REGON
instanceKlass org/springframework/expression/spel/support/StandardOperatorOverloader
instanceKlass org/hibernate/validator/constraints/Range
instanceKlass org/springframework/expression/spel/support/StandardTypeComparator
instanceKlass org/hibernate/validator/constraints/pl/PESEL
instanceKlass org/springframework/expression/OperatorOverloader
instanceKlass org/springframework/expression/TypeComparator
instanceKlass org/springframework/expression/spel/support/StandardEvaluationContext
instanceKlass org/hibernate/validator/internal/constraintvalidators/hv/AbstractScriptAssertValidator
instanceKlass org/hibernate/validator/constraints/ParameterScriptAssert
instanceKlass org/springframework/expression/common/LiteralExpression
instanceKlass org/hibernate/validator/constraints/NotEmpty
instanceKlass org/springframework/beans/factory/config/AutowiredPropertyMarker
instanceKlass org/hibernate/validator/internal/constraintvalidators/hv/NotBlankValidator
instanceKlass org/hibernate/validator/constraints/NotBlank
instanceKlass org/springframework/beans/factory/support/BeanDefinitionValueResolver
instanceKlass org/hibernate/validator/constraints/pl/NIP
instanceKlass org/hibernate/validator/internal/constraintvalidators/hv/NormalizedValidator
instanceKlass org/hibernate/validator/constraints/Normalized
instanceKlass org/hibernate/validator/constraints/Mod11Check
instanceKlass org/hibernate/validator/constraints/Mod10Check
instanceKlass org/xml/sax/InputSource
instanceKlass org/hibernate/validator/constraints/ModCheck
instanceKlass org/hibernate/validator/internal/constraintvalidators/hv/ModCheckBase
instanceKlass org/hibernate/validator/constraints/LuhnCheck
instanceKlass org/springframework/beans/AbstractNestablePropertyAccessor$PropertyHandler
instanceKlass org/hibernate/validator/internal/constraintvalidators/hv/CodePointLengthValidator
instanceKlass org/hibernate/validator/constraints/CodePointLength
instanceKlass org/hibernate/validator/internal/constraintvalidators/hv/LengthValidator
instanceKlass org/hibernate/validator/constraints/Length
instanceKlass org/hibernate/validator/internal/constraintvalidators/hv/ISBNValidator
instanceKlass org/hibernate/validator/constraints/ISBN
instanceKlass org/hibernate/validator/constraints/Email
instanceKlass org/hibernate/validator/internal/constraintvalidators/hv/EANValidator
instanceKlass org/hibernate/validator/constraints/EAN
instanceKlass org/hibernate/validator/internal/constraintvalidators/hv/time/DurationMinValidator
instanceKlass org/hibernate/validator/constraints/time/DurationMin
instanceKlass org/hibernate/validator/internal/constraintvalidators/hv/time/DurationMaxValidator
instanceKlass org/springframework/beans/factory/parsing/PassThroughSourceExtractor
instanceKlass org/hibernate/validator/constraints/time/DurationMax
instanceKlass org/hibernate/validator/constraints/CreditCardNumber
instanceKlass java/lang/Short$ShortCache
instanceKlass java/lang/Byte$ByteCache
instanceKlass org/hibernate/validator/internal/constraintvalidators/hv/br/CPFValidator
instanceKlass org/springframework/beans/BeanUtils
instanceKlass org/hibernate/validator/constraints/br/CPF
instanceKlass org/hibernate/validator/internal/constraintvalidators/hv/br/CNPJValidator
instanceKlass org/hibernate/validator/constraints/br/CNPJ
instanceKlass org/springframework/beans/factory/aot/BeanRegistrationCodeFragments
instanceKlass jakarta/validation/constraints/Size
instanceKlass org/springframework/beans/factory/support/NullBean
instanceKlass org/hibernate/validator/internal/constraintvalidators/bv/size/SizeValidatorForArraysOfPrimitives
instanceKlass org/hibernate/validator/internal/constraintvalidators/bv/size/SizeValidatorForMap
instanceKlass org/springframework/beans/factory/support/AbstractBeanFactory$BeanPostProcessorCache
instanceKlass org/hibernate/validator/internal/constraintvalidators/bv/size/SizeValidatorForArray
instanceKlass org/hibernate/validator/internal/constraintvalidators/bv/size/SizeValidatorForCollection
instanceKlass org/hibernate/validator/internal/constraintvalidators/bv/size/SizeValidatorForCharSequence
instanceKlass jakarta/validation/constraints/PositiveOrZero
instanceKlass org/hibernate/validator/internal/constraintvalidators/bv/number/sign/PositiveOrZeroValidatorForCharSequence
instanceKlass org/hibernate/validator/internal/constraintvalidators/bv/number/sign/PositiveOrZeroValidatorForNumber
instanceKlass org/hibernate/validator/internal/constraintvalidators/bv/number/sign/PositiveOrZeroValidatorForByte
instanceKlass org/hibernate/validator/internal/constraintvalidators/bv/number/sign/PositiveOrZeroValidatorForShort
instanceKlass org/hibernate/validator/internal/constraintvalidators/bv/number/sign/PositiveOrZeroValidatorForInteger
instanceKlass org/springframework/beans/factory/config/RuntimeBeanReference
instanceKlass org/springframework/beans/factory/config/BeanReference
instanceKlass org/hibernate/validator/internal/constraintvalidators/bv/number/sign/PositiveOrZeroValidatorForLong
instanceKlass org/hibernate/validator/internal/constraintvalidators/bv/number/sign/PositiveOrZeroValidatorForFloat
instanceKlass org/hibernate/validator/internal/constraintvalidators/bv/number/sign/PositiveOrZeroValidatorForDouble
instanceKlass org/springframework/beans/MutablePropertyValues
instanceKlass org/hibernate/validator/internal/constraintvalidators/bv/number/sign/PositiveOrZeroValidatorForBigInteger
instanceKlass org/hibernate/validator/internal/constraintvalidators/bv/number/sign/PositiveOrZeroValidatorForBigDecimal
instanceKlass org/springframework/beans/factory/support/InstanceSupplier
instanceKlass org/springframework/util/function/ThrowingSupplier
instanceKlass jakarta/validation/constraints/Positive
instanceKlass org/hibernate/validator/internal/constraintvalidators/bv/number/sign/PositiveValidatorForCharSequence
instanceKlass org/hibernate/validator/internal/constraintvalidators/bv/number/sign/PositiveValidatorForNumber
instanceKlass org/springframework/beans/factory/support/BeanDefinitionBuilder
instanceKlass org/hibernate/validator/internal/constraintvalidators/bv/number/sign/PositiveValidatorForByte
instanceKlass org/hibernate/validator/internal/constraintvalidators/bv/number/sign/PositiveValidatorForShort
instanceKlass org/hibernate/validator/internal/constraintvalidators/bv/number/sign/PositiveValidatorForInteger
instanceKlass org/springframework/boot/autoconfigure/SharedMetadataReaderFactoryContextInitializer$SharedMetadataReaderFactoryBean
instanceKlass org/hibernate/validator/internal/constraintvalidators/bv/number/sign/PositiveValidatorForLong
instanceKlass org/springframework/beans/factory/FactoryBean
instanceKlass org/hibernate/validator/internal/constraintvalidators/bv/number/sign/PositiveValidatorForFloat
instanceKlass org/hibernate/validator/internal/constraintvalidators/bv/number/sign/PositiveValidatorForDouble
instanceKlass org/springframework/context/support/PostProcessorRegistrationDelegate
instanceKlass org/hibernate/validator/internal/constraintvalidators/bv/number/sign/PositiveValidatorForBigInteger
instanceKlass org/hibernate/validator/internal/constraintvalidators/bv/number/sign/PositiveValidatorForBigDecimal
instanceKlass org/hibernate/validator/internal/constraintvalidators/bv/PatternValidator
instanceKlass jakarta/validation/constraints/Pattern
instanceKlass org/springframework/web/context/support/WebApplicationContextUtils$WebRequestObjectFactory
instanceKlass jakarta/validation/constraints/PastOrPresent
instanceKlass org/springframework/web/context/request/WebRequest
instanceKlass org/springframework/web/context/request/RequestAttributes
instanceKlass org/springframework/web/context/support/WebApplicationContextUtils$SessionObjectFactory
instanceKlass jakarta/servlet/http/HttpSession
instanceKlass org/springframework/web/context/support/WebApplicationContextUtils$ResponseObjectFactory
instanceKlass jakarta/servlet/ServletResponse
instanceKlass org/springframework/web/context/support/WebApplicationContextUtils$RequestObjectFactory
instanceKlass jakarta/servlet/ServletRequest
instanceKlass org/springframework/web/context/request/AbstractRequestAttributesScope
instanceKlass org/springframework/boot/web/servlet/context/ServletWebServerApplicationContext$ExistingWebApplicationScopes
instanceKlass org/springframework/web/context/ServletContextAware
instanceKlass org/springframework/web/context/support/ServletContextAwareProcessor
instanceKlass jakarta/validation/constraints/Past
instanceKlass org/springframework/context/support/ApplicationListenerDetector
instanceKlass org/springframework/context/MessageSourceAware
instanceKlass org/springframework/context/ApplicationEventPublisherAware
instanceKlass org/springframework/beans/factory/config/BeanExpressionContext
instanceKlass org/springframework/beans/factory/config/EmbeddedValueResolver
instanceKlass org/springframework/util/StringValueResolver
instanceKlass org/springframework/context/support/ApplicationContextAwareProcessor
instanceKlass org/springframework/beans/support/ResourceEditorRegistrar
instanceKlass org/springframework/expression/spel/SpelParserConfiguration
instanceKlass org/springframework/expression/Expression
instanceKlass org/springframework/expression/common/TemplateAwareExpressionParser
instanceKlass org/hibernate/validator/internal/constraintvalidators/bv/NullValidator
instanceKlass jakarta/validation/constraints/Null
instanceKlass org/springframework/context/expression/StandardBeanExpressionResolver$1
instanceKlass org/hibernate/validator/internal/constraintvalidators/bv/NotNullValidator
instanceKlass org/springframework/expression/EvaluationContext
instanceKlass jakarta/validation/constraints/NotNull
instanceKlass org/springframework/expression/TypeConverter
instanceKlass sun/reflect/generics/tree/ShortSignature
instanceKlass sun/reflect/generics/tree/LongSignature
instanceKlass org/springframework/expression/TypeLocator
instanceKlass sun/reflect/generics/tree/IntSignature
instanceKlass sun/reflect/generics/tree/FloatSignature
instanceKlass sun/reflect/generics/tree/DoubleSignature
instanceKlass org/springframework/expression/BeanResolver
instanceKlass sun/reflect/generics/tree/BooleanSignature
instanceKlass org/springframework/expression/PropertyAccessor
instanceKlass jakarta/validation/constraints/NotEmpty
instanceKlass org/springframework/expression/ExpressionParser
instanceKlass org/springframework/expression/ParserContext
instanceKlass org/springframework/context/expression/StandardBeanExpressionResolver
instanceKlass org/hibernate/validator/internal/constraintvalidators/bv/notempty/NotEmptyValidatorForArraysOfShort
instanceKlass org/hibernate/validator/internal/constraintvalidators/bv/notempty/NotEmptyValidatorForArraysOfLong
instanceKlass org/hibernate/validator/internal/constraintvalidators/bv/notempty/NotEmptyValidatorForArraysOfInt
instanceKlass org/springframework/web/context/request/RequestContextHolder
instanceKlass org/hibernate/validator/internal/constraintvalidators/bv/notempty/NotEmptyValidatorForArraysOfFloat
instanceKlass org/hibernate/validator/internal/constraintvalidators/bv/notempty/NotEmptyValidatorForArraysOfDouble
instanceKlass org/hibernate/validator/internal/constraintvalidators/bv/notempty/NotEmptyValidatorForArraysOfChar
instanceKlass org/springframework/web/context/support/WebApplicationContextUtils
instanceKlass org/hibernate/validator/internal/constraintvalidators/bv/notempty/NotEmptyValidatorForArraysOfByte
instanceKlass org/hibernate/validator/internal/constraintvalidators/bv/notempty/NotEmptyValidatorForArraysOfBoolean
instanceKlass org/hibernate/validator/internal/constraintvalidators/bv/notempty/NotEmptyValidatorForMap
instanceKlass org/hibernate/validator/internal/constraintvalidators/bv/notempty/NotEmptyValidatorForArray
instanceKlass org/springframework/boot/context/logging/LoggingApplicationListener$Lifecycle
instanceKlass org/springframework/context/SmartLifecycle
instanceKlass org/springframework/context/Phased
instanceKlass org/hibernate/validator/internal/constraintvalidators/bv/notempty/NotEmptyValidatorForCollection
instanceKlass org/hibernate/validator/internal/constraintvalidators/bv/notempty/NotEmptyValidatorForCharSequence
instanceKlass org/springframework/beans/factory/BeanFactoryUtils
instanceKlass org/hibernate/validator/internal/constraintvalidators/bv/NotBlankValidator
instanceKlass org/springframework/boot/logging/DeferredLog$1
instanceKlass jakarta/validation/constraints/NotBlank
instanceKlass jakarta/validation/constraints/NegativeOrZero
instanceKlass org/springframework/beans/factory/support/BeanDefinitionReaderUtils
instanceKlass org/hibernate/validator/internal/constraintvalidators/bv/number/sign/NegativeOrZeroValidatorForCharSequence
instanceKlass org/hibernate/validator/internal/constraintvalidators/bv/number/sign/NegativeOrZeroValidatorForNumber
instanceKlass org/springframework/context/annotation/Description
instanceKlass org/hibernate/validator/internal/constraintvalidators/bv/number/sign/NegativeOrZeroValidatorForByte
instanceKlass org/springframework/context/annotation/Role
instanceKlass org/hibernate/validator/internal/constraintvalidators/bv/number/sign/NegativeOrZeroValidatorForShort
instanceKlass org/springframework/context/annotation/DependsOn
instanceKlass org/hibernate/validator/internal/constraintvalidators/bv/number/sign/NegativeOrZeroValidatorForInteger
instanceKlass org/springframework/context/annotation/Primary
instanceKlass org/springframework/context/annotation/Lazy
instanceKlass org/hibernate/validator/internal/constraintvalidators/bv/number/sign/NegativeOrZeroValidatorForLong
instanceKlass org/hibernate/validator/internal/constraintvalidators/bv/number/sign/NegativeOrZeroValidatorForFloat
instanceKlass org/hibernate/validator/internal/constraintvalidators/bv/number/sign/NegativeOrZeroValidatorForDouble
instanceKlass org/hibernate/validator/internal/constraintvalidators/bv/number/sign/NegativeOrZeroValidatorForBigInteger
instanceKlass org/hibernate/validator/internal/constraintvalidators/bv/number/sign/NegativeOrZeroValidatorForBigDecimal
instanceKlass jakarta/validation/constraints/Negative
instanceKlass org/hibernate/validator/internal/constraintvalidators/bv/number/sign/NegativeValidatorForCharSequence
instanceKlass org/hibernate/validator/internal/constraintvalidators/bv/number/sign/NegativeValidatorForNumber
instanceKlass org/hibernate/validator/internal/constraintvalidators/bv/number/sign/NegativeValidatorForByte
instanceKlass org/hibernate/validator/internal/constraintvalidators/bv/number/sign/NegativeValidatorForShort
instanceKlass org/hibernate/validator/internal/constraintvalidators/bv/number/sign/NegativeValidatorForInteger
instanceKlass org/hibernate/validator/internal/constraintvalidators/bv/number/sign/NegativeValidatorForLong
instanceKlass org/hibernate/validator/internal/constraintvalidators/bv/number/sign/NegativeValidatorForFloat
instanceKlass org/hibernate/validator/internal/constraintvalidators/bv/number/sign/NegativeValidatorForDouble
instanceKlass org/springframework/core/annotation/TypeMappedAnnotations$Aggregate
instanceKlass org/hibernate/validator/internal/constraintvalidators/bv/number/sign/NegativeValidatorForBigInteger
instanceKlass org/springframework/core/annotation/TypeMappedAnnotations$AggregatesCollector
instanceKlass org/hibernate/validator/internal/constraintvalidators/bv/number/sign/NegativeValidatorForBigDecimal
instanceKlass org/springframework/core/annotation/TypeMappedAnnotations$AggregatesSpliterator
instanceKlass jakarta/validation/constraints/Min
instanceKlass org/springframework/context/annotation/ScopeMetadata
instanceKlass org/springframework/beans/BeanMetadataAttribute
instanceKlass org/springframework/context/annotation/ImportResource
instanceKlass org/hibernate/validator/internal/constraintvalidators/bv/number/bound/AbstractMinValidator
instanceKlass org/springframework/core/Conventions
instanceKlass jakarta/validation/constraints/Max
instanceKlass org/springframework/context/annotation/ConfigurationClassUtils
instanceKlass org/springframework/boot/autoconfigure/AutoConfigurationPackages$Registrar
instanceKlass org/springframework/boot/context/annotation/DeterminableImports
instanceKlass org/springframework/context/annotation/ImportBeanDefinitionRegistrar
instanceKlass org/hibernate/validator/internal/constraintvalidators/bv/number/bound/AbstractMaxValidator
instanceKlass org/springframework/context/annotation/ComponentScans
instanceKlass jakarta/validation/constraints/FutureOrPresent
instanceKlass org/springframework/boot/autoconfigure/AutoConfigurationImportSelector
instanceKlass org/springframework/context/annotation/DeferredImportSelector
instanceKlass org/springframework/context/annotation/ImportSelector
instanceKlass java/time/chrono/ChronoLocalDateImpl
instanceKlass org/springframework/boot/autoconfigure/AutoConfigurationExcludeFilter
instanceKlass jakarta/validation/constraints/Future
instanceKlass org/springframework/boot/context/TypeExcludeFilter
instanceKlass java/lang/annotation/Repeatable
instanceKlass org/springframework/context/annotation/Import
instanceKlass org/springframework/boot/autoconfigure/AutoConfigurationPackage
instanceKlass org/hibernate/validator/internal/constraintvalidators/bv/time/AbstractJavaTimeValidator
instanceKlass org/hibernate/validator/internal/constraintvalidators/bv/time/AbstractInstantBasedTimeValidator
instanceKlass org/hibernate/validator/constraintvalidation/HibernateConstraintValidator
instanceKlass org/springframework/context/annotation/Configuration
instanceKlass org/springframework/context/annotation/ComponentScan$Filter
instanceKlass org/hibernate/validator/internal/constraintvalidators/AbstractEmailValidator
instanceKlass jakarta/validation/constraints/Email
instanceKlass jakarta/validation/constraints/Digits
instanceKlass org/hibernate/validator/internal/constraintvalidators/bv/DigitsValidatorForNumber
instanceKlass org/hibernate/validator/internal/constraintvalidators/bv/DigitsValidatorForCharSequence
instanceKlass jakarta/validation/constraints/DecimalMin
instanceKlass org/springframework/core/annotation/TypeMappedAnnotations$IsPresent
instanceKlass org/springframework/context/annotation/Conditional
instanceKlass org/springframework/context/annotation/ComponentScan
instanceKlass org/springframework/boot/autoconfigure/EnableAutoConfiguration
instanceKlass org/springframework/boot/SpringBootConfiguration
instanceKlass org/hibernate/validator/internal/constraintvalidators/bv/number/bound/decimal/AbstractDecimalMinValidator
instanceKlass jakarta/validation/constraints/DecimalMax
instanceKlass org/springframework/boot/autoconfigure/SpringBootApplication
instanceKlass org/hibernate/validator/internal/util/privilegedactions/IsClassPresent
instanceKlass org/springframework/core/type/StandardClassMetadata
instanceKlass org/springframework/core/type/AnnotationMetadata
instanceKlass org/springframework/core/type/ClassMetadata
instanceKlass org/hibernate/validator/internal/constraintvalidators/bv/number/bound/decimal/AbstractDecimalMaxValidator
instanceKlass org/springframework/util/xml/XmlValidationModeDetector
instanceKlass org/hibernate/validator/internal/constraintvalidators/bv/AssertTrueValidator
instanceKlass jakarta/validation/constraints/AssertTrue
instanceKlass org/springframework/util/xml/SimpleSaxErrorHandler
instanceKlass jakarta/validation/constraintvalidation/SupportedValidationTarget
instanceKlass org/springframework/beans/factory/xml/DefaultDocumentLoader
instanceKlass org/springframework/beans/factory/parsing/NullSourceExtractor
instanceKlass org/springframework/beans/factory/parsing/EmptyReaderEventListener
instanceKlass org/hibernate/validator/internal/util/TypeHelper
instanceKlass org/springframework/beans/factory/parsing/FailFastProblemReporter
instanceKlass org/springframework/beans/factory/xml/DefaultBeanDefinitionDocumentReader
instanceKlass org/springframework/beans/factory/xml/BeanDefinitionDocumentReader
instanceKlass org/hibernate/validator/internal/engine/constraintvalidation/ClassBasedValidatorDescriptor
instanceKlass org/springframework/beans/factory/support/DefaultBeanNameGenerator
instanceKlass org/xml/sax/EntityResolver
instanceKlass org/hibernate/validator/internal/engine/constraintvalidation/ConstraintValidatorDescriptor
instanceKlass org/springframework/beans/factory/xml/NamespaceHandlerResolver
instanceKlass org/hibernate/validator/internal/constraintvalidators/bv/AssertFalseValidator
instanceKlass jakarta/validation/constraints/AssertFalse
instanceKlass org/hibernate/validator/internal/metadata/core/ConstraintHelper$ValidatorDescriptorMap
instanceKlass org/xml/sax/ErrorHandler
instanceKlass org/springframework/beans/factory/xml/DocumentLoader
instanceKlass org/springframework/beans/factory/parsing/SourceExtractor
instanceKlass org/springframework/beans/factory/parsing/ReaderEventListener
instanceKlass org/springframework/beans/factory/parsing/ProblemReporter
instanceKlass org/hibernate/validator/internal/metadata/core/ConstraintHelper
instanceKlass org/springframework/beans/factory/support/AbstractBeanDefinitionReader
instanceKlass org/springframework/beans/factory/support/BeanDefinitionReader
instanceKlass org/springframework/boot/BeanDefinitionLoader
instanceKlass org/springframework/boot/SpringApplication$PropertySourceOrderingBeanFactoryPostProcessor
instanceKlass org/hibernate/validator/internal/engine/valueextraction/ValueExtractorResolver
instanceKlass java/util/HashMap$HashMapSpliterator
instanceKlass ch/qos/logback/core/pattern/SpacePadder
instanceKlass java/util/OptionalLong
instanceKlass org/hibernate/validator/internal/engine/valueextraction/OptionalLongValueExtractor
instanceKlass java/time/LocalTime$1
instanceKlass java/time/format/DateTimeFormatterBuilder$2
instanceKlass java/time/ZonedDateTime$1
instanceKlass java/time/zone/ZoneOffsetTransitionRule$1
instanceKlass java/time/LocalDate$1
instanceKlass java/util/OptionalDouble
instanceKlass org/hibernate/validator/internal/engine/valueextraction/OptionalDoubleValueExtractor
instanceKlass org/hibernate/validator/internal/engine/valueextraction/AnnotatedObject
instanceKlass java/time/temporal/TemporalAdjusters
instanceKlass java/util/OptionalInt
instanceKlass org/hibernate/validator/internal/engine/valueextraction/OptionalIntValueExtractor
instanceKlass java/time/temporal/TemporalQueries$7
instanceKlass java/time/temporal/TemporalQueries$6
instanceKlass java/time/temporal/TemporalQueries$5
instanceKlass java/time/temporal/TemporalQueries$4
instanceKlass java/time/temporal/TemporalQueries$3
instanceKlass java/time/temporal/TemporalQueries$2
instanceKlass java/time/temporal/TemporalQueries$1
instanceKlass java/time/temporal/TemporalQueries
instanceKlass java/time/format/DateTimePrintContext
instanceKlass ch/qos/logback/classic/spi/EventArgUtil
instanceKlass org/hibernate/validator/internal/engine/valueextraction/OptionalValueExtractor
instanceKlass ch/qos/logback/classic/spi/IThrowableProxy
instanceKlass org/hibernate/validator/internal/engine/valueextraction/IterableValueExtractor
instanceKlass ch/qos/logback/classic/spi/LoggingEvent
instanceKlass org/hibernate/validator/internal/engine/valueextraction/MapKeyExtractor
instanceKlass org/hibernate/validator/internal/engine/valueextraction/MapValueExtractor
instanceKlass org/hibernate/validator/internal/engine/valueextraction/ListValueExtractor
instanceKlass org/hibernate/validator/internal/engine/valueextraction/ObjectArrayValueExtractor
instanceKlass org/springframework/boot/system/ApplicationHome
instanceKlass org/hibernate/validator/internal/engine/valueextraction/BooleanArrayValueExtractor
instanceKlass org/hibernate/validator/internal/engine/valueextraction/CharArrayValueExtractor
instanceKlass org/hibernate/validator/internal/engine/valueextraction/DoubleArrayValueExtractor
instanceKlass org/hibernate/validator/internal/engine/valueextraction/FloatArrayValueExtractor
instanceKlass org/hibernate/validator/internal/engine/valueextraction/LongArrayValueExtractor
instanceKlass java/util/concurrent/Callable
instanceKlass org/hibernate/validator/internal/engine/valueextraction/IntArrayValueExtractor
instanceKlass org/hibernate/validator/internal/engine/valueextraction/ShortArrayValueExtractor
instanceKlass org/springframework/boot/StartupInfoLogger
instanceKlass org/hibernate/validator/internal/engine/valueextraction/ValueExtractorDescriptor$Key
instanceKlass org/hibernate/validator/internal/engine/valueextraction/ArrayElement
instanceKlass org/springframework/boot/autoconfigure/logging/ConditionEvaluationReportLogger
instanceKlass org/hibernate/validator/internal/engine/valueextraction/ValueExtractorDescriptor
instanceKlass org/springframework/boot/autoconfigure/condition/ConditionEvaluationReport$AncestorsMatchedCondition
instanceKlass org/springframework/context/annotation/Condition
instanceKlass org/springframework/boot/autoconfigure/condition/ConditionEvaluationReport
instanceKlass org/hibernate/validator/internal/engine/valueextraction/ByteArrayValueExtractor
instanceKlass org/springframework/boot/autoconfigure/logging/ConditionEvaluationReportLoggingListener$ConditionEvaluationReportListener
instanceKlass java/lang/StackTraceElement$HashedModules
instanceKlass org/hibernate/validator/internal/engine/valueextraction/ValueExtractorManager$1
instanceKlass org/hibernate/validator/internal/engine/valueextraction/ValueExtractorManager
instanceKlass org/springframework/boot/rsocket/context/RSocketPortInfoApplicationContextInitializer$Listener
instanceKlass org/springframework/boot/context/ConfigurationWarningsApplicationContextInitializer$ComponentScanPackageCheck
instanceKlass org/springframework/boot/context/ConfigurationWarningsApplicationContextInitializer$Check
instanceKlass org/springframework/boot/context/ConfigurationWarningsApplicationContextInitializer$ConfigurationWarningsPostProcessor
instanceKlass org/hibernate/validator/internal/engine/groups/ValidationOrder
instanceKlass org/hibernate/validator/internal/engine/groups/ValidationOrderGenerator
instanceKlass org/hibernate/validator/internal/engine/constraintvalidation/ConstraintValidatorManagerImpl$1
instanceKlass org/springframework/boot/context/ContextIdApplicationContextInitializer$ContextId
instanceKlass org/springframework/boot/autoconfigure/SharedMetadataReaderFactoryContextInitializer$CachingMetadataReaderFactoryPostProcessor
instanceKlass jakarta/validation/ConstraintValidator
instanceKlass jakarta/validation/metadata/ConstraintDescriptor
instanceKlass org/hibernate/validator/internal/engine/constraintvalidation/AbstractConstraintValidatorManagerImpl
instanceKlass org/springframework/context/index/CandidateComponentsIndex
instanceKlass org/springframework/context/index/CandidateComponentsIndexLoader
instanceKlass org/hibernate/validator/internal/engine/constraintvalidation/HibernateConstraintValidatorInitializationContextImpl
instanceKlass org/springframework/core/type/classreading/MetadataReader
instanceKlass org/springframework/core/type/classreading/SimpleMetadataReaderFactory
instanceKlass org/hibernate/validator/spi/scripting/ScriptEvaluator
instanceKlass org/hibernate/validator/spi/scripting/AbstractCachingScriptEvaluatorFactory
instanceKlass org/springframework/core/io/support/ResourcePatternUtils
instanceKlass org/hibernate/validator/internal/util/ExecutableParameterNameProvider
instanceKlass jakarta/el/Util$CacheKey
instanceKlass jakarta/inject/Named
instanceKlass jakarta/el/ELContext
instanceKlass jakarta/el/ELManager
instanceKlass java/lang/Deprecated
instanceKlass org/apache/el/util/ExceptionUtils
instanceKlass jakarta/annotation/ManagedBean
instanceKlass jakarta/el/Expression
instanceKlass jakarta/el/ELResolver
instanceKlass org/springframework/stereotype/Indexed
instanceKlass org/springframework/stereotype/Component
instanceKlass org/springframework/core/type/filter/AbstractTypeHierarchyTraversingFilter
instanceKlass org/springframework/core/type/filter/TypeFilter
instanceKlass jakarta/el/ExpressionFactory$CacheKey
instanceKlass jakarta/el/Util$CacheValue
instanceKlass org/springframework/beans/factory/support/BeanDefinitionDefaults
instanceKlass jakarta/el/Util
instanceKlass org/springframework/core/type/classreading/MetadataReaderFactory
instanceKlass org/springframework/context/annotation/ClassPathScanningCandidateComponentProvider
instanceKlass java/util/concurrent/locks/ReentrantReadWriteLock$WriteLock
instanceKlass java/util/concurrent/locks/ReentrantReadWriteLock$ReadLock
instanceKlass java/util/concurrent/locks/ReentrantReadWriteLock
instanceKlass org/springframework/context/event/DefaultEventListenerFactory
instanceKlass org/springframework/context/event/EventListenerFactory
instanceKlass java/util/concurrent/locks/ReadWriteLock
instanceKlass jakarta/el/ExpressionFactory$CacheValue
instanceKlass org/springframework/context/event/EventListenerMethodProcessor
instanceKlass org/springframework/beans/factory/SmartInitializingSingleton
instanceKlass jakarta/el/ExpressionFactory
instanceKlass org/springframework/beans/factory/annotation/InitDestroyAnnotationBeanPostProcessor
instanceKlass org/hibernate/validator/internal/util/ConcurrentReferenceHashMap$HashEntry
instanceKlass org/springframework/beans/factory/annotation/AutowiredAnnotationBeanPostProcessor
instanceKlass org/springframework/beans/factory/config/SmartInstantiationAwareBeanPostProcessor
instanceKlass org/springframework/beans/factory/config/BeanDefinitionHolder
instanceKlass org/hibernate/validator/internal/engine/messageinterpolation/DefaultLocaleResolverContext
instanceKlass org/springframework/beans/factory/support/MethodOverrides
instanceKlass jdk/internal/reflect/UnsafeFieldAccessorFactory
instanceKlass org/springframework/context/annotation/ConfigurationClassPostProcessor
instanceKlass org/hibernate/validator/internal/util/logging/Messages_$bundle
instanceKlass org/springframework/context/EnvironmentAware
instanceKlass org/springframework/context/ApplicationStartupAware
instanceKlass org/springframework/context/ResourceLoaderAware
instanceKlass org/springframework/beans/factory/support/BeanDefinitionRegistryPostProcessor
instanceKlass org/jboss/logging/Messages
instanceKlass org/hibernate/validator/internal/util/logging/Messages
instanceKlass org/hibernate/validator/internal/engine/messageinterpolation/DefaultLocaleResolver
instanceKlass jakarta/inject/Qualifier
instanceKlass org/springframework/beans/factory/annotation/Qualifier
instanceKlass org/springframework/beans/factory/annotation/Value
instanceKlass org/springframework/aop/TargetSource
instanceKlass org/hibernate/validator/internal/util/Contracts
instanceKlass org/springframework/orm/jpa/support/PersistenceAnnotationBeanPostProcessor
instanceKlass java/lang/reflect/AnnotatedType
instanceKlass org/springframework/beans/factory/aot/BeanRegistrationAotProcessor
instanceKlass org/springframework/beans/factory/support/MergedBeanDefinitionPostProcessor
instanceKlass sun/util/locale/LocaleObjectCache
instanceKlass org/springframework/beans/factory/config/DestructionAwareBeanPostProcessor
instanceKlass java/util/ResourceBundle
instanceKlass java/util/ResourceBundle$Control
instanceKlass org/springframework/beans/factory/config/InstantiationAwareBeanPostProcessor
instanceKlass org/hibernate/validator/resourceloading/PlatformResourceBundleLocator
instanceKlass jakarta/annotation/PostConstruct
instanceKlass jdk/internal/reflect/ClassDefiner$1
instanceKlass jdk/internal/reflect/ClassDefiner
instanceKlass jdk/internal/reflect/MethodAccessorGenerator$1
instanceKlass jdk/internal/reflect/Label$PatchInfo
instanceKlass jdk/internal/reflect/Label
instanceKlass org/springframework/context/annotation/AnnotationConfigUtils
instanceKlass jdk/internal/reflect/UTF8
instanceKlass jdk/internal/reflect/ClassFileAssembler
instanceKlass org/springframework/context/annotation/ConditionEvaluator$ConditionContextImpl
instanceKlass jdk/internal/reflect/ByteVectorImpl
instanceKlass jdk/internal/reflect/ByteVector
instanceKlass jdk/internal/reflect/ByteVectorFactory
instanceKlass org/springframework/context/annotation/ConditionContext
instanceKlass jdk/internal/reflect/AccessorGenerator
instanceKlass jdk/internal/reflect/ClassFileConstants
instanceKlass org/springframework/context/annotation/ConditionEvaluator
instanceKlass org/springframework/context/annotation/Scope
instanceKlass org/springframework/context/annotation/AnnotationScopeMetadataResolver
instanceKlass java/util/RegularEnumSet$EnumSetIterator
instanceKlass org/hibernate/validator/spi/messageinterpolation/LocaleResolverContext
instanceKlass org/springframework/context/annotation/AnnotationBeanNameGenerator
instanceKlass org/hibernate/validator/messageinterpolation/AbstractMessageInterpolator
instanceKlass org/springframework/beans/factory/annotation/AnnotatedBeanDefinition
instanceKlass org/hibernate/validator/constraintvalidation/HibernateConstraintValidatorInitializationContext
instanceKlass org/hibernate/validator/internal/engine/ValidatorFactoryScopedContext
instanceKlass org/springframework/core/type/AnnotatedTypeMetadata
instanceKlass org/springframework/context/annotation/ScopeMetadataResolver
instanceKlass org/springframework/beans/factory/support/BeanNameGenerator
instanceKlass org/springframework/context/annotation/AnnotatedBeanDefinitionReader
instanceKlass org/springframework/beans/factory/support/SimpleAutowireCandidateResolver
instanceKlass org/hibernate/validator/internal/metadata/aggregated/rule/MethodConfigurationRule
instanceKlass org/springframework/beans/factory/support/SimpleInstantiationStrategy
instanceKlass org/hibernate/validator/internal/engine/MethodValidationConfiguration
instanceKlass org/springframework/beans/factory/BeanNameAware
instanceKlass org/hibernate/validator/spi/cfg/ConstraintMappingContributor
instanceKlass org/hibernate/validator/metadata/BeanMetaDataClassNormalizer
instanceKlass org/hibernate/validator/spi/scripting/ScriptEvaluatorFactory
instanceKlass jakarta/inject/Provider
instanceKlass org/hibernate/validator/spi/cfg/ConstraintMappingContributor$ConstraintMappingBuilder
instanceKlass org/hibernate/validator/spi/messageinterpolation/LocaleResolver
instanceKlass org/hibernate/validator/internal/engine/ValidatorFactoryConfigurationHelper
instanceKlass org/springframework/core/OrderComparator$OrderSourceProvider
instanceKlass jakarta/validation/Validator
instanceKlass org/hibernate/validator/HibernateValidatorContext
instanceKlass org/hibernate/validator/internal/metadata/BeanMetaDataManager
instanceKlass org/hibernate/validator/internal/engine/constraintvalidation/ConstraintValidatorManager
instanceKlass org/springframework/beans/factory/support/AutowireCandidateResolver
instanceKlass jakarta/validation/ValidatorContext
instanceKlass org/hibernate/validator/internal/engine/ValidatorFactoryImpl
instanceKlass org/hibernate/validator/HibernateValidatorFactory
instanceKlass org/springframework/beans/factory/ObjectProvider
instanceKlass org/springframework/beans/factory/ObjectFactory
instanceKlass org/springframework/beans/factory/InjectionPoint
instanceKlass org/hibernate/validator/internal/engine/resolver/JPATraversableResolver
instanceKlass jakarta/persistence/Persistence$PersistenceUtilImpl
instanceKlass org/springframework/core/AttributeAccessorSupport
instanceKlass org/hibernate/validator/internal/util/ReflectionHelper
instanceKlass org/hibernate/validator/internal/util/privilegedactions/NewInstance
instanceKlass org/springframework/beans/BeanWrapper
instanceKlass jakarta/persistence/EntityManagerFactory
instanceKlass org/springframework/beans/ConfigurablePropertyAccessor
instanceKlass org/springframework/beans/PropertyAccessor
instanceKlass jakarta/persistence/PersistenceUtil
instanceKlass org/springframework/util/ReflectionUtils$MethodCallback
instanceKlass org/hibernate/validator/internal/util/privilegedactions/GetMethod
instanceKlass jakarta/persistence/Persistence
instanceKlass org/springframework/beans/PropertyValues
instanceKlass org/springframework/beans/factory/support/InstantiationStrategy
instanceKlass org/hibernate/validator/internal/util/privilegedactions/LoadClass
instanceKlass jakarta/validation/TraversableResolver
instanceKlass org/hibernate/validator/internal/engine/resolver/TraversableResolvers
instanceKlass org/springframework/beans/factory/DisposableBean
instanceKlass org/hibernate/validator/internal/xml/config/BootstrapConfigurationImpl
instanceKlass jakarta/validation/BootstrapConfiguration
instanceKlass org/hibernate/validator/internal/xml/config/ResourceLoaderHelper
instanceKlass org/springframework/core/SimpleAliasRegistry
instanceKlass javax/xml/transform/Source
instanceKlass org/hibernate/validator/internal/xml/config/ValidationXmlParser
instanceKlass org/hibernate/validator/internal/util/privilegedactions/GetInstancesFromServiceLoader
instanceKlass jakarta/validation/valueextraction/ValueExtractor
instanceKlass org/hibernate/validator/internal/util/privilegedactions/GetClassLoader
instanceKlass org/hibernate/validator/internal/engine/DefaultPropertyNodeNameProvider
instanceKlass org/hibernate/validator/internal/engine/DefaultClockProvider
instanceKlass org/hibernate/validator/internal/engine/DefaultParameterNameProvider
instanceKlass org/springframework/util/AntPathMatcher$PathSeparatorPatternCache
instanceKlass org/hibernate/validator/internal/engine/constraintvalidation/ConstraintValidatorFactoryImpl
instanceKlass org/hibernate/validator/internal/xml/config/ValidationBootstrapParameters
instanceKlass org/springframework/util/AntPathMatcher
instanceKlass org/hibernate/validator/internal/engine/MethodValidationConfiguration$Builder
instanceKlass org/hibernate/validator/internal/util/CollectionHelper
instanceKlass org/jboss/logging/Slf4jLocationAwareLogger$1
instanceKlass jdk/internal/module/SystemModules$all
instanceKlass sun/nio/fs/ExtendedFileSystemProvider
instanceKlass org/jboss/logging/AbstractLoggerProvider
instanceKlass org/springframework/util/PathMatcher
instanceKlass org/springframework/core/io/support/PathMatchingResourcePatternResolver
instanceKlass org/jboss/logging/LoggerProvider
instanceKlass org/jboss/logging/LoggerProviders
instanceKlass org/springframework/beans/factory/config/Scope
instanceKlass org/springframework/beans/factory/config/BeanDefinition
instanceKlass org/springframework/beans/BeanMetadataElement
instanceKlass org/springframework/core/AttributeAccessor
instanceKlass org/springframework/beans/factory/config/ConfigurableListableBeanFactory
instanceKlass org/springframework/beans/factory/config/ConfigurableBeanFactory
instanceKlass org/springframework/beans/factory/config/SingletonBeanRegistry
instanceKlass org/springframework/beans/PropertyEditorRegistrar
instanceKlass org/springframework/beans/factory/config/BeanExpressionResolver
instanceKlass org/jboss/logging/DelegatingBasicLogger
instanceKlass org/springframework/core/SmartClassLoader
instanceKlass org/springframework/beans/factory/config/BeanPostProcessor
instanceKlass org/springframework/context/LifecycleProcessor
instanceKlass org/springframework/beans/factory/config/AutowireCapableBeanFactory
instanceKlass org/springframework/beans/factory/support/BeanDefinitionRegistry
instanceKlass org/springframework/core/AliasRegistry
instanceKlass org/jboss/logging/SecurityActions
instanceKlass org/jboss/logging/LoggingLocale
instanceKlass org/springframework/ui/context/ThemeSource
instanceKlass org/springframework/boot/web/context/ConfigurableWebServerApplicationContext
instanceKlass org/springframework/boot/web/context/WebServerApplicationContext
instanceKlass org/hibernate/validator/internal/util/logging/Log
instanceKlass org/springframework/context/annotation/AnnotationConfigRegistry
instanceKlass org/hibernate/validator/internal/util/logging/LoggerFactory
instanceKlass org/hibernate/validator/internal/util/Version
instanceKlass org/springframework/boot/SpringApplicationBannerPrinter$PrintedBanner
instanceKlass org/hibernate/validator/spi/properties/GetterPropertySelectionStrategy
instanceKlass java/io/Console$2
instanceKlass jdk/internal/access/JavaIOAccess
instanceKlass org/hibernate/validator/cfg/ConstraintMapping
instanceKlass org/hibernate/validator/spi/resourceloading/ResourceBundleLocator
instanceKlass jakarta/validation/MessageInterpolator
instanceKlass java/nio/charset/Charset$1
instanceKlass java/nio/charset/Charset$2
instanceKlass org/hibernate/validator/spi/nodenameprovider/PropertyNodeNameProvider
instanceKlass jakarta/validation/ClockProvider
instanceKlass jakarta/validation/ParameterNameProvider
instanceKlass jakarta/validation/ConstraintValidatorFactory
instanceKlass org/hibernate/validator/internal/engine/AbstractConfigurationImpl
instanceKlass jakarta/validation/spi/ConfigurationState
instanceKlass org/hibernate/validator/HibernateValidatorConfiguration
instanceKlass org/hibernate/validator/BaseHibernateValidatorConfiguration
instanceKlass jakarta/validation/ValidatorFactory
instanceKlass jakarta/validation/Configuration
instanceKlass org/hibernate/validator/HibernateValidator
instanceKlass jakarta/validation/spi/ValidationProvider
instanceKlass jakarta/validation/Validation$GetValidationProviderListAction
instanceKlass jdk/internal/module/ModulePatcher$PatchedModuleReader
instanceKlass jakarta/validation/Validation$DefaultValidationProviderResolver
instanceKlass jakarta/validation/ValidationProviderResolver
instanceKlass java/nio/charset/Charset$ExtendedProviderHolder$1
instanceKlass jakarta/validation/Validation$GenericBootstrapImpl
instanceKlass java/nio/charset/Charset$ExtendedProviderHolder
instanceKlass jakarta/validation/spi/BootstrapState
instanceKlass jakarta/validation/bootstrap/ProviderSpecificBootstrap
instanceKlass jakarta/validation/bootstrap/GenericBootstrap
instanceKlass java/io/Console
instanceKlass jakarta/validation/Validation
instanceKlass org/springframework/boot/SpringBootVersion
instanceKlass org/springframework/boot/autoconfigure/BackgroundPreinitializer$ValidationInitializer
instanceKlass org/springframework/core/io/ContextResource
instanceKlass org/springframework/boot/SpringBootBanner
instanceKlass org/springframework/boot/Banner
instanceKlass org/springframework/boot/SpringApplicationBannerPrinter
instanceKlass org/springframework/boot/autoconfigure/BackgroundPreinitializer$ConversionServiceInitializer
instanceKlass org/springframework/boot/EnvironmentConverter
instanceKlass org/springframework/boot/autoconfigure/BackgroundPreinitializer$1
instanceKlass ch/qos/logback/classic/pattern/TargetLengthBasedClassNameAbbreviator
instanceKlass ch/qos/logback/core/pattern/ConverterUtil
instanceKlass ch/qos/logback/classic/pattern/NamedConverter$CacheMissCalculator
instanceKlass ch/qos/logback/classic/pattern/Abbreviator
instanceKlass ch/qos/logback/core/pattern/FormatInfo
instanceKlass ch/qos/logback/core/pattern/util/AsIsEscapeUtil
instanceKlass ch/qos/logback/core/pattern/parser/OptionTokenizer
instanceKlass ch/qos/logback/core/pattern/parser/TokenStream$1
instanceKlass ch/qos/logback/core/pattern/util/RestrictedEscapeUtil
instanceKlass ch/qos/logback/core/pattern/parser/TokenStream
instanceKlass ch/qos/logback/core/pattern/util/RegularEscapeUtil
instanceKlass ch/qos/logback/classic/pattern/EnsureExceptionHandling
instanceKlass ch/qos/logback/core/pattern/parser/Token
instanceKlass ch/qos/logback/core/pattern/parser/Node
instanceKlass ch/qos/logback/core/pattern/util/IEscapeUtil
instanceKlass ch/qos/logback/core/pattern/PostCompileProcessor
instanceKlass jdk/internal/logger/DefaultLoggerFinder$1
instanceKlass java/util/logging/Logger$SystemLoggerHelper$1
instanceKlass java/util/logging/Logger$SystemLoggerHelper
instanceKlass ch/qos/logback/classic/jul/JULHelper
instanceKlass java/util/Vector$Itr
instanceKlass ch/qos/logback/core/subst/NodeToStringTransformer$1
instanceKlass ch/qos/logback/core/CoreConstants
instanceKlass ch/qos/logback/core/subst/Node
instanceKlass ch/qos/logback/core/subst/Parser$1
instanceKlass ch/qos/logback/core/subst/Parser
instanceKlass ch/qos/logback/core/subst/Token
instanceKlass ch/qos/logback/core/subst/Tokenizer$1
instanceKlass ch/qos/logback/core/subst/Tokenizer
instanceKlass ch/qos/logback/core/subst/NodeToStringTransformer
instanceKlass ch/qos/logback/core/rolling/RollingPolicy
instanceKlass org/springframework/boot/logging/logback/DefaultLogbackConfiguration
instanceKlass java/util/concurrent/Executors$DefaultThreadFactory
instanceKlass ch/qos/logback/core/util/ExecutorServiceUtil$1
instanceKlass java/util/concurrent/ScheduledExecutorService
instanceKlass ch/qos/logback/core/util/ExecutorServiceUtil
instanceKlass ch/qos/logback/core/LifeCycleManager
instanceKlass org/springframework/aot/AotDetector
instanceKlass org/springframework/boot/logging/LoggingInitializationContext
instanceKlass org/springframework/boot/logging/LoggerGroup
instanceKlass org/springframework/boot/logging/LoggerGroups
instanceKlass org/springframework/boot/logging/LogFile
instanceKlass java/util/concurrent/SynchronousQueue$TransferStack$SNode
instanceKlass java/util/concurrent/ForkJoinPool$ManagedBlocker
instanceKlass java/util/concurrent/SynchronousQueue$Transferer
instanceKlass java/util/concurrent/ThreadPoolExecutor$AbortPolicy
instanceKlass java/util/concurrent/RejectedExecutionHandler
instanceKlass java/util/concurrent/AbstractExecutorService
instanceKlass java/util/concurrent/Executors
instanceKlass jdk/internal/util/random/RandomSupport
instanceKlass java/lang/ProcessHandleImpl
instanceKlass java/lang/ProcessHandle
instanceKlass org/springframework/boot/system/ApplicationPid
instanceKlass org/jboss/logging/Logger
instanceKlass org/jboss/logging/BasicLogger
instanceKlass org/springframework/boot/ansi/AnsiElement
instanceKlass org/springframework/boot/ansi/AnsiOutput
instanceKlass org/springframework/boot/context/properties/bind/MapBinder$EntryBinder
instanceKlass org/springframework/core/CollectionFactory
instanceKlass org/springframework/boot/context/config/Profiles
instanceKlass java/util/Spliterators$IteratorSpliterator
instanceKlass org/springframework/boot/context/config/ConfigDataEnvironmentContributors$InactiveSourceChecker
instanceKlass org/springframework/boot/context/properties/bind/DefaultValue
instanceKlass org/springframework/boot/context/properties/bind/DataObjectPropertyName
instanceKlass org/springframework/boot/context/properties/bind/ValueObjectBinder$ConstructorParameter
instanceKlass org/springframework/core/SerializableTypeWrapper$MethodInvokeTypeProvider
instanceKlass org/springframework/core/SerializableTypeWrapper$TypeProxyInvocationHandler
instanceKlass sun/reflect/generics/tree/MethodTypeSignature
instanceKlass sun/reflect/generics/tree/VoidDescriptor
instanceKlass org/springframework/core/SerializableTypeWrapper$MethodParameterTypeProvider
instanceKlass org/springframework/core/MethodParameter
instanceKlass org/springframework/boot/context/properties/bind/Name
instanceKlass org/springframework/core/StandardReflectionParameterNameDiscoverer
instanceKlass org/springframework/core/PrioritizedParameterNameDiscoverer
instanceKlass org/springframework/core/ParameterNameDiscoverer
instanceKlass org/springframework/boot/context/properties/bind/ConstructorBinding
instanceKlass org/springframework/beans/factory/annotation/Autowired
instanceKlass org/springframework/boot/context/config/ConfigDataProperties$Activate
instanceKlass org/springframework/boot/context/properties/bind/DefaultBindConstructorProvider$Constructors
instanceKlass org/springframework/boot/context/properties/bind/AbstractBindHandler
instanceKlass org/springframework/boot/context/config/ConfigDataEnvironmentContributorPlaceholdersResolver
instanceKlass org/springframework/boot/origin/OriginTrackedValue
instanceKlass org/springframework/boot/origin/TextResourceOrigin
instanceKlass org/springframework/boot/origin/TextResourceOrigin$Location
instanceKlass sun/net/DefaultProgressMeteringPolicy
instanceKlass sun/net/ProgressMeteringPolicy
instanceKlass sun/net/ProgressMonitor
instanceKlass org/springframework/boot/env/OriginTrackedPropertiesLoader$CharacterReader
instanceKlass org/springframework/boot/env/OriginTrackedPropertiesLoader$Document
instanceKlass org/springframework/boot/env/OriginTrackedPropertiesLoader
instanceKlass java/util/Formattable
instanceKlass java/util/Formatter$Flags
instanceKlass java/util/Formatter$FormatSpecifier
instanceKlass java/util/Formatter$Conversion
instanceKlass java/util/Formatter$FixedString
instanceKlass java/util/Formatter$FormatString
instanceKlass java/util/regex/Pattern$TreeInfo
instanceKlass java/util/Formatter
instanceKlass org/springframework/boot/origin/OriginTrackedResource
instanceKlass org/springframework/boot/context/config/ConfigData
instanceKlass org/springframework/boot/context/config/ConfigDataResolutionResult
instanceKlass java/util/stream/ReduceOps$AccumulatingSink
instanceKlass java/util/stream/ReduceOps$Box
instanceKlass java/util/stream/ReduceOps$ReduceOp
instanceKlass java/util/stream/ReduceOps
instanceKlass java/util/function/BinaryOperator
instanceKlass java/util/stream/Collectors$CollectorImpl
instanceKlass java/util/stream/Collector
instanceKlass java/util/stream/Collectors
instanceKlass java/lang/invoke/MethodHandle$1
instanceKlass org/springframework/core/io/WritableResource
instanceKlass org/springframework/boot/context/config/StandardConfigDataReference
instanceKlass java/util/regex/IntHashSet
instanceKlass java/util/regex/Matcher
instanceKlass java/util/regex/MatchResult
instanceKlass org/springframework/boot/context/config/ConfigDataEnvironmentContributors$ContributorDataLoaderContext
instanceKlass org/springframework/boot/context/config/ConfigDataEnvironmentContributors$ContributorConfigDataLocationResolverContext
instanceKlass org/springframework/boot/context/config/ConfigDataEnvironmentContributor$ContributorIterator
instanceKlass org/springframework/boot/BootstrapRegistry$InstanceSupplier$1
instanceKlass org/springframework/boot/BootstrapRegistry$InstanceSupplier
instanceKlass org/springframework/boot/context/config/ConfigDataActivationContext
instanceKlass org/springframework/boot/context/config/ConfigDataImporter
instanceKlass org/springframework/boot/context/config/ConfigDataLocationResolverContext
instanceKlass org/springframework/boot/context/config/ConfigDataLoaderContext
instanceKlass org/springframework/boot/context/config/ConfigDataEnvironmentContributors
instanceKlass org/springframework/boot/context/config/ConfigDataProperties
instanceKlass org/springframework/boot/context/config/ConfigDataEnvironmentContributor
instanceKlass org/springframework/boot/context/config/ConfigData$Options
instanceKlass org/springframework/boot/context/config/ConfigData$AlwaysPropertySourceOptions
instanceKlass org/springframework/boot/context/config/ConfigData$PropertySourceOptions
instanceKlass org/springframework/boot/context/config/StandardConfigDataLoader
instanceKlass org/springframework/boot/context/config/ConfigDataResource
instanceKlass org/springframework/boot/context/config/ConfigTreeConfigDataLoader
instanceKlass org/springframework/boot/context/config/ConfigDataLoader
instanceKlass org/springframework/boot/context/config/ConfigDataLoaders
instanceKlass org/springframework/boot/context/config/ConfigDataEnvironmentUpdateListener$1
instanceKlass org/springframework/boot/context/config/ConfigDataEnvironmentUpdateListener
instanceKlass java/util/function/BooleanSupplier
instanceKlass java/util/stream/StreamSpliterators
instanceKlass java/util/stream/StreamSpliterators$AbstractWrappingSpliterator
instanceKlass org/springframework/boot/context/properties/source/FilteredConfigurationPropertiesSource
instanceKlass org/springframework/boot/context/properties/bind/AggregateBinder$AggregateSupplier
instanceKlass org/springframework/boot/context/properties/bind/AggregateElementBinder
instanceKlass org/springframework/boot/env/YamlPropertySourceLoader
instanceKlass org/springframework/boot/env/PropertiesPropertySourceLoader
instanceKlass org/springframework/boot/env/PropertySourceLoader
instanceKlass java/util/regex/CharPredicates
instanceKlass java/util/regex/Pattern$BitClass
instanceKlass java/util/regex/Pattern$BmpCharPredicate
instanceKlass java/util/regex/Pattern$CharPredicate
instanceKlass java/util/regex/Pattern$Node
instanceKlass org/springframework/boot/context/config/StandardConfigDataLocationResolver
instanceKlass org/springframework/boot/context/config/LocationResourceLoader
instanceKlass org/springframework/boot/context/config/ConfigTreeConfigDataLocationResolver
instanceKlass org/springframework/boot/context/config/ConfigDataLocationResolver
instanceKlass org/springframework/boot/context/config/ConfigDataLocationResolvers
instanceKlass org/springframework/boot/context/properties/bind/BindResult
instanceKlass org/springframework/boot/context/properties/bind/JavaBeanBinder$BeanProperties
instanceKlass org/springframework/boot/context/properties/bind/ValueObjectBinder$ValueObject
instanceKlass org/springframework/boot/context/properties/bind/DataObjectPropertyBinder
instanceKlass org/springframework/boot/context/properties/bind/Binder$Context
instanceKlass org/springframework/boot/context/properties/bind/JavaBeanBinder
instanceKlass org/springframework/boot/context/properties/bind/ValueObjectBinder
instanceKlass org/springframework/boot/context/properties/bind/DataObjectBinder
instanceKlass org/springframework/boot/context/properties/bind/DefaultBindConstructorProvider
instanceKlass org/springframework/boot/context/properties/bind/BindConstructorProvider
instanceKlass org/springframework/boot/context/properties/bind/BindHandler$1
instanceKlass org/springframework/boot/context/properties/bind/BindHandler
instanceKlass org/springframework/beans/TypeConverterDelegate
instanceKlass org/springframework/beans/PropertyEditorRegistrySupport
instanceKlass org/springframework/beans/PropertyEditorRegistry
instanceKlass org/springframework/beans/TypeConverter
instanceKlass java/beans/PropertyEditorSupport
instanceKlass java/beans/PropertyEditor
instanceKlass org/springframework/boot/context/properties/bind/BindConverter$TypeConverterConverter
instanceKlass org/springframework/boot/context/properties/bind/BindConverter
instanceKlass org/springframework/util/PropertyPlaceholderHelper
instanceKlass org/springframework/boot/context/properties/bind/PropertySourcesPlaceholdersResolver
instanceKlass org/springframework/boot/context/properties/bind/AggregateBinder
instanceKlass org/springframework/boot/context/properties/bind/BindContext
instanceKlass org/springframework/boot/context/properties/bind/Binder
instanceKlass org/springframework/boot/context/config/ConfigDataLocation
instanceKlass org/springframework/boot/origin/OriginProvider
instanceKlass org/springframework/boot/context/properties/bind/PlaceholdersResolver
instanceKlass org/springframework/boot/context/config/ConfigDataEnvironment
instanceKlass org/springframework/boot/context/properties/source/ConfigurationPropertyName$ElementCharPredicate
instanceKlass java/util/stream/Sink$OfInt
instanceKlass java/util/function/IntConsumer
instanceKlass java/util/stream/MatchOps$BooleanTerminalSink
instanceKlass java/util/stream/MatchOps$MatchOp
instanceKlass java/util/stream/MatchOps
instanceKlass java/util/function/IntPredicate
instanceKlass java/util/stream/IntStream
instanceKlass java/lang/StringLatin1$CharsSpliterator
instanceKlass java/util/function/UnaryOperator
instanceKlass org/springframework/boot/context/properties/source/SpringIterableConfigurationPropertySource$Mappings
instanceKlass org/springframework/boot/context/properties/source/DefaultPropertyMapper$LastMapping
instanceKlass java/time/Clock
instanceKlass java/time/InstantSource
instanceKlass org/springframework/boot/context/properties/source/SoftReferenceConfigurationPropertyCache
instanceKlass org/springframework/boot/context/properties/source/ConfigurationPropertyCaching
instanceKlass org/springframework/boot/context/properties/source/SystemEnvironmentPropertyMapper
instanceKlass java/util/function/BiPredicate
instanceKlass org/springframework/boot/context/properties/source/DefaultPropertyMapper
instanceKlass org/springframework/boot/context/properties/source/PropertyMapper
instanceKlass org/springframework/boot/context/properties/source/CachingConfigurationPropertySource
instanceKlass org/springframework/boot/context/properties/source/IterableConfigurationPropertySource
instanceKlass org/springframework/boot/context/properties/source/SpringConfigurationPropertySource
instanceKlass org/springframework/boot/context/properties/source/SpringConfigurationPropertySources$SourcesIterator
instanceKlass org/springframework/boot/env/SpringApplicationJsonEnvironmentPostProcessor$JsonPropertyValue
instanceKlass org/springframework/boot/origin/Origin
instanceKlass org/springframework/boot/logging/DeferredLog$Line
instanceKlass java/util/Random
instanceKlass java/util/random/RandomGenerator
instanceKlass org/springframework/boot/actuate/autoconfigure/tracing/LogCorrelationEnvironmentPostProcessor
instanceKlass org/springframework/boot/autoconfigure/integration/IntegrationPropertiesEnvironmentPostProcessor
instanceKlass org/springframework/boot/reactor/ReactorEnvironmentPostProcessor
instanceKlass org/springframework/boot/env/SystemEnvironmentPropertySourceEnvironmentPostProcessor
instanceKlass org/springframework/boot/env/SpringApplicationJsonEnvironmentPostProcessor
instanceKlass org/springframework/boot/env/RandomValuePropertySourceEnvironmentPostProcessor
instanceKlass org/springframework/boot/context/config/ConfigDataEnvironmentPostProcessor
instanceKlass org/springframework/boot/logging/DeferredLog
instanceKlass org/springframework/boot/cloud/CloudFoundryVcapEnvironmentPostProcessor
instanceKlass org/springframework/boot/env/EnvironmentPostProcessor
instanceKlass org/springframework/boot/env/SpringFactoriesEnvironmentPostProcessorsFactory
instanceKlass org/springframework/boot/context/properties/source/ConfigurationPropertySource
instanceKlass org/springframework/boot/context/properties/source/SpringConfigurationPropertySources
instanceKlass org/springframework/boot/convert/CharSequenceToObjectConverter
instanceKlass org/springframework/boot/convert/LenientObjectToEnumConverterFactory
instanceKlass sun/reflect/generics/tree/ByteSignature
instanceKlass org/springframework/boot/convert/InputStreamSourceToByteArrayConverter
instanceKlass org/springframework/core/io/DefaultResourceLoader
instanceKlass org/springframework/boot/convert/StringToFileConverter
instanceKlass org/springframework/boot/convert/NumberToDataSizeConverter
instanceKlass org/springframework/util/unit/DataSize
instanceKlass org/springframework/boot/convert/StringToDataSizeConverter
instanceKlass org/springframework/boot/convert/NumberToPeriodConverter
instanceKlass org/springframework/boot/convert/PeriodToStringConverter
instanceKlass org/springframework/boot/convert/StringToPeriodConverter
instanceKlass org/springframework/boot/convert/DurationToNumberConverter
instanceKlass org/springframework/boot/convert/NumberToDurationConverter
instanceKlass org/springframework/boot/convert/DurationToStringConverter
instanceKlass org/springframework/boot/convert/StringToDurationConverter
instanceKlass org/springframework/boot/convert/DelimitedStringToCollectionConverter
instanceKlass org/springframework/boot/convert/DelimitedStringToArrayConverter
instanceKlass org/springframework/boot/convert/CollectionToDelimitedStringConverter
instanceKlass org/springframework/boot/convert/ArrayToDelimitedStringConverter
instanceKlass org/springframework/boot/convert/IsoOffsetFormatter
instanceKlass java/net/InetAddress
instanceKlass org/springframework/boot/convert/InetAddressFormatter
instanceKlass sun/reflect/generics/tree/ArrayTypeSignature
instanceKlass sun/reflect/generics/tree/CharSignature
instanceKlass org/springframework/boot/convert/CharArrayFormatter
instanceKlass org/springframework/format/annotation/DateTimeFormat
instanceKlass org/springframework/format/datetime/standard/MonthDayFormatter
instanceKlass java/time/MonthDay
instanceKlass org/springframework/format/datetime/standard/YearMonthFormatter
instanceKlass java/time/YearMonth
instanceKlass org/springframework/format/datetime/standard/MonthFormatter
instanceKlass org/springframework/format/datetime/standard/YearFormatter
instanceKlass java/time/Year
instanceKlass org/springframework/format/datetime/standard/DurationFormatter
instanceKlass org/springframework/format/datetime/standard/PeriodFormatter
instanceKlass org/springframework/format/datetime/standard/InstantFormatter
instanceKlass java/time/OffsetTime
instanceKlass org/springframework/format/support/FormattingConversionService$ParserConverter
instanceKlass org/springframework/format/support/FormattingConversionService$PrinterConverter
instanceKlass org/springframework/format/datetime/standard/TemporalAccessorParser
instanceKlass org/springframework/format/datetime/standard/TemporalAccessorPrinter
instanceKlass java/time/format/DateTimeFormatterBuilder$LocalizedPrinterParser
instanceKlass org/springframework/format/datetime/standard/DateTimeFormatterRegistrar$1
instanceKlass org/springframework/format/datetime/standard/DateTimeConverters$InstantToLongConverter
instanceKlass org/springframework/format/datetime/standard/DateTimeConverters$LongToInstantConverter
instanceKlass org/springframework/format/datetime/standard/DateTimeConverters$CalendarToInstantConverter
instanceKlass org/springframework/format/datetime/standard/DateTimeConverters$CalendarToLocalDateTimeConverter
instanceKlass org/springframework/format/datetime/standard/DateTimeConverters$CalendarToLocalTimeConverter
instanceKlass org/springframework/format/datetime/standard/DateTimeConverters$CalendarToLocalDateConverter
instanceKlass org/springframework/format/datetime/standard/DateTimeConverters$CalendarToOffsetDateTimeConverter
instanceKlass org/springframework/format/datetime/standard/DateTimeConverters$CalendarToZonedDateTimeConverter
instanceKlass org/springframework/format/datetime/standard/DateTimeConverters$OffsetDateTimeToInstantConverter
instanceKlass org/springframework/format/datetime/standard/DateTimeConverters$OffsetDateTimeToZonedDateTimeConverter
instanceKlass org/springframework/format/datetime/standard/DateTimeConverters$OffsetDateTimeToLocalDateTimeConverter
instanceKlass org/springframework/format/datetime/standard/DateTimeConverters$OffsetDateTimeToLocalTimeConverter
instanceKlass org/springframework/format/datetime/standard/DateTimeConverters$OffsetDateTimeToLocalDateConverter
instanceKlass java/time/Instant
instanceKlass org/springframework/format/datetime/standard/DateTimeConverters$ZonedDateTimeToInstantConverter
instanceKlass java/time/OffsetDateTime
instanceKlass org/springframework/format/datetime/standard/DateTimeConverters$ZonedDateTimeToOffsetDateTimeConverter
instanceKlass org/springframework/format/datetime/standard/DateTimeConverters$ZonedDateTimeToLocalDateTimeConverter
instanceKlass org/springframework/format/datetime/standard/DateTimeConverters$ZonedDateTimeToLocalTimeConverter
instanceKlass org/springframework/format/datetime/standard/DateTimeConverters$ZonedDateTimeToLocalDateConverter
instanceKlass org/springframework/format/datetime/standard/DateTimeConverters$LocalDateTimeToLocalTimeConverter
instanceKlass org/springframework/format/datetime/standard/DateTimeConverters$LocalDateTimeToLocalDateConverter
instanceKlass org/springframework/format/datetime/DateFormatterRegistrar$LongToCalendarConverter
instanceKlass org/springframework/format/datetime/DateFormatterRegistrar$LongToDateConverter
instanceKlass org/springframework/format/datetime/DateFormatterRegistrar$CalendarToLongConverter
instanceKlass org/springframework/format/datetime/DateFormatterRegistrar$CalendarToDateConverter
instanceKlass org/springframework/format/datetime/DateFormatterRegistrar$DateToCalendarConverter
instanceKlass java/util/Date
instanceKlass org/springframework/format/datetime/DateFormatterRegistrar$DateToLongConverter
instanceKlass org/springframework/format/datetime/DateFormatterRegistrar
instanceKlass org/springframework/format/datetime/standard/DateTimeConverters
instanceKlass org/springframework/format/datetime/standard/DateTimeFormatterFactory
instanceKlass org/springframework/format/datetime/standard/DateTimeFormatterRegistrar
instanceKlass org/springframework/format/FormatterRegistrar
instanceKlass org/springframework/format/support/FormattingConversionService$AnnotationParserConverter
instanceKlass org/springframework/format/support/FormattingConversionService$AnnotationPrinterConverter
instanceKlass org/springframework/util/NumberUtils
instanceKlass org/springframework/format/annotation/NumberFormat
instanceKlass org/springframework/core/GenericTypeResolver
instanceKlass org/springframework/context/support/EmbeddedValueResolutionSupport
instanceKlass org/springframework/format/AnnotationFormatterFactory
instanceKlass org/springframework/core/convert/support/ObjectToOptionalConverter
instanceKlass org/springframework/core/convert/support/FallbackObjectToStringConverter
instanceKlass org/springframework/core/convert/support/IdToEntityConverter
instanceKlass org/springframework/core/convert/support/ObjectToObjectConverter
instanceKlass java/time/ZonedDateTime
instanceKlass java/time/chrono/ChronoZonedDateTime
instanceKlass java/util/Calendar
instanceKlass org/springframework/core/convert/support/ZonedDateTimeToCalendarConverter
instanceKlass org/springframework/core/convert/support/ZoneIdToTimeZoneConverter
instanceKlass org/springframework/core/convert/support/StringToTimeZoneConverter
instanceKlass org/springframework/core/convert/support/ByteBufferConverter
instanceKlass org/springframework/core/convert/TypeDescriptor$AnnotatedElementAdapter
instanceKlass org/springframework/core/convert/TypeDescriptor
instanceKlass org/springframework/core/convert/support/StreamConverter
instanceKlass org/springframework/core/convert/support/ObjectToCollectionConverter
instanceKlass org/springframework/core/convert/support/CollectionToObjectConverter
instanceKlass org/springframework/core/convert/support/StringToCollectionConverter
instanceKlass org/springframework/core/convert/support/ObjectToArrayConverter
instanceKlass org/springframework/core/convert/support/ArrayToObjectConverter
instanceKlass org/springframework/core/convert/support/StringToArrayConverter
instanceKlass org/springframework/core/convert/support/CollectionToStringConverter
instanceKlass org/springframework/core/convert/support/ArrayToStringConverter
instanceKlass org/springframework/core/convert/support/MapToMapConverter
instanceKlass org/springframework/core/convert/support/CollectionToCollectionConverter
instanceKlass org/springframework/core/convert/support/ArrayToArrayConverter
instanceKlass org/springframework/core/convert/support/CollectionToArrayConverter
instanceKlass org/springframework/core/convert/support/ArrayToCollectionConverter
instanceKlass java/util/regex/Pattern
instanceKlass org/springframework/core/convert/support/StringToPatternConverter
instanceKlass java/util/UUID
instanceKlass org/springframework/core/convert/support/StringToUUIDConverter
instanceKlass org/springframework/core/convert/support/PropertiesToStringConverter
instanceKlass org/springframework/core/convert/support/StringToPropertiesConverter
instanceKlass java/util/Currency
instanceKlass org/springframework/core/convert/support/StringToCurrencyConverter
instanceKlass org/springframework/core/convert/support/StringToCharsetConverter
instanceKlass org/springframework/core/convert/support/StringToLocaleConverter
instanceKlass org/springframework/core/convert/support/IntegerToEnumConverterFactory
instanceKlass sun/reflect/generics/tree/Wildcard
instanceKlass sun/reflect/generics/tree/BottomSignature
instanceKlass org/springframework/core/convert/support/AbstractConditionalEnumConverter
instanceKlass org/springframework/core/convert/support/StringToEnumConverterFactory
instanceKlass org/springframework/core/convert/support/StringToBooleanConverter
instanceKlass org/springframework/core/convert/support/CharacterToNumberFactory
instanceKlass org/springframework/core/convert/support/NumberToCharacterConverter
instanceKlass org/springframework/core/convert/support/StringToCharacterConverter
instanceKlass org/springframework/core/convert/support/GenericConversionService$ConverterAdapter
instanceKlass org/springframework/core/convert/support/ObjectToStringConverter
instanceKlass org/springframework/core/convert/support/StringToNumberConverterFactory
instanceKlass java/lang/invoke/VarHandle$AccessDescriptor
instanceKlass java/util/concurrent/ConcurrentLinkedDeque$Node
instanceKlass org/springframework/core/convert/support/GenericConversionService$ConvertersForPair
instanceKlass org/springframework/core/convert/converter/GenericConverter$ConvertiblePair
instanceKlass org/springframework/core/convert/support/GenericConversionService$ConverterFactoryAdapter
instanceKlass org/springframework/core/convert/converter/ConditionalGenericConverter
instanceKlass org/springframework/core/convert/support/NumberToNumberConverterFactory
instanceKlass org/springframework/core/convert/converter/ConditionalConverter
instanceKlass org/springframework/core/convert/support/GenericConversionService$Converters
instanceKlass org/springframework/core/convert/support/GenericConversionService$NoOpConverter
instanceKlass org/springframework/format/Formatter
instanceKlass org/springframework/core/convert/converter/ConverterFactory
instanceKlass org/springframework/core/convert/converter/Converter
instanceKlass org/springframework/format/Parser
instanceKlass org/springframework/format/Printer
instanceKlass org/springframework/core/convert/converter/GenericConverter
instanceKlass org/springframework/core/convert/support/GenericConversionService
instanceKlass org/springframework/context/EmbeddedValueResolverAware
instanceKlass org/springframework/format/FormatterRegistry
instanceKlass java/lang/ProcessEnvironment$CheckedEntry
instanceKlass java/lang/ProcessEnvironment$CheckedEntrySet$1
instanceKlass java/lang/ProcessEnvironment$EntryComparator
instanceKlass java/lang/ProcessEnvironment$NameComparator
instanceKlass javax/naming/spi/NamingManager
instanceKlass com/sun/naming/internal/VersionHelper$InputStreamEnumeration
instanceKlass javax/naming/NamingEnumeration
instanceKlass com/sun/naming/internal/VersionHelper
instanceKlass com/sun/naming/internal/ResourceManager
instanceKlass org/springframework/core/SpringProperties
instanceKlass org/springframework/jndi/JndiAccessor
instanceKlass org/springframework/core/env/AbstractPropertyResolver
instanceKlass org/springframework/boot/origin/OriginLookup
instanceKlass org/springframework/boot/context/properties/source/ConfigurationPropertySources
instanceKlass org/springframework/core/env/MutablePropertySources
instanceKlass javax/naming/InitialContext
instanceKlass javax/naming/Context
instanceKlass org/springframework/core/env/PropertySources
instanceKlass org/springframework/core/env/AbstractEnvironment
instanceKlass org/springframework/web/context/ConfigurableWebEnvironment
instanceKlass org/springframework/boot/web/servlet/context/ServletWebServerApplicationContextFactory
instanceKlass org/springframework/boot/web/reactive/context/ReactiveWebServerApplicationContextFactory
instanceKlass org/springframework/core/env/CommandLineArgs
instanceKlass org/springframework/core/env/SimpleCommandLineArgsParser
instanceKlass org/springframework/boot/DefaultApplicationArguments
instanceKlass org/springframework/core/NativeDetector
instanceKlass java/util/logging/LogManager$CloseOnReset
instanceKlass java/util/logging/StreamHandler$1
instanceKlass java/util/logging/Handler$1
instanceKlass java/util/logging/ErrorManager
instanceKlass jdk/internal/logger/SimpleConsoleLogger$Formatting
instanceKlass sun/util/logging/PlatformLogger
instanceKlass sun/util/logging/PlatformLogger$ConfigurableBridge$LoggerConfiguration
instanceKlass java/util/logging/Formatter
instanceKlass java/lang/Class$1
instanceKlass java/util/logging/LogManager$4
instanceKlass jdk/internal/logger/BootstrapLogger$BootstrapExecutors
instanceKlass jdk/internal/logger/BootstrapLogger$RedirectedLoggers
instanceKlass java/util/concurrent/CopyOnWriteArrayList$COWIterator
instanceKlass jdk/internal/misc/ScopedMemoryAccess$Scope
instanceKlass jdk/internal/logger/BootstrapLogger$DetectBackend$1
instanceKlass jdk/internal/logger/BootstrapLogger$DetectBackend
instanceKlass jdk/internal/logger/BootstrapLogger
instanceKlass sun/util/logging/PlatformLogger$ConfigurableBridge
instanceKlass sun/util/logging/PlatformLogger$Bridge
instanceKlass java/lang/System$Logger
instanceKlass java/util/stream/Streams
instanceKlass java/util/stream/Stream$Builder
instanceKlass java/util/stream/Streams$AbstractStreamBuilderImpl
instanceKlass java/util/Hashtable$Enumerator
instanceKlass java/util/Collections$SynchronizedCollection
instanceKlass java/util/Properties$EntrySet
instanceKlass java/util/Collections$3
instanceKlass java/util/logging/LogManager$LoggerContext$1
instanceKlass java/util/logging/LogManager$VisitedLoggers
instanceKlass java/util/logging/Logger$ConfigurationData
instanceKlass java/util/logging/Logger$LoggerBundle
instanceKlass java/util/logging/Logger
instanceKlass java/util/logging/LogManager$2
instanceKlass java/lang/System$LoggerFinder
instanceKlass java/util/logging/LogManager$LoggingProviderAccess
instanceKlass sun/util/logging/internal/LoggingProviderImpl$LogManagerAccess
instanceKlass java/lang/Shutdown$Lock
instanceKlass java/lang/Shutdown
instanceKlass java/lang/ApplicationShutdownHooks$1
instanceKlass java/lang/ApplicationShutdownHooks
instanceKlass java/util/logging/LogManager$LogNode
instanceKlass java/util/logging/LogManager$LoggerContext
instanceKlass java/util/logging/LogManager$1
instanceKlass java/util/logging/Level
instanceKlass java/util/logging/Handler
instanceKlass org/springframework/boot/logging/AbstractLoggingSystem$LogLevels
instanceKlass org/springframework/boot/logging/LoggerConfigurationComparator
instanceKlass ch/qos/logback/classic/spi/LoggerContextListener
instanceKlass org/springframework/boot/logging/logback/LogbackConfigurator
instanceKlass org/springframework/boot/logging/LoggingSystemProperties
instanceKlass org/springframework/core/annotation/AnnotationUtils
instanceKlass org/springframework/core/annotation/ValueExtractor
instanceKlass org/springframework/core/annotation/AliasFor
instanceKlass org/springframework/core/annotation/AnnotationTypeMapping$MirrorSets
instanceKlass org/springframework/core/annotation/AnnotationTypeMapping$MirrorSets$MirrorSet
instanceKlass org/springframework/core/annotation/AnnotationTypeMapping
instanceKlass org/springframework/core/annotation/AnnotationTypeMappings$Cache
instanceKlass org/springframework/core/annotation/AnnotationTypeMappings
instanceKlass org/springframework/core/annotation/AttributeMethods
instanceKlass java/util/logging/LogManager
instanceKlass org/springframework/boot/logging/java/JavaLoggingSystem$Factory
instanceKlass org/springframework/boot/logging/log4j2/Log4J2LoggingSystem$Factory
instanceKlass org/springframework/beans/factory/aot/BeanFactoryInitializationAotProcessor
instanceKlass org/springframework/boot/logging/logback/LogbackLoggingSystem$Factory
instanceKlass org/springframework/boot/logging/DelegatingLoggingSystemFactory
instanceKlass org/springframework/boot/logging/LoggingSystemFactory
instanceKlass org/springframework/boot/logging/LoggingSystem
instanceKlass org/springframework/aop/SpringProxy
instanceKlass org/springframework/aop/support/AopUtils
instanceKlass org/springframework/context/event/GenericApplicationListenerAdapter
instanceKlass org/springframework/context/event/AbstractApplicationEventMulticaster$CachedListenerRetriever
instanceKlass org/springframework/context/event/AbstractApplicationEventMulticaster$ListenerCacheKey
instanceKlass org/springframework/core/ResolvableTypeProvider
instanceKlass org/springframework/aop/framework/Advised
instanceKlass org/springframework/aop/TargetClassAware
instanceKlass org/springframework/aop/framework/AopProxyUtils
instanceKlass org/springframework/boot/SpringApplicationRunListeners
instanceKlass java/util/stream/Nodes$ArrayNode
instanceKlass org/springframework/util/ErrorHandler
instanceKlass org/springframework/boot/availability/AvailabilityState
instanceKlass org/springframework/boot/context/event/EventPublishingRunListener
instanceKlass org/springframework/boot/SpringApplicationRunListener
instanceKlass org/springframework/core/io/support/SpringFactoriesLoader$ArgumentResolver$1
instanceKlass org/springframework/core/io/support/SpringFactoriesLoader$ArgumentResolver
instanceKlass org/springframework/context/event/AbstractApplicationEventMulticaster$DefaultListenerRetriever
instanceKlass org/springframework/context/event/AbstractApplicationEventMulticaster
instanceKlass org/springframework/beans/factory/BeanFactoryAware
instanceKlass org/springframework/beans/factory/BeanClassLoaderAware
instanceKlass org/springframework/context/event/ApplicationEventMulticaster
instanceKlass org/springframework/boot/DefaultBootstrapContext
instanceKlass org/springframework/boot/SpringApplication$Startup
instanceKlass java/util/stream/FindOps$FindOp
instanceKlass java/util/stream/FindOps$FindSink
instanceKlass java/util/stream/FindOps
instanceKlass java/lang/StackStreamFactory$FrameBuffer
instanceKlass java/lang/StackStreamFactory$1
instanceKlass java/lang/StackStreamFactory
instanceKlass java/util/concurrent/CountDownLatch
instanceKlass org/springframework/boot/autoconfigure/BackgroundPreinitializer
instanceKlass org/springframework/boot/logging/DeferredLog$Lines
instanceKlass org/springframework/boot/logging/DeferredLogs
instanceKlass org/springframework/boot/env/EnvironmentPostProcessorsFactory
instanceKlass org/springframework/boot/logging/DeferredLogFactory
instanceKlass org/springframework/boot/env/EnvironmentPostProcessorApplicationListener
instanceKlass org/springframework/util/MultiValueMapAdapter
instanceKlass org/springframework/core/ResolvableType$DefaultVariableResolver
instanceKlass sun/reflect/generics/reflectiveObjects/ParameterizedTypeImpl
instanceKlass sun/reflect/generics/tree/TypeVariableSignature
instanceKlass org/springframework/core/ResolvableType$TypeVariablesVariableResolver
instanceKlass org/springframework/core/ResolvableType$SyntheticParameterizedType
instanceKlass org/springframework/core/SerializableTypeWrapper$SerializableTypeProxy
instanceKlass java/lang/reflect/WildcardType
instanceKlass java/lang/reflect/ParameterizedType
instanceKlass org/springframework/core/SerializableTypeWrapper
instanceKlass sun/reflect/generics/reflectiveObjects/LazyReflectiveObjectGenerator
instanceKlass java/lang/reflect/TypeVariable
instanceKlass sun/reflect/generics/tree/ClassSignature
instanceKlass sun/reflect/generics/tree/Signature
instanceKlass sun/reflect/generics/tree/FormalTypeParameter
instanceKlass sun/reflect/generics/repository/AbstractRepository
instanceKlass org/springframework/core/ResolvableType$EmptyType
instanceKlass org/springframework/core/ResolvableType$VariableResolver
instanceKlass org/springframework/core/SerializableTypeWrapper$TypeProvider
instanceKlass org/springframework/core/ResolvableType
instanceKlass org/springframework/boot/context/properties/bind/Bindable
instanceKlass org/springframework/boot/context/properties/source/ConfigurationPropertyName$ElementsParser
instanceKlass org/springframework/boot/context/properties/source/ConfigurationPropertyName$Elements
instanceKlass org/springframework/boot/context/properties/source/ConfigurationPropertyName
instanceKlass org/springframework/boot/context/logging/LoggingApplicationListener
instanceKlass org/springframework/context/event/GenericApplicationListener
instanceKlass org/springframework/context/event/SmartApplicationListener
instanceKlass org/springframework/boot/context/config/DelegatingApplicationListener
instanceKlass org/springframework/boot/context/config/AnsiOutputApplicationListener
instanceKlass org/springframework/boot/context/FileEncodingApplicationListener
instanceKlass org/springframework/boot/builder/ParentContextCloserApplicationListener
instanceKlass org/springframework/context/ApplicationContextAware
instanceKlass org/springframework/beans/factory/Aware
instanceKlass org/springframework/boot/ClearCachesApplicationListener
instanceKlass org/springframework/core/DecoratingProxy
instanceKlass org/springframework/core/annotation/AbstractMergedAnnotation
instanceKlass java/lang/annotation/Target
instanceKlass java/lang/reflect/Proxy$ProxyBuilder$1
instanceKlass jdk/internal/org/objectweb/asm/Edge
instanceKlass java/lang/reflect/ProxyGenerator$PrimitiveTypeInfo
instanceKlass java/util/StringJoiner
instanceKlass java/lang/reflect/ProxyGenerator$ProxyMethod
instanceKlass java/lang/WeakPairMap$Pair$Lookup
instanceKlass java/lang/WeakPairMap$Pair
instanceKlass java/lang/WeakPairMap
instanceKlass java/lang/Module$ReflectionData
instanceKlass jdk/internal/module/Checks
instanceKlass java/lang/module/ModuleDescriptor$Builder
instanceKlass java/lang/PublicMethods
instanceKlass java/lang/reflect/Proxy$ProxyBuilder
instanceKlass java/lang/reflect/Proxy
instanceKlass sun/reflect/annotation/AnnotationInvocationHandler
instanceKlass java/lang/reflect/InvocationHandler
instanceKlass sun/reflect/annotation/AnnotationParser$1
instanceKlass sun/reflect/annotation/ExceptionProxy
instanceKlass java/lang/annotation/Documented
instanceKlass java/lang/annotation/Inherited
instanceKlass java/lang/annotation/Retention
instanceKlass sun/reflect/annotation/AnnotationType$1
instanceKlass sun/reflect/annotation/AnnotationType
instanceKlass java/lang/reflect/GenericArrayType
instanceKlass java/lang/FunctionalInterface
instanceKlass sun/reflect/generics/visitor/Reifier
instanceKlass sun/reflect/generics/visitor/TypeTreeVisitor
instanceKlass sun/reflect/generics/factory/CoreReflectionFactory
instanceKlass sun/reflect/generics/factory/GenericsFactory
instanceKlass sun/reflect/generics/scope/AbstractScope
instanceKlass sun/reflect/generics/scope/Scope
instanceKlass sun/reflect/generics/tree/ClassTypeSignature
instanceKlass sun/reflect/generics/tree/SimpleClassTypeSignature
instanceKlass sun/reflect/generics/tree/FieldTypeSignature
instanceKlass sun/reflect/generics/tree/BaseType
instanceKlass sun/reflect/generics/tree/TypeSignature
instanceKlass sun/reflect/generics/tree/ReturnType
instanceKlass sun/reflect/generics/tree/TypeArgument
instanceKlass sun/reflect/generics/tree/TypeTree
instanceKlass sun/reflect/generics/tree/Tree
instanceKlass sun/reflect/generics/parser/SignatureParser
instanceKlass java/lang/Class$AnnotationData
instanceKlass org/springframework/core/annotation/AnnotationsScanner$1
instanceKlass org/springframework/core/annotation/MergedAnnotationSelectors$FirstDirectlyDeclared
instanceKlass org/springframework/core/annotation/MergedAnnotationSelectors$Nearest
instanceKlass org/springframework/core/annotation/MergedAnnotationSelector
instanceKlass org/springframework/core/annotation/MergedAnnotationSelectors
instanceKlass org/springframework/core/annotation/MergedAnnotation
instanceKlass org/springframework/core/annotation/TypeMappedAnnotations$MergedAnnotationFinder
instanceKlass org/springframework/core/annotation/Order
instanceKlass org/springframework/core/annotation/OrderUtils
instanceKlass org/springframework/core/annotation/AnnotationsScanner
instanceKlass org/springframework/core/annotation/AnnotationsProcessor
instanceKlass org/springframework/core/annotation/TypeMappedAnnotations
instanceKlass java/util/function/Predicate
instanceKlass org/springframework/core/annotation/MergedAnnotations$Search
instanceKlass org/springframework/core/annotation/AnnotationFilter$2
instanceKlass org/springframework/core/annotation/AnnotationFilter$1
instanceKlass org/springframework/core/annotation/PackagesAnnotationFilter
instanceKlass org/springframework/core/annotation/AnnotationFilter
instanceKlass org/springframework/core/annotation/RepeatableContainers
instanceKlass org/springframework/core/annotation/MergedAnnotations
instanceKlass org/springframework/core/PriorityOrdered
instanceKlass org/springframework/boot/logging/LogLevel$LogMethod
instanceKlass org/springframework/boot/autoconfigure/logging/ConditionEvaluationReportLoggingListener
instanceKlass org/springframework/boot/autoconfigure/SharedMetadataReaderFactoryContextInitializer
instanceKlass org/springframework/beans/factory/aot/BeanRegistrationExcludeFilter
instanceKlass org/springframework/boot/web/context/ServerPortInfoApplicationContextInitializer
instanceKlass org/springframework/boot/rsocket/context/RSocketPortInfoApplicationContextInitializer
instanceKlass org/springframework/boot/context/config/DelegatingApplicationContextInitializer
instanceKlass org/springframework/boot/context/ContextIdApplicationContextInitializer
instanceKlass org/springframework/core/Ordered
instanceKlass org/springframework/util/ReflectionUtils$FieldFilter
instanceKlass org/springframework/util/ReflectionUtils$MethodFilter
instanceKlass org/springframework/util/ReflectionUtils
instanceKlass org/springframework/core/KotlinDetector
instanceKlass org/springframework/core/io/support/SpringFactoriesLoader$FactoryInstantiator
instanceKlass org/springframework/boot/context/ConfigurationWarningsApplicationContextInitializer
instanceKlass org/springframework/util/ObjectUtils
instanceKlass org/springframework/context/ApplicationContextInitializer
instanceKlass org/springframework/core/OrderComparator
instanceKlass org/springframework/core/log/LogMessage
instanceKlass java/util/stream/AbstractSpinedBuffer
instanceKlass java/util/stream/Node$Builder
instanceKlass java/util/stream/Node$OfDouble
instanceKlass java/util/stream/Node$OfLong
instanceKlass java/util/stream/Node$OfInt
instanceKlass java/util/stream/Node$OfPrimitive
instanceKlass java/util/stream/Nodes$EmptyNode
instanceKlass java/util/stream/Node
instanceKlass java/util/stream/Nodes
instanceKlass java/util/function/IntFunction
instanceKlass java/util/ImmutableCollections$Access$1
instanceKlass jdk/internal/access/JavaUtilCollectionAccess
instanceKlass java/util/ImmutableCollections$Access
instanceKlass java/util/stream/DistinctOps
instanceKlass java/util/ArrayList$ArrayListSpliterator
instanceKlass java/util/stream/Sink$ChainedReference
instanceKlass java/util/stream/ForEachOps$ForEachOp
instanceKlass java/util/stream/TerminalSink
instanceKlass java/util/stream/Sink
instanceKlass java/util/stream/TerminalOp
instanceKlass java/util/stream/ForEachOps
instanceKlass java/util/BitSet
instanceKlass java/net/URLEncoder
instanceKlass java/net/URLDecoder
instanceKlass org/springframework/util/MultiValueMap
instanceKlass org/springframework/util/CollectionUtils
instanceKlass org/springframework/util/ResourceUtils
instanceKlass org/springframework/util/PropertiesPersister
instanceKlass org/springframework/core/io/support/PropertiesLoaderUtils
instanceKlass org/springframework/core/io/AbstractResource
instanceKlass org/springframework/util/ConcurrentReferenceHashMap$Entry
instanceKlass org/springframework/util/ConcurrentReferenceHashMap$Entries
instanceKlass org/springframework/util/StringUtils
instanceKlass java/util/function/BiConsumer
instanceKlass org/springframework/core/io/support/SpringFactoriesLoader$FailureHandler
instanceKlass org/springframework/core/io/Resource
instanceKlass org/springframework/core/io/InputStreamSource
instanceKlass org/springframework/core/io/support/SpringFactoriesLoader
instanceKlass org/springframework/boot/BootstrapRegistryInitializer
instanceKlass org/springframework/web/context/ConfigurableWebApplicationContext
instanceKlass org/springframework/web/context/WebApplicationContext
instanceKlass jakarta/servlet/Servlet
instanceKlass java/util/IdentityHashMap$EntryIterator$Entry
instanceKlass java/util/IdentityHashMap$IdentityHashMapIterator
instanceKlass org/springframework/util/ConcurrentReferenceHashMap$Reference
instanceKlass org/springframework/util/ConcurrentReferenceHashMap$ReferenceManager
instanceKlass org/springframework/util/ConcurrentReferenceHashMap$Task
instanceKlass org/springframework/util/ClassUtils
instanceKlass org/springframework/util/Assert
instanceKlass org/springframework/core/metrics/DefaultApplicationStartup$DefaultStartupStep$DefaultTags
instanceKlass org/springframework/core/metrics/StartupStep$Tags
instanceKlass org/springframework/core/metrics/DefaultApplicationStartup$DefaultStartupStep
instanceKlass org/springframework/core/metrics/StartupStep
instanceKlass org/springframework/core/metrics/DefaultApplicationStartup
instanceKlass org/springframework/core/metrics/ApplicationStartup
instanceKlass org/springframework/context/ConfigurableApplicationContext
instanceKlass org/springframework/context/Lifecycle
instanceKlass org/springframework/boot/DefaultApplicationContextFactory
instanceKlass org/springframework/boot/ApplicationContextFactory
instanceKlass org/springframework/boot/SpringApplicationShutdownHook$ApplicationContextClosedListener
instanceKlass org/springframework/boot/SpringApplicationShutdownHook$Handlers
instanceKlass org/springframework/boot/SpringApplicationShutdownHandlers
instanceKlass org/springframework/boot/SpringApplicationShutdownHook
instanceKlass org/apache/commons/logging/LogAdapter$Slf4jLog
instanceKlass ch/qos/logback/classic/util/LoggerNameUtil
instanceKlass ch/qos/logback/classic/util/LogbackMDCAdapter
instanceKlass ch/qos/logback/core/util/StatusPrinter
instanceKlass ch/qos/logback/core/status/StatusUtil
instanceKlass ch/qos/logback/core/spi/AppenderAttachableImpl
instanceKlass ch/qos/logback/core/pattern/Converter
instanceKlass java/util/concurrent/atomic/AtomicReference
instanceKlass ch/qos/logback/core/util/CachingDateFormatter$CacheTuple
instanceKlass java/time/Period
instanceKlass java/time/chrono/ChronoPeriod
instanceKlass java/time/format/DateTimeFormatterBuilder$TextPrinterParser
instanceKlass java/time/format/DateTimeTextProvider$1
instanceKlass java/time/format/DateTimeTextProvider
instanceKlass java/util/Collections$1
instanceKlass java/util/AbstractMap$SimpleImmutableEntry
instanceKlass java/time/format/DateTimeTextProvider$LocaleStore
instanceKlass java/time/format/DateTimeFormatterBuilder$InstantPrinterParser
instanceKlass java/time/format/DateTimeFormatterBuilder$StringLiteralPrinterParser
instanceKlass java/time/format/DateTimeFormatterBuilder$ZoneIdPrinterParser
instanceKlass java/time/format/DateTimeFormatterBuilder$OffsetIdPrinterParser
instanceKlass java/time/format/DecimalStyle
instanceKlass java/time/format/DateTimeFormatterBuilder$CompositePrinterParser
instanceKlass java/time/chrono/AbstractChronology
instanceKlass java/time/chrono/Chronology
instanceKlass java/time/format/DateTimeFormatterBuilder$CharLiteralPrinterParser
instanceKlass java/time/format/DateTimeFormatterBuilder$NumberPrinterParser
instanceKlass java/time/format/DateTimeFormatterBuilder$DateTimePrinterParser
instanceKlass java/time/temporal/JulianFields
instanceKlass java/time/temporal/IsoFields
instanceKlass java/lang/Character$CharacterCache
instanceKlass java/time/temporal/TemporalQuery
instanceKlass java/time/format/DateTimeFormatterBuilder
instanceKlass java/time/format/DateTimeFormatter
instanceKlass java/time/LocalDate
instanceKlass java/time/chrono/ChronoLocalDate
instanceKlass java/time/zone/ZoneOffsetTransition
instanceKlass java/time/temporal/ValueRange
instanceKlass java/time/Duration
instanceKlass java/time/temporal/TemporalAmount
instanceKlass java/time/temporal/TemporalUnit
instanceKlass java/time/temporal/TemporalField
instanceKlass java/time/LocalTime
instanceKlass java/time/LocalDateTime
instanceKlass java/time/chrono/ChronoLocalDateTime
instanceKlass java/time/temporal/TemporalAdjuster
instanceKlass java/time/temporal/Temporal
instanceKlass java/time/zone/ZoneOffsetTransitionRule
instanceKlass java/time/zone/ZoneRules
instanceKlass java/time/zone/Ser
instanceKlass java/io/Externalizable
instanceKlass java/time/zone/ZoneRulesProvider$1
instanceKlass java/time/zone/ZoneRulesProvider
instanceKlass sun/util/calendar/ZoneInfoFile$ZoneOffsetTransitionRule
instanceKlass sun/util/calendar/ZoneInfoFile$1
instanceKlass sun/util/calendar/ZoneInfoFile
instanceKlass java/util/TimeZone
instanceKlass java/time/ZoneId
instanceKlass java/time/temporal/TemporalAccessor
instanceKlass ch/qos/logback/core/util/CachingDateFormatter
instanceKlass java/lang/invoke/VarForm
instanceKlass java/lang/invoke/VarHandleGuards
instanceKlass jdk/internal/util/Preconditions$1
instanceKlass java/lang/invoke/VarHandle$1
instanceKlass java/lang/ClassValue$Version
instanceKlass java/lang/ClassValue$Identity
instanceKlass java/lang/ClassValue
instanceKlass java/lang/invoke/VarHandles
instanceKlass java/util/concurrent/atomic/AtomicBoolean
instanceKlass ch/qos/logback/core/util/COWArrayList
instanceKlass ch/qos/logback/core/spi/FilterAttachableImpl
instanceKlass ch/qos/logback/core/Appender
instanceKlass ch/qos/logback/core/spi/FilterAttachable
instanceKlass ch/qos/logback/core/encoder/Encoder
instanceKlass ch/qos/logback/core/Layout
instanceKlass java/security/PermissionsEnumerator
instanceKlass java/io/FilePermissionCollection$1
instanceKlass java/util/PropertyPermissionCollection$1
instanceKlass java/net/SocketPermissionCollection$1
instanceKlass java/util/function/BiFunction
instanceKlass sun/security/provider/PolicyFile$8
instanceKlass sun/security/provider/PolicyFile$6
instanceKlass java/nio/charset/StandardCharsets
instanceKlass sun/security/util/PolicyUtil
instanceKlass sun/security/provider/PolicyFile$4
instanceKlass sun/security/util/SecurityProperties
instanceKlass sun/security/util/FilePermCompat
instanceKlass java/io/FilePermission$1
instanceKlass jdk/internal/access/JavaIOFilePermissionAccess
instanceKlass java/util/Collections$UnmodifiableCollection$1
instanceKlass java/util/ComparableTimSort
instanceKlass java/net/HostPortrange
instanceKlass java/net/URLPermission$Authority
instanceKlass sun/security/util/SecurityConstants
instanceKlass sun/security/provider/PolicyFile$PolicyEntry
instanceKlass java/util/Vector$1
instanceKlass sun/security/util/PropertyExpander
instanceKlass sun/security/provider/PolicyParser$PermissionEntry
instanceKlass sun/security/provider/PolicyParser$GrantEntry
instanceKlass sun/nio/ch/IOStatus
instanceKlass java/nio/DirectByteBuffer$Deallocator
instanceKlass sun/nio/ch/Util$BufferCache
instanceKlass sun/nio/ch/Util
instanceKlass sun/nio/ch/NativeThread
instanceKlass java/io/StreamTokenizer
instanceKlass sun/security/provider/PolicyParser
instanceKlass java/nio/channels/Channels
instanceKlass sun/nio/ch/FileChannelImpl$Closer
instanceKlass sun/nio/ch/NativeDispatcher
instanceKlass sun/nio/ch/NativeThreadSet
instanceKlass sun/nio/ch/IOUtil
instanceKlass java/nio/channels/spi/AbstractInterruptibleChannel
instanceKlass java/nio/channels/InterruptibleChannel
instanceKlass java/nio/channels/ScatteringByteChannel
instanceKlass java/nio/channels/GatheringByteChannel
instanceKlass java/nio/channels/SeekableByteChannel
instanceKlass java/nio/channels/ByteChannel
instanceKlass java/nio/channels/WritableByteChannel
instanceKlass java/nio/channels/ReadableByteChannel
instanceKlass java/nio/channels/Channel
instanceKlass sun/nio/fs/WindowsChannelFactory$Flags
instanceKlass sun/nio/fs/WindowsChannelFactory$1
instanceKlass sun/nio/fs/WindowsChannelFactory
instanceKlass sun/nio/fs/WindowsSecurityDescriptor
instanceKlass java/nio/file/attribute/FileAttribute
instanceKlass sun/security/provider/PolicyFile$2
instanceKlass java/security/ProtectionDomain$JavaSecurityAccessImpl$1
instanceKlass jdk/internal/access/JavaSecurityAccess$ProtectionDomainCache
instanceKlass java/util/Collections$SynchronizedMap
instanceKlass sun/security/provider/PolicyFile$PolicyInfo
instanceKlass sun/security/provider/PolicyFile$1
instanceKlass java/security/Security$2
instanceKlass jdk/internal/access/JavaSecurityPropertiesAccess
instanceKlass java/util/concurrent/ConcurrentHashMap$MapEntry
instanceKlass java/util/Properties$LineReader
instanceKlass java/security/Security$1
instanceKlass java/security/Security
instanceKlass java/security/Policy$1
instanceKlass java/security/Policy$PolicyInfo
instanceKlass java/security/Policy
instanceKlass ch/qos/logback/core/util/Loader$1
instanceKlass ch/qos/logback/core/util/Loader
instanceKlass java/lang/invoke/LambdaFormEditor$1
instanceKlass java/lang/invoke/MethodHandles$1
instanceKlass java/lang/Long$LongCache
instanceKlass java/util/TimSort
instanceKlass java/util/Arrays$LegacyMergeSort
instanceKlass ch/qos/logback/core/spi/ContextAwareBase
instanceKlass java/util/zip/ZipFile$ZipEntryIterator
instanceKlass ch/qos/logback/classic/util/ClassicEnvUtil
instanceKlass ch/qos/logback/core/util/OptionHelper
instanceKlass ch/qos/logback/core/status/StatusListener
instanceKlass ch/qos/logback/core/util/StatusListenerConfigHelper
instanceKlass ch/qos/logback/core/status/StatusBase
instanceKlass ch/qos/logback/core/util/EnvUtil
instanceKlass ch/qos/logback/classic/spi/Configurator
instanceKlass ch/qos/logback/core/spi/ContextAwareImpl
instanceKlass ch/qos/logback/classic/util/ContextInitializer$1
instanceKlass ch/qos/logback/core/spi/ContextAware
instanceKlass ch/qos/logback/classic/util/ContextInitializer
instanceKlass ch/qos/logback/classic/Level
instanceKlass ch/qos/logback/classic/spi/ILoggingEvent
instanceKlass ch/qos/logback/core/spi/DeferredProcessingAware
instanceKlass org/slf4j/spi/LoggingEventBuilder
instanceKlass ch/qos/logback/classic/Logger
instanceKlass ch/qos/logback/core/spi/AppenderAttachable
instanceKlass org/slf4j/spi/LoggingEventAware
instanceKlass ch/qos/logback/classic/spi/LoggerContextVO
instanceKlass ch/qos/logback/core/spi/LogbackLock
instanceKlass ch/qos/logback/core/helpers/CyclicBuffer
instanceKlass ch/qos/logback/core/BasicStatusManager
instanceKlass java/util/concurrent/ExecutorService
instanceKlass java/util/concurrent/Executor
instanceKlass ch/qos/logback/core/status/Status
instanceKlass ch/qos/logback/core/status/StatusManager
instanceKlass ch/qos/logback/core/ContextBase
instanceKlass ch/qos/logback/core/spi/LifeCycle
instanceKlass java/util/ServiceLoader$ProviderImpl
instanceKlass java/util/ServiceLoader$Provider
instanceKlass ch/qos/logback/core/Context
instanceKlass ch/qos/logback/core/spi/PropertyContainer
instanceKlass java/util/ServiceLoader$1
instanceKlass ch/qos/logback/classic/spi/LogbackServiceProvider
instanceKlass java/util/LinkedHashMap$LinkedHashIterator
instanceKlass sun/net/www/MessageHeader
instanceKlass sun/net/www/protocol/jar/JarFileFactory
instanceKlass sun/net/www/protocol/jar/URLJarFile$URLJarFileCloseController
instanceKlass java/net/URLConnection
instanceKlass jdk/internal/loader/URLClassPath$1
instanceKlass java/lang/CompoundEnumeration
instanceKlass jdk/internal/loader/BuiltinClassLoader$1
instanceKlass java/util/Collections$EmptyEnumeration
instanceKlass java/util/Collections$EmptyIterator
instanceKlass jdk/internal/jimage/ImageLocation
instanceKlass jdk/internal/jimage/decompressor/Decompressor
instanceKlass jdk/internal/jimage/ImageStringsReader
instanceKlass jdk/internal/jimage/ImageStrings
instanceKlass jdk/internal/jimage/ImageHeader
instanceKlass jdk/internal/jimage/NativeImageBuffer$1
instanceKlass jdk/internal/jimage/NativeImageBuffer
instanceKlass jdk/internal/jimage/BasicImageReader$1
instanceKlass jdk/internal/jimage/BasicImageReader
instanceKlass jdk/internal/jimage/ImageReader
instanceKlass jdk/internal/jimage/ImageReaderFactory$1
instanceKlass java/net/URI$Parser
instanceKlass java/nio/file/FileSystems$DefaultFileSystemHolder$1
instanceKlass java/nio/file/FileSystems$DefaultFileSystemHolder
instanceKlass java/nio/file/FileSystems
instanceKlass java/nio/file/Paths
instanceKlass jdk/internal/jimage/ImageReaderFactory
instanceKlass jdk/internal/module/SystemModuleFinders$SystemImage
instanceKlass jdk/internal/module/SystemModuleFinders$SystemModuleReader
instanceKlass java/lang/module/ModuleReader
instanceKlass jdk/internal/loader/BuiltinClassLoader$5
instanceKlass jdk/internal/loader/BuiltinClassLoader$2
instanceKlass jdk/internal/module/Resources
instanceKlass java/util/ServiceLoader$3
instanceKlass java/util/ServiceLoader$2
instanceKlass java/util/ServiceLoader$LazyClassPathLookupIterator
instanceKlass java/util/Spliterators$1Adapter
instanceKlass java/util/function/Consumer
instanceKlass sun/reflect/annotation/AnnotationParser
instanceKlass java/lang/Class$3
instanceKlass java/util/EnumMap$1
instanceKlass java/util/stream/StreamOpFlag$MaskBuilder
instanceKlass java/util/stream/Stream
instanceKlass java/util/stream/BaseStream
instanceKlass java/util/stream/PipelineHelper
instanceKlass java/util/stream/StreamSupport
instanceKlass java/util/Spliterators$ArraySpliterator
instanceKlass java/util/Spliterator$OfDouble
instanceKlass java/util/Spliterator$OfLong
instanceKlass java/util/Spliterator$OfInt
instanceKlass java/util/Spliterator$OfPrimitive
instanceKlass java/util/Spliterator
instanceKlass java/util/Spliterators$EmptySpliterator
instanceKlass java/util/Spliterators
instanceKlass java/util/ServiceLoader$ModuleServicesLookupIterator
instanceKlass java/util/ServiceLoader
instanceKlass org/slf4j/helpers/Util
instanceKlass org/slf4j/helpers/NOPMDCAdapter
instanceKlass org/slf4j/helpers/NOPLoggerFactory
instanceKlass org/slf4j/helpers/NOP_FallbackServiceProvider
instanceKlass org/slf4j/helpers/ThreadLocalMapOfStacks
instanceKlass org/slf4j/helpers/BasicMDCAdapter
instanceKlass org/slf4j/Marker
instanceKlass org/slf4j/helpers/BasicMarkerFactory
instanceKlass java/util/concurrent/LinkedBlockingQueue$Node
instanceKlass java/util/concurrent/locks/AbstractQueuedSynchronizer$ConditionObject
instanceKlass java/util/concurrent/locks/Condition
instanceKlass java/util/concurrent/BlockingQueue
instanceKlass org/slf4j/helpers/SubstituteLoggerFactory
instanceKlass org/slf4j/spi/MDCAdapter
instanceKlass org/slf4j/IMarkerFactory
instanceKlass org/slf4j/ILoggerFactory
instanceKlass org/slf4j/helpers/SubstituteServiceProvider
instanceKlass org/slf4j/spi/SLF4JServiceProvider
instanceKlass org/slf4j/event/LoggingEvent
instanceKlass org/slf4j/LoggerFactory
instanceKlass jdk/internal/org/objectweb/asm/FieldVisitor
instanceKlass java/lang/invoke/InvokerBytecodeGenerator$ClassData
instanceKlass jdk/internal/org/objectweb/asm/Frame
instanceKlass java/lang/invoke/LambdaFormBuffer
instanceKlass java/lang/invoke/LambdaFormEditor$TransformKey
instanceKlass java/lang/invoke/LambdaFormEditor
instanceKlass sun/invoke/util/Wrapper$1
instanceKlass java/lang/invoke/DelegatingMethodHandle$Holder
instanceKlass java/lang/invoke/DirectMethodHandle$2
instanceKlass sun/invoke/empty/Empty
instanceKlass sun/invoke/util/VerifyType
instanceKlass java/lang/invoke/ClassSpecializer$Factory
instanceKlass java/lang/invoke/ClassSpecializer$SpeciesData
instanceKlass java/lang/invoke/ClassSpecializer$1
instanceKlass java/lang/invoke/ClassSpecializer
instanceKlass java/lang/invoke/InnerClassLambdaMetafactory$1
instanceKlass java/lang/invoke/MethodHandles$Lookup$ClassDefiner
instanceKlass jdk/internal/org/objectweb/asm/ClassReader
instanceKlass java/lang/invoke/MethodHandles$Lookup$ClassFile
instanceKlass jdk/internal/org/objectweb/asm/AnnotationVisitor
instanceKlass jdk/internal/org/objectweb/asm/Attribute
instanceKlass jdk/internal/org/objectweb/asm/Handler
instanceKlass jdk/internal/org/objectweb/asm/Label
instanceKlass jdk/internal/org/objectweb/asm/MethodVisitor
instanceKlass java/lang/invoke/LambdaProxyClassArchive
instanceKlass jdk/internal/org/objectweb/asm/ByteVector
instanceKlass jdk/internal/org/objectweb/asm/Symbol
instanceKlass jdk/internal/org/objectweb/asm/SymbolTable
instanceKlass jdk/internal/org/objectweb/asm/ClassVisitor
instanceKlass java/lang/invoke/InfoFromMemberName
instanceKlass java/lang/invoke/MethodHandleInfo
instanceKlass jdk/internal/org/objectweb/asm/ConstantDynamic
instanceKlass sun/invoke/util/BytecodeDescriptor
instanceKlass jdk/internal/org/objectweb/asm/Handle
instanceKlass sun/security/action/GetBooleanAction
instanceKlass jdk/internal/org/objectweb/asm/Type
instanceKlass java/lang/invoke/AbstractValidatingLambdaMetafactory
instanceKlass java/lang/invoke/MethodHandleImpl$1
instanceKlass jdk/internal/access/JavaLangInvokeAccess
instanceKlass java/lang/invoke/Invokers$Holder
instanceKlass java/lang/invoke/BootstrapMethodInvoker
instanceKlass org/apache/commons/logging/Log
instanceKlass org/apache/commons/logging/LogAdapter$Slf4jAdapter
instanceKlass java/lang/invoke/InvokerBytecodeGenerator$2
instanceKlass java/lang/invoke/InvokerBytecodeGenerator
instanceKlass java/lang/invoke/LambdaForm$Holder
instanceKlass java/lang/invoke/LambdaForm$Name
instanceKlass java/lang/invoke/Invokers
instanceKlass java/lang/invoke/MethodHandleImpl
instanceKlass sun/invoke/util/ValueConversions
instanceKlass java/lang/invoke/DirectMethodHandle$Holder
instanceKlass java/lang/invoke/LambdaForm$NamedFunction
instanceKlass sun/invoke/util/Wrapper$Format
instanceKlass java/lang/invoke/MethodTypeForm
instanceKlass java/lang/invoke/MethodType$ConcurrentWeakInternSet
instanceKlass java/lang/invoke/LambdaMetafactory
instanceKlass org/slf4j/spi/LocationAwareLogger
instanceKlass org/slf4j/Logger
instanceKlass java/util/ArrayList$Itr
instanceKlass org/apache/logging/log4j/spi/Provider
instanceKlass org/apache/logging/log4j/spi/ExtendedLogger
instanceKlass org/apache/logging/log4j/Logger
instanceKlass org/apache/commons/logging/LogAdapter
instanceKlass org/apache/commons/logging/LogFactory
instanceKlass org/springframework/boot/ApplicationArguments
instanceKlass java/util/EventObject
instanceKlass org/springframework/boot/ConfigurableBootstrapContext
instanceKlass org/springframework/boot/BootstrapContext
instanceKlass org/springframework/context/ApplicationContext
instanceKlass org/springframework/core/io/support/ResourcePatternResolver
instanceKlass org/springframework/core/io/ResourceLoader
instanceKlass org/springframework/context/ApplicationEventPublisher
instanceKlass org/springframework/context/MessageSource
instanceKlass org/springframework/beans/factory/HierarchicalBeanFactory
instanceKlass org/springframework/beans/factory/ListableBeanFactory
instanceKlass org/springframework/beans/factory/BeanFactory
instanceKlass org/springframework/core/env/EnvironmentCapable
instanceKlass org/springframework/context/ApplicationListener
instanceKlass java/util/EventListener
instanceKlass org/springframework/beans/factory/config/BeanFactoryPostProcessor
instanceKlass org/springframework/boot/BootstrapRegistry
instanceKlass org/springframework/core/env/PropertySource
instanceKlass org/springframework/core/convert/support/ConfigurableConversionService
instanceKlass org/springframework/core/convert/converter/ConverterRegistry
instanceKlass org/springframework/core/convert/ConversionService
instanceKlass org/springframework/core/env/ConfigurableEnvironment
instanceKlass org/springframework/core/env/ConfigurablePropertyResolver
instanceKlass org/springframework/core/env/Environment
instanceKlass org/springframework/core/env/PropertyResolver
instanceKlass java/util/TreeMap$PrivateEntryIterator
instanceKlass java/util/TreeMap$Entry
instanceKlass java/util/NavigableMap
instanceKlass java/util/SortedMap
instanceKlass java/util/NavigableSet
instanceKlass java/util/SortedSet
instanceKlass java/util/LinkedList$Node
instanceKlass java/nio/charset/CoderResult
instanceKlass java/nio/charset/CharsetDecoder
instanceKlass java/io/Reader
instanceKlass java/lang/Readable
instanceKlass org/springframework/boot/SpringApplication
instanceKlass java/util/zip/Checksum$1
instanceKlass java/util/zip/CRC32
instanceKlass java/util/zip/Checksum
instanceKlass java/util/jar/Attributes$Name
instanceKlass java/util/jar/Attributes
instanceKlass sun/security/action/GetIntegerAction
instanceKlass sun/security/util/SignatureFileVerifier
instanceKlass java/util/zip/ZipFile$InflaterCleanupAction
instanceKlass java/util/zip/Inflater$InflaterZStreamRef
instanceKlass java/util/zip/Inflater
instanceKlass java/util/zip/ZipEntry
instanceKlass jdk/internal/util/jar/JarIndex
instanceKlass java/nio/Bits$1
instanceKlass jdk/internal/misc/VM$BufferPool
instanceKlass java/nio/Bits
instanceKlass sun/nio/ch/DirectBuffer
instanceKlass jdk/internal/perf/PerfCounter$CoreCounters
instanceKlass jdk/internal/perf/Perf
instanceKlass jdk/internal/perf/Perf$GetPerfAction
instanceKlass jdk/internal/perf/PerfCounter
instanceKlass java/nio/file/attribute/FileTime
instanceKlass java/util/zip/ZipUtils
instanceKlass java/util/zip/ZipFile$Source$End
instanceKlass java/io/RandomAccessFile$2
instanceKlass jdk/internal/access/JavaIORandomAccessFileAccess
instanceKlass java/io/RandomAccessFile
instanceKlass java/io/DataInput
instanceKlass java/io/DataOutput
instanceKlass sun/nio/fs/WindowsNativeDispatcher$CompletionStatus
instanceKlass sun/nio/fs/WindowsNativeDispatcher$AclInformation
instanceKlass sun/nio/fs/WindowsNativeDispatcher$Account
instanceKlass sun/nio/fs/WindowsNativeDispatcher$DiskFreeSpace
instanceKlass sun/nio/fs/WindowsNativeDispatcher$VolumeInformation
instanceKlass sun/nio/fs/WindowsNativeDispatcher$FirstStream
instanceKlass sun/nio/fs/WindowsNativeDispatcher$FirstFile
instanceKlass java/util/Enumeration
instanceKlass java/util/concurrent/ConcurrentHashMap$Traverser
instanceKlass java/util/concurrent/ConcurrentHashMap$CollectionView
instanceKlass jdk/internal/loader/NativeLibraries$NativeLibraryImpl
instanceKlass jdk/internal/loader/NativeLibrary
instanceKlass java/util/ArrayDeque$DeqIterator
instanceKlass jdk/internal/loader/NativeLibraries$1
instanceKlass jdk/internal/loader/NativeLibraries$LibraryPaths
instanceKlass sun/nio/fs/WindowsNativeDispatcher
instanceKlass sun/nio/fs/NativeBuffer$Deallocator
instanceKlass sun/nio/fs/NativeBuffer
instanceKlass java/lang/ThreadLocal$ThreadLocalMap
instanceKlass sun/nio/fs/NativeBuffers
instanceKlass sun/nio/fs/WindowsFileAttributes
instanceKlass java/nio/file/attribute/DosFileAttributes
instanceKlass sun/nio/fs/AbstractBasicFileAttributeView
instanceKlass sun/nio/fs/DynamicFileAttributeView
instanceKlass sun/nio/fs/WindowsFileAttributeViews
instanceKlass sun/nio/fs/Util
instanceKlass java/nio/file/attribute/BasicFileAttributeView
instanceKlass java/nio/file/attribute/FileAttributeView
instanceKlass java/nio/file/attribute/AttributeView
instanceKlass java/nio/file/Files
instanceKlass java/nio/file/CopyOption
instanceKlass java/nio/file/attribute/BasicFileAttributes
instanceKlass sun/nio/fs/WindowsPath
instanceKlass java/nio/file/Path
instanceKlass java/nio/file/Watchable
instanceKlass java/util/zip/ZipFile$Source$Key
instanceKlass sun/nio/fs/WindowsPathParser$Result
instanceKlass sun/nio/fs/WindowsPathParser
instanceKlass java/util/Collections$UnmodifiableCollection
instanceKlass java/util/Arrays$ArrayItr
instanceKlass java/nio/file/FileSystem
instanceKlass java/nio/file/OpenOption
instanceKlass java/nio/file/spi/FileSystemProvider
instanceKlass sun/nio/fs/DefaultFileSystemProvider
instanceKlass java/util/zip/ZipFile$Source
instanceKlass java/util/zip/ZipCoder
instanceKlass java/util/zip/ZipFile$CleanableResource
instanceKlass java/lang/Runtime$Version
instanceKlass java/util/jar/JavaUtilJarAccessImpl
instanceKlass jdk/internal/access/JavaUtilJarAccess
instanceKlass jdk/internal/loader/FileURLMapper
instanceKlass jdk/internal/loader/URLClassPath$JarLoader$1
instanceKlass java/util/zip/ZipFile$1
instanceKlass jdk/internal/access/JavaUtilZipFileAccess
instanceKlass java/util/zip/ZipFile
instanceKlass java/util/zip/ZipConstants
instanceKlass java/lang/Void
instanceKlass java/lang/PublicMethods$Key
instanceKlass java/lang/PublicMethods$MethodList
instanceKlass java/lang/Class$Atomic
instanceKlass java/lang/Class$ReflectionData
instanceKlass com/billquote/BillQuoteApplication
instanceKlass sun/security/util/Debug
instanceKlass java/security/SecureClassLoader$DebugHolder
instanceKlass java/security/PermissionCollection
instanceKlass java/security/SecureClassLoader$1
instanceKlass java/security/SecureClassLoader$CodeSourceKey
instanceKlass java/io/FileInputStream$1
instanceKlass sun/nio/ByteBuffered
instanceKlass jdk/internal/ref/CleanerImpl
instanceKlass java/lang/ref/Cleaner$1
instanceKlass java/lang/ref/Cleaner
instanceKlass jdk/internal/ref/CleanerFactory$1
instanceKlass java/util/concurrent/ThreadFactory
instanceKlass jdk/internal/ref/CleanerFactory
instanceKlass java/lang/ref/Cleaner$Cleanable
instanceKlass java/lang/Package$VersionInfo
instanceKlass java/lang/NamedPackage
instanceKlass jdk/internal/loader/Resource
instanceKlass jdk/internal/loader/URLClassPath$Loader
instanceKlass jdk/internal/loader/URLClassPath$3
instanceKlass java/security/PrivilegedExceptionAction
instanceKlass sun/net/util/URLUtil
instanceKlass java/lang/StringCoding
instanceKlass sun/launcher/LauncherHelper
instanceKlass jdk/internal/vm/PostVMInitHook$1
instanceKlass jdk/internal/util/EnvUtils
instanceKlass jdk/internal/vm/PostVMInitHook$2
instanceKlass sun/util/locale/LocaleUtils
instanceKlass sun/util/locale/BaseLocale
instanceKlass java/util/Locale
instanceKlass jdk/internal/vm/PostVMInitHook
instanceKlass java/lang/reflect/Array
instanceKlass java/lang/invoke/StringConcatFactory$3
instanceKlass java/lang/invoke/StringConcatFactory$2
instanceKlass java/lang/invoke/StringConcatFactory$1
instanceKlass java/lang/invoke/StringConcatFactory
instanceKlass java/lang/ModuleLayer$Controller
instanceKlass java/util/concurrent/CopyOnWriteArrayList
instanceKlass jdk/internal/module/ServicesCatalog$ServiceProvider
instanceKlass jdk/internal/loader/AbstractClassLoaderValue$Memoizer
instanceKlass java/util/ImmutableCollections$ListItr
instanceKlass java/util/ListIterator
instanceKlass java/lang/ModuleLayer
instanceKlass jdk/internal/module/ModuleLoaderMap$Modules
instanceKlass jdk/internal/module/ModuleLoaderMap$Mapper
instanceKlass java/util/function/Function
instanceKlass jdk/internal/module/ModuleLoaderMap
instanceKlass java/util/ImmutableCollections$Set12$1
instanceKlass java/util/AbstractMap$1$1
instanceKlass java/lang/module/ResolvedModule
instanceKlass java/lang/module/Configuration
instanceKlass java/util/ImmutableCollections$SetN$SetNIterator
instanceKlass jdk/internal/loader/BuiltinClassLoader$LoadedModule
instanceKlass jdk/internal/loader/AbstractClassLoaderValue
instanceKlass jdk/internal/module/ServicesCatalog
instanceKlass jdk/internal/util/Preconditions
instanceKlass sun/net/util/IPAddressUtil
instanceKlass java/net/URLStreamHandler
instanceKlass java/lang/StringUTF16
instanceKlass java/util/HexFormat
instanceKlass sun/net/www/ParseUtil
instanceKlass java/net/URL$3
instanceKlass jdk/internal/access/JavaNetURLAccess
instanceKlass java/net/URL$DefaultFactory
instanceKlass java/net/URLStreamHandlerFactory
instanceKlass jdk/internal/loader/URLClassPath
instanceKlass java/security/Principal
instanceKlass java/security/ProtectionDomain$Key
instanceKlass java/security/ProtectionDomain$JavaSecurityAccessImpl
instanceKlass jdk/internal/access/JavaSecurityAccess
instanceKlass java/lang/ClassLoader$ParallelLoaders
instanceKlass java/security/cert/Certificate
instanceKlass jdk/internal/loader/ArchivedClassLoaders
instanceKlass java/util/Deque
instanceKlass java/util/Queue
instanceKlass jdk/internal/loader/ClassLoaderHelper
instanceKlass jdk/internal/loader/NativeLibraries
instanceKlass jdk/internal/loader/BootLoader
instanceKlass java/util/Optional
instanceKlass jdk/internal/module/SystemModuleFinders$SystemModuleFinder
instanceKlass java/lang/module/ModuleFinder
instanceKlass jdk/internal/module/SystemModuleFinders$3
instanceKlass jdk/internal/module/ModuleHashes$HashSupplier
instanceKlass jdk/internal/module/SystemModuleFinders$2
instanceKlass java/util/function/Supplier
instanceKlass java/lang/module/ModuleReference
instanceKlass jdk/internal/module/ModuleResolution
instanceKlass java/util/Collections$UnmodifiableMap
instanceKlass jdk/internal/module/ModuleHashes$Builder
instanceKlass jdk/internal/module/ModuleHashes
instanceKlass jdk/internal/module/ModuleTarget
instanceKlass java/lang/Enum
instanceKlass java/lang/module/ModuleDescriptor$Version
instanceKlass java/lang/module/ModuleDescriptor$Provides
instanceKlass java/lang/module/ModuleDescriptor$Opens
instanceKlass java/lang/module/ModuleDescriptor$Exports
instanceKlass java/lang/module/ModuleDescriptor$Requires
instanceKlass jdk/internal/module/Builder
instanceKlass jdk/internal/module/SystemModules$default
instanceKlass jdk/internal/module/SystemModules
instanceKlass jdk/internal/module/SystemModulesMap
instanceKlass java/net/URI$1
instanceKlass jdk/internal/access/JavaNetUriAccess
instanceKlass java/net/URI
instanceKlass jdk/internal/module/SystemModuleFinders
instanceKlass jdk/internal/module/ArchivedModuleGraph
instanceKlass jdk/internal/module/ArchivedBootLayer
instanceKlass jdk/internal/module/ModuleBootstrap$Counters
instanceKlass jdk/internal/module/ModulePatcher
instanceKlass jdk/internal/util/ArraysSupport
instanceKlass java/io/FileSystem
instanceKlass java/io/DefaultFileSystem
instanceKlass java/io/File
instanceKlass java/lang/module/ModuleDescriptor$1
instanceKlass jdk/internal/access/JavaLangModuleAccess
instanceKlass java/lang/reflect/Modifier
instanceKlass sun/invoke/util/VerifyAccess
instanceKlass java/lang/module/ModuleDescriptor
instanceKlass jdk/internal/module/ModuleBootstrap
instanceKlass java/lang/invoke/MethodHandleStatics
instanceKlass java/util/Collections
instanceKlass sun/io/Win32ErrorMode
instanceKlass jdk/internal/misc/OSEnvironment
instanceKlass jdk/internal/misc/Signal$NativeHandler
instanceKlass java/util/Hashtable$Entry
instanceKlass jdk/internal/misc/Signal
instanceKlass java/lang/Terminator$1
instanceKlass jdk/internal/misc/Signal$Handler
instanceKlass java/lang/Terminator
instanceKlass java/nio/ByteOrder
instanceKlass java/nio/Buffer$1
instanceKlass jdk/internal/access/JavaNioAccess
instanceKlass jdk/internal/misc/ScopedMemoryAccess
instanceKlass java/nio/charset/CodingErrorAction
instanceKlass java/nio/charset/CharsetEncoder
instanceKlass sun/nio/cs/HistoricallyNamedCharset
instanceKlass sun/security/action/GetPropertyAction
instanceKlass java/lang/ThreadLocal
instanceKlass java/nio/charset/spi/CharsetProvider
instanceKlass java/nio/charset/Charset
instanceKlass java/io/Writer
instanceKlass java/io/OutputStream
instanceKlass java/io/Flushable
instanceKlass java/io/FileDescriptor$1
instanceKlass jdk/internal/access/JavaIOFileDescriptorAccess
instanceKlass java/io/FileDescriptor
instanceKlass jdk/internal/util/StaticProperty
instanceKlass java/util/HashMap$HashIterator
instanceKlass java/lang/Integer$IntegerCache
instanceKlass java/lang/CharacterData
instanceKlass java/util/Arrays
instanceKlass java/lang/VersionProps
instanceKlass java/lang/StringConcatHelper
instanceKlass jdk/internal/util/SystemProps$Raw
instanceKlass jdk/internal/misc/VM
instanceKlass jdk/internal/util/SystemProps
instanceKlass java/lang/System$2
instanceKlass jdk/internal/access/JavaLangAccess
instanceKlass java/lang/ref/Reference$1
instanceKlass jdk/internal/access/JavaLangRefAccess
instanceKlass java/lang/ref/ReferenceQueue$Lock
instanceKlass java/lang/ref/ReferenceQueue
instanceKlass jdk/internal/reflect/ReflectionFactory
instanceKlass jdk/internal/reflect/ReflectionFactory$GetReflectionFactoryAction
instanceKlass java/security/PrivilegedAction
instanceKlass java/util/concurrent/locks/LockSupport
instanceKlass java/util/concurrent/ConcurrentHashMap$Node
instanceKlass java/util/concurrent/ConcurrentHashMap$CounterCell
instanceKlass java/util/concurrent/locks/ReentrantLock
instanceKlass java/util/concurrent/locks/Lock
instanceKlass java/lang/Runtime
instanceKlass java/util/HashMap$Node
instanceKlass java/util/KeyValueHolder
instanceKlass java/util/Map$Entry
instanceKlass java/util/ImmutableCollections$MapN$MapNIterator
instanceKlass java/lang/Math
instanceKlass jdk/internal/reflect/Reflection
instanceKlass java/lang/invoke/MethodHandles$Lookup
instanceKlass java/lang/StringLatin1
instanceKlass java/security/Permission
instanceKlass java/security/Guard
instanceKlass java/lang/invoke/MemberName$Factory
instanceKlass java/lang/invoke/MethodHandles
instanceKlass jdk/internal/access/SharedSecrets
instanceKlass java/lang/reflect/ReflectAccess
instanceKlass jdk/internal/access/JavaLangReflectAccess
instanceKlass java/util/ImmutableCollections
instanceKlass java/util/Objects
instanceKlass java/util/Set
instanceKlass jdk/internal/misc/CDS
instanceKlass java/lang/Module$ArchivedData
instanceKlass java/lang/String$CaseInsensitiveComparator
instanceKlass java/util/Comparator
instanceKlass java/io/ObjectStreamField
instanceKlass jdk/internal/vm/vector/VectorSupport$VectorPayload
instanceKlass jdk/internal/vm/vector/VectorSupport
instanceKlass java/lang/reflect/RecordComponent
instanceKlass java/util/Iterator
instanceKlass java/lang/Number
instanceKlass java/lang/Character
instanceKlass java/lang/Boolean
instanceKlass java/util/concurrent/locks/AbstractOwnableSynchronizer
instanceKlass java/lang/LiveStackFrame
instanceKlass java/lang/StackFrameInfo
instanceKlass java/lang/StackWalker$StackFrame
instanceKlass java/lang/StackStreamFactory$AbstractStackWalker
instanceKlass java/lang/StackWalker
instanceKlass java/nio/Buffer
instanceKlass java/lang/StackTraceElement
instanceKlass java/util/RandomAccess
instanceKlass java/util/List
instanceKlass java/util/AbstractCollection
instanceKlass java/util/Collection
instanceKlass java/lang/Iterable
instanceKlass java/util/concurrent/ConcurrentMap
instanceKlass java/util/AbstractMap
instanceKlass java/security/CodeSource
instanceKlass jdk/internal/loader/ClassLoaders
instanceKlass java/util/jar/Manifest
instanceKlass java/net/URL
instanceKlass java/io/InputStream
instanceKlass java/io/Closeable
instanceKlass java/lang/AutoCloseable
instanceKlass jdk/internal/module/Modules
instanceKlass jdk/internal/misc/Unsafe
instanceKlass jdk/internal/misc/UnsafeConstants
instanceKlass java/lang/AbstractStringBuilder
instanceKlass java/lang/Appendable
instanceKlass java/lang/AssertionStatusDirectives
instanceKlass java/lang/invoke/MethodHandleNatives$CallSiteContext
instanceKlass jdk/internal/invoke/NativeEntryPoint
instanceKlass java/lang/invoke/CallSite
instanceKlass java/lang/invoke/MethodType
instanceKlass java/lang/invoke/TypeDescriptor$OfMethod
instanceKlass java/lang/invoke/LambdaForm
instanceKlass java/lang/invoke/MethodHandleNatives
instanceKlass java/lang/invoke/ResolvedMethodName
instanceKlass java/lang/invoke/MemberName
instanceKlass java/lang/invoke/VarHandle
instanceKlass java/lang/invoke/MethodHandle
instanceKlass jdk/internal/reflect/CallerSensitive
instanceKlass java/lang/annotation/Annotation
instanceKlass jdk/internal/reflect/FieldAccessor
instanceKlass jdk/internal/reflect/ConstantPool
instanceKlass jdk/internal/reflect/ConstructorAccessor
instanceKlass jdk/internal/reflect/MethodAccessor
instanceKlass jdk/internal/reflect/MagicAccessorImpl
instanceKlass java/lang/reflect/Parameter
instanceKlass java/lang/reflect/Member
instanceKlass java/lang/reflect/AccessibleObject
instanceKlass java/lang/Module
instanceKlass java/util/Map
instanceKlass java/util/Dictionary
instanceKlass java/lang/ThreadGroup
instanceKlass java/lang/Thread$UncaughtExceptionHandler
instanceKlass java/lang/Thread
instanceKlass java/lang/Runnable
instanceKlass java/lang/ref/Reference
instanceKlass java/lang/Record
instanceKlass java/security/AccessController
instanceKlass java/security/AccessControlContext
instanceKlass java/security/ProtectionDomain
instanceKlass java/lang/SecurityManager
instanceKlass java/lang/Throwable
instanceKlass java/lang/System
instanceKlass java/lang/ClassLoader
instanceKlass java/lang/Cloneable
instanceKlass java/lang/Class
instanceKlass java/lang/invoke/TypeDescriptor$OfField
instanceKlass java/lang/invoke/TypeDescriptor
instanceKlass java/lang/reflect/Type
instanceKlass java/lang/reflect/GenericDeclaration
instanceKlass java/lang/reflect/AnnotatedElement
instanceKlass java/lang/String
instanceKlass java/lang/constant/ConstantDesc
instanceKlass java/lang/constant/Constable
instanceKlass java/lang/CharSequence
instanceKlass java/lang/Comparable
instanceKlass java/io/Serializable
ciInstanceKlass java/lang/Object 1 1 92 7 1 10 12 1 1 10 7 12 1 1 1 10 7 12 1 1 1 10 12 1 1 8 1 10 12 1 1 10 7 12 1 1 1 10 12 1 10 12 1 1 100 1 8 1 10 12 1 3 8 1 100 1 5 0 1 1 1 1 1 1 1 1 1 1 1 1 1 1 1 1 7 1 1 1 7 1 1 1 1 1 1 1 7 1 1 1 1 1 1 1
ciMethod java/lang/Object equals (Ljava/lang/Object;)Z 514 0 28566 0 -1
ciMethod java/lang/Object hashCode ()I 768 0 384 0 -1
ciInstanceKlass java/lang/Class 1 1 1611 10 7 12 1 1 1 9 7 12 1 1 1 9 12 1 1 7 1 10 10 12 1 1 8 1 10 12 1 8 1 8 1 10 12 1 1 10 12 1 1 10 12 1 10 10 12 1 10 12 1 1 10 12 1 1 10 7 12 1 1 10 12 1 10 12 1 10 12 1 8 1 10 12 1 8 1 10 12 1 8 1 8 1 10 12 1 1 10 7 12 1 1 1 18 12 1 1 11 7 12 1 1 1 8 1 8 1 8 1 10 7 12 1 1 1 11 12 1 1 7 1 8 1 10 12 1 11 100 12 1 1 1 10 12 1 1 11 8 1 18 8 1 10 12 1 10 7 12 1 1 10 7 12 1 1 1 10 12 1 1 10 7 12 1 1 1 9 100 12 1 1 1 10 100 12 1 1 1 10 7 12 1 1 1 10 12 1 1 18 12 1 1 10 7 12 1 1 1 10 7 12 1 1 10 12 1 1 10 7 1 100 1 10 12 1 1 9 12 1 1 7 1 8 1 10 12 1 10 12 1 1 10 12 1 1 10 7 12 1 1 1 7 1 10 12 1 7 1 7 1 10 10 12 1 1 10 12 1 1 100 1 10 100 12 1 1 1 10 12 1 1 10 12 1 1 9 12 1 1 10 12 1 10 12 1 10 12 1 1 9 12 1 1 9 12 1 1 10 12 1 1 10 7 1 10 12 1 10 12 1 10 12 1 1 10 9 12 1 10 12 1 8 1 10 12 1 1 10 12 1 1 10 12 1 10 12 1 1 10 12 1 1 10 12 1 1 9 7 12 1 1 1 10 7 12 1 1 10 12 10 12 1 10 12 1 1 10 100 12 1 1 10 12 1 10 12 1 1 10 100 12 1 1 1 10 12 1 10 12 1 1 10 12 1 10 12 1 10 12 1 1 10 7 1 10 10 10 12 1 1 10 12 1 1 10 12 10 12 1 1 100 1 8 1 10 10 12 1 1 10 12 1 100 1 11 12 1 10 7 12 1 1 10 12 1 10 12 1 10 100 12 1 1 10 10 12 1 1 8 1 10 12 1 10 12 1 1 8 1 9 12 1 10 12 1 10 12 1 10 12 1 10 12 100 1 9 12 1 10 12 1 9 12 1 10 12 1 10 12 1 10 12 1 10 10 12 1 10 12 1 10 12 1 10 12 1 10 12 1 10 12 1 100 1 10 12 1 10 12 1 1 10 12 1 1 10 12 1 1 10 12 1 1 10 12 1 1 10 12 1 1 7 1 10 10 12 1 1 10 12 1 1 10 12 1 1 10 10 12 1 10 12 1 1 10 12 1 1 10 12 1 1 10 12 1 1 7 1 10 10 12 11 100 12 1 1 10 12 1 1 10 12 1 10 100 12 1 1 1 10 12 1 1 10 10 12 1 1 100 1 10 10 12 1 1 10 100 12 1 1 1 100 1 7 1 10 12 1 1 10 12 1 10 10 12 1 1 10 12 1 10 12 1 10 12 1 10 100 12 1 1 1 11 7 12 1 1 10 12 1 10 12 1 9 12 1 10 12 1 1 10 12 1 9 12 1 1 100 1 10 9 12 1 1 10 12 100 1 10 12 1 9 12 1 10 100 12 1 1 1 10 12 1 10 12 1 10 100 12 1 1 1 10 12 1 10 12 10 12 1 1 100 1 10 8 1 10 12 1 11 11 12 1 1 11 7 12 1 1 11 12 1 8 1 10 12 1 10 12 1 1 9 12 1 9 12 1 1 10 7 12 1 1 9 12 1 10 12 1 1 10 10 12 1 10 7 12 1 1 1 10 7 12 1 1 10 7 12 1 1 9 12 1 1 10 12 1 9 12 1 10 12 1 10 12 1 1 9 12 1 1 9 12 1 10 12 1 10 12 1 1 9 12 1 100 1 10 10 12 1 1 7 1 10 12 1 1 100 11 100 1 9 12 1 1 9 12 1 7 1 10 12 1 9 12 1 1 9 12 1 10 12 1 10 12 1 1 9 12 1 7 1 10 10 12 1 1 10 10 12 1 1 10 12 10 10 12 1 9 12 1 10 12 1 1 10 7 12 1 1 1 10 12 1 1 10 12 1 8 10 7 8 1 18 8 1 8 1 10 12 1 9 12 1 9 12 1 1 10 12 1 7 1 7 1 10 12 1 9 12 1 1 7 1 10 10 12 1 10 7 1 9 12 1 8 1 10 12 1 7 1 10 12 1 10 12 1 1 9 12 1 100 1 8 1 10 7 1 4 10 10 12 11 7 12 1 1 1 10 12 1 100 1 10 12 1 1 10 8 1 8 1 10 12 1 1 9 7 12 1 1 11 12 7 1 11 7 12 1 1 9 12 1 10 100 12 1 1 1 10 7 12 1 1 10 12 1 1 9 12 1 9 10 12 1 1 10 12 1 1 10 12 1 1 10 12 1 1 10 12 1 1 11 12 1 7 1 11 12 1 10 7 12 1 1 1 10 12 1 7 1 11 12 1 10 100 12 1 1 1 10 12 1 10 11 12 1 11 12 1 1 10 12 1 10 12 1 1 9 12 1 1 9 100 12 1 1 10 12 1 10 100 12 1 1 1 10 12 1 1 10 12 1 10 12 1 10 12 1 10 7 12 1 1 1 10 12 1 8 1 10 12 1 10 12 1 10 12 1 10 100 12 1 1 1 11 100 12 1 1 1 10 12 1 1 10 12 1 18 12 1 1 11 12 1 1 18 11 12 1 18 12 1 11 12 1 10 12 1 1 10 12 1 10 12 1 10 12 10 12 1 8 1 10 12 1 7 1 9 12 1 1 100 1 100 1 100 1 100 1 100 1 1 1 3 1 3 1 3 1 1 1 1 1 1 1 5 0 1 1 1 1 1 1 1 1 1 1 1 1 1 1 1 1 1 1 1 1 1 1 1 100 1 1 1 1 1 1 1 100 1 1 1 1 1 1 7 1 1 1 1 1 1 1 1 1 1 1 1 1 1 1 1 1 1 1 1 1 1 1 1 1 1 1 1 1 1 1 1 1 1 1 1 1 1 100 1 1 1 1 1 1 1 1 1 1 1 1 1 1 1 1 1 1 1 1 1 1 1 1 1 1 1 1 100 1 1 1 1 1 1 1 1 1 1 1 1 1 1 1 1 1 1 1 1 1 1 1 1 1 1 1 1 1 1 1 1 1 1 1 1 1 1 1 1 1 1 1 1 1 1 1 1 1 1 1 1 1 100 1 100 1 1 1 1 1 1 1 1 1 1 1 1 1 1 1 1 1 1 1 1 1 1 1 1 1 1 1 1 1 1 1 1 1 1 1 1 1 1 1 1 1 1 1 1 1 1 1 1 1 1 1 1 1 1 1 1 1 1 1 1 1 1 1 100 1 1 1 1 1 1 1 1 1 1 1 1 1 1 1 1 1 1 1 1 1 1 1 1 1 1 1 1 1 1 1 1 1 1 1 1 1 1 1 1 1 1 1 1 1 1 1 1 1 1 1 1 1 1 1 1 1 1 1 1 1 1 1 1 1 1 1 1 15 10 7 12 1 1 1 16 15 10 12 16 15 11 12 16 1 16 15 16 15 10 12 16 16 15 10 12 16 15 16 1 15 10 12 16 1 1 1 1 1 1 1 1 100 1 1 100 1 100 1 1 100 1 100 1 1
staticfield java/lang/Class EMPTY_CLASS_ARRAY [Ljava/lang/Class; 0 [Ljava/lang/Class;
staticfield java/lang/Class serialPersistentFields [Ljava/io/ObjectStreamField; 0 [Ljava/io/ObjectStreamField;
ciInstanceKlass java/io/Serializable 1 0 7 100 1 100 1 1 1
instanceKlass jdk/internal/vm/vector/VectorSupport$VectorShuffle
instanceKlass jdk/internal/vm/vector/VectorSupport$VectorMask
instanceKlass jdk/internal/vm/vector/VectorSupport$Vector
ciInstanceKlass jdk/internal/vm/vector/VectorSupport$VectorPayload 0 0 32 10 100 12 1 1 1 9 100 12 1 1 1 10 100 12 1 1 1 1 1 1 1 1 1 1 1 1 1 1 1 1
ciInstanceKlass jdk/internal/vm/vector/VectorSupport$VectorShuffle 0 0 28 10 100 12 1 1 1 100 1 1 1 1 1 1 1 1 1 1 1 1 1 1 1 100 1 1 1 1
ciInstanceKlass jdk/internal/vm/vector/VectorSupport$VectorMask 0 0 28 10 100 12 1 1 1 100 1 1 1 1 1 1 1 1 1 1 1 1 1 1 1 100 1 1 1 1
ciInstanceKlass jdk/internal/vm/vector/VectorSupport$Vector 0 0 28 10 100 12 1 1 1 100 1 1 1 1 1 1 1 1 1 1 1 1 1 1 1 100 1 1 1 1
ciInstanceKlass jdk/internal/vm/vector/VectorSupport 0 0 487 100 1 10 100 12 1 1 1 9 12 1 1 10 12 1 1 100 1 10 12 1 11 100 12 1 1 1 11 100 12 1 1 1 11 100 12 1 1 11 100 12 1 1 1 11 100 1 100 1 10 12 1 1 11 100 12 1 1 11 100 12 1 1 100 1 11 100 12 1 1 11 100 12 1 1 11 100 12 1 1 1 11 100 12 1 1 1 11 100 12 1 1 1 11 100 12 1 1 1 100 1 10 12 1 1 11 100 12 1 1 100 1 11 100 12 1 1 11 100 12 1 1 11 100 12 1 1 11 100 1 100 1 9 12 1 1 10 100 12 1 1 11 100 12 1 1 10 12 1 1 10 100 12 1 1 1 10 12 1 10 12 1 1 10 12 1 1 1 1 1 3 1 3 1 3 1 3 1 3 1 3 1 3 1 3 1 3 1 3 1 3 1 3 1 3 1 3 1 3 1 3 1 3 1 3 1 3 1 3 1 3 1 3 1 3 1 3 1 3 1 3 1 3 1 3 1 3 1 3 1 3 1 3 1 3 1 3 1 3 1 3 1 3 1 3 1 3 1 1 1 1 1 3 1 1 1 1 1 1 3 1 1 1 1 1 1 1 1 1 1 1 1 1 1 1 1 1 1 1 1 1 1 1 1 1 1 1 1 1 1 1 1 1 1 1 1 1 1 1 1 1 1 1 1 1 1 1 1 1 1 1 1 1 1 1 1 1 1 1 1 1 1 1 1 1 1 1 1 1 1 1 1 1 1 1 1 1 1 1 1 1 1 1 1 1 1 1 1 1 1 1 1 1 1 1 1 1 1 1 1 1 1 1 1 1 1 1 1 1 1 1 1 1 1 1 1 1 1 1 1 1 1 1 1 1 1 1 1 1 1 1 1 1 1 1 1 1 1 1 1 1 1 1 1 1 1 1 1 1 1 1 1 1 1 1 1 1 1 1 1 1 1 1 1 1 1 1 1 1 1 1 1 1 1 1 1 1 1 1 1 1 1 1 1 1 1 1 1 1 1 1 1 1 1 1 1 1 1 1 100 1 100 1 1 1 1 1 1 1 1 1 1 1 1 1 1 1 1 1 1 1 1 1 1 1 1
ciInstanceKlass java/lang/reflect/RecordComponent 0 0 196 10 100 12 1 1 1 9 100 12 1 1 1 9 12 1 1 9 12 1 10 12 1 1 10 12 1 1 10 100 12 1 1 1 10 12 1 1 9 12 1 1 10 12 1 1 10 12 1 1 10 12 1 10 100 12 1 1 10 100 12 1 1 9 12 1 1 10 100 12 1 1 1 11 100 12 1 1 1 10 9 100 12 1 1 1 10 100 12 1 1 1 9 12 1 1 10 100 12 1 1 1 10 12 1 1 11 100 12 1 1 10 100 12 1 1 100 1 9 12 1 9 12 1 1 9 12 1 10 100 12 1 1 1 10 12 1 1 10 12 1 1 100 1 10 10 12 1 10 12 1 1 8 1 10 12 1 10 12 1 9 12 1 100 1 1 1 1 1 1 1 1 1 1 1 1 1 1 1 1 1 1 1 1 1 1 100 1 1 1 1 1 1 100 1 1
ciInstanceKlass java/util/Iterator 1 1 53 100 1 8 1 10 12 1 1 10 7 12 1 1 1 11 7 12 1 1 1 11 12 1 1 11 7 12 1 1 1 100 1 1 1 1 1 1 1 1 1 1 1 1 1 1 1 1 1 1 1 1 1
ciInstanceKlass java/lang/System 1 1 803 10 100 12 1 1 1 9 7 12 1 1 1 10 12 1 10 12 1 1 10 12 1 1 10 12 1 9 12 1 1 10 7 12 1 1 1 11 7 12 1 1 1 10 100 12 1 1 1 10 12 1 1 10 12 1 1 100 1 8 1 10 12 1 10 100 12 1 1 1 10 7 12 1 1 1 18 12 1 1 10 100 12 1 1 1 100 1 10 12 1 1 10 100 12 1 1 1 10 12 1 10 7 12 1 1 1 9 100 12 1 1 1 10 100 12 1 1 1 11 7 12 1 1 1 10 12 1 1 10 7 12 1 1 1 100 1 10 10 12 1 1 8 1 10 12 1 8 1 10 12 1 9 12 1 1 8 1 10 7 12 1 1 1 10 12 1 1 100 1 8 1 10 9 12 1 1 8 1 10 12 1 1 10 100 12 1 1 1 8 1 10 12 1 100 1 10 12 1 8 1 10 12 1 10 12 1 1 100 1 10 12 10 12 1 9 12 1 1 9 12 1 1 10 7 12 1 1 1 10 7 12 1 1 1 10 12 1 1 10 12 1 10 12 1 10 7 12 1 1 1 10 12 1 100 1 100 1 8 1 10 12 1 10 12 1 1 7 1 10 12 1 100 1 8 1 10 10 12 1 100 1 8 1 10 8 1 10 7 12 1 1 8 1 10 12 100 1 8 1 10 10 12 1 1 10 7 12 1 1 1 100 1 18 12 1 100 1 9 100 12 1 1 1 10 12 1 100 1 10 12 1 1 10 12 1 1 10 7 12 1 1 1 10 12 1 1 10 12 1 10 12 1 10 12 1 1 10 12 1 7 1 10 12 1 10 12 1 100 1 10 12 1 10 7 12 1 1 1 100 1 8 1 10 9 12 1 9 12 1 10 12 1 10 100 12 1 1 10 12 1 10 12 1 1 8 1 10 12 1 1 8 1 11 12 1 10 12 11 12 1 1 11 7 12 1 1 1 11 7 12 1 1 11 12 1 1 7 1 11 12 1 10 12 1 8 1 10 12 1 1 8 1 8 1 8 1 8 1 11 12 1 10 12 1 10 12 1 10 12 1 10 7 12 1 1 8 1 7 1 9 7 12 1 1 1 10 12 1 7 1 9 12 10 9 12 7 1 10 12 8 1 10 12 1 1 8 1 10 7 12 1 1 10 12 1 10 7 12 1 1 1 10 12 1 1 10 7 12 1 1 1 10 12 10 7 12 1 1 1 9 12 1 1 100 1 8 1 10 12 1 1 10 7 12 1 1 1 7 1 10 12 1 1 8 1 10 8 1 8 1 8 1 8 1 10 10 7 12 1 1 10 12 1 1 10 12 1 1 10 12 1 1 10 12 1 10 100 12 1 1 1 10 100 1 8 1 10 10 10 12 1 1 10 12 1 1 8 1 10 12 1 8 1 10 12 1 10 12 1 1 7 1 10 10 12 1 10 12 1 9 12 1 1 1 3 1 3 1 1 1 1 1 1 1 1 1 1 1 1 100 1 1 7 1 1 1 1 1 1 1 1 1 1 1 100 1 100 1 1 1 1 1 1 1 1 1 1 1 1 1 1 1 1 1 1 1 1 1 1 1 1 1 1 1 1 1 1 1 1 1 1 1 1 1 1 1 1 1 1 1 1 1 1 1 1 1 1 1 1 1 1 1 1 1 1 100 1 1 1 1 1 1 1 1 1 1 1 1 1 1 1 1 1 1 1 1 1 1 1 1 1 1 1 1 1 1 1 1 1 100 1 1 15 10 100 12 1 1 1 16 15 10 12 1 1 16 15 10 12 16 1 1 1 1 1 1 1 100 1 100 1 1
staticfield java/lang/System in Ljava/io/InputStream; java/io/BufferedInputStream
staticfield java/lang/System out Ljava/io/PrintStream; java/io/PrintStream
staticfield java/lang/System err Ljava/io/PrintStream; java/io/PrintStream
instanceKlass net/bytebuddy/utility/dispatcher/JavaDispatcher$DynamicClassLoader
instanceKlass org/hibernate/boot/registry/classloading/internal/AggregatedClassLoader
instanceKlass org/springframework/core/DecoratingClassLoader
instanceKlass jdk/internal/reflect/DelegatingClassLoader
instanceKlass java/security/SecureClassLoader
ciInstanceKlass java/lang/ClassLoader 1 1 1098 9 7 12 1 1 1 10 7 12 1 1 1 9 12 1 1 10 7 12 1 1 1 7 1 10 12 1 1 10 12 1 1 9 12 1 1 10 12 1 1 100 1 10 12 1 10 12 1 1 10 7 12 1 1 1 100 1 8 1 10 12 1 10 7 12 1 1 1 10 100 12 1 10 7 1 10 7 1 7 1 7 1 10 12 1 10 12 1 9 12 1 1 10 10 7 12 1 1 1 9 12 1 1 9 12 1 9 12 1 1 9 12 1 9 12 1 1 9 12 1 1 7 1 10 12 1 9 12 1 1 10 12 1 1 10 7 12 1 1 1 9 12 1 9 12 1 1 9 12 1 10 12 1 1 9 12 10 12 1 1 7 1 10 8 1 10 12 1 1 10 12 1 10 7 1 7 1 10 12 1 1 10 7 12 1 1 1 8 1 10 12 1 10 12 1 10 12 1 1 10 12 1 1 10 12 1 1 10 12 1 1 10 12 1 1 10 12 1 7 1 10 12 1 10 7 12 1 1 1 10 12 1 1 10 12 1 10 12 1 10 12 1 10 12 1 10 12 1 1 10 10 12 1 10 12 1 10 100 12 1 1 10 12 1 1 10 12 1 1 10 12 1 100 1 10 12 1 100 1 10 12 1 10 100 12 1 1 1 10 10 12 1 1 10 12 1 1 100 1 8 1 10 8 1 10 12 1 10 12 1 100 1 8 1 10 12 1 1 10 12 1 1 10 10 12 1 1 10 12 1 1 10 12 1 1 10 7 1 10 12 1 1 10 12 1 1 10 12 1 1 10 12 1 1 10 12 1 1 10 12 1 1 10 12 1 10 7 12 1 1 1 10 12 1 10 12 1 10 12 1 1 10 12 1 10 12 1 10 12 1 10 12 1 1 10 12 1 10 12 1 1 8 1 9 12 1 10 12 1 1 8 1 8 1 10 7 12 1 1 100 1 10 10 12 10 12 1 10 12 1 10 12 1 10 12 1 1 10 7 12 1 1 10 12 1 10 7 1 7 1 10 12 1 1 10 12 1 10 7 1 10 12 1 100 1 18 12 1 10 100 12 1 1 1 10 100 12 1 1 1 10 7 12 1 1 10 12 1 1 10 12 1 10 12 1 1 7 1 10 12 1 10 12 1 1 10 7 12 1 1 10 12 1 8 1 100 1 10 10 12 1 9 12 1 10 7 12 1 1 10 12 1 100 1 8 1 10 12 1 10 8 1 8 1 10 12 1 1 10 12 1 1 10 12 1 1 10 100 12 1 1 1 100 1 100 1 10 12 1 1 100 1 100 1 10 100 12 1 1 10 12 1 10 12 1 1 10 12 1 10 12 1 1 10 12 1 1 9 100 12 1 1 1 10 12 1 1 10 12 1 10 12 1 10 12 1 1 10 12 1 8 1 10 12 1 7 1 18 12 1 1 10 12 1 1 10 12 1 10 12 1 10 12 1 8 1 10 12 1 10 12 1 18 12 1 11 100 12 1 1 1 100 1 10 12 1 1 10 12 1 10 11 12 1 1 10 18 10 12 1 1 11 100 12 1 18 12 1 11 12 1 1 10 12 10 12 1 1 10 12 1 1 7 1 8 1 10 10 12 1 8 1 8 1 10 7 12 1 1 10 12 1 100 1 10 10 12 1 8 1 8 1 8 1 10 12 1 10 12 1 1 10 12 1 10 100 12 1 1 1 11 100 12 1 1 100 1 10 11 10 12 1 10 12 1 10 12 1 1 9 100 12 1 1 9 12 1 1 9 12 9 12 1 9 12 1 9 12 1 8 10 12 1 1 10 7 12 1 1 1 10 12 1 1 10 12 1 1 10 12 1 10 10 12 1 11 12 1 1 10 100 12 1 1 1 100 1 10 12 1 10 12 1 10 12 1 1 1 1 1 1 1 1 1 1 1 1 1 1 1 1 1 1 1 1 1 1 1 1 1 1 1 1 100 1 1 1 1 1 1 1 1 1 1 1 1 1 1 1 1 1 1 1 1 1 100 1 1 1 1 1 1 1 1 1 1 7 1 1 1 1 1 1 1 1 1 1 1 1 1 1 1 1 1 1 1 1 1 1 1 1 1 1 1 1 1 1 1 1 1 1 1 1 1 1 1 1 1 100 1 1 1 1 1 1 1 1 1 1 1 1 1 1 1 1 1 1 100 1 1 1 1 1 1 1 1 1 1 1 1 1 1 1 1 1 1 1 1 1 1 1 1 1 1 1 1 1 1 1 1 1 1 1 1 1 1 1 1 1 1 1 1 1 1 1 1 1 1 1 100 1 1 1 1 1 1 1 1 1 1 1 1 1 1 1 1 1 1 1 1 1 1 1 1 1 1 1 1 1 1 1 1 1 1 1 1 1 1 1 1 1 1 1 1 1 1 15 10 7 12 1 1 1 16 1 15 10 12 16 1 16 15 10 12 16 1 16 1 15 10 12 16 15 10 12 16 15 10 12 16 1 1 100 1 100 1 1
staticfield java/lang/ClassLoader nocerts [Ljava/security/cert/Certificate; 0 [Ljava/security/cert/Certificate;
staticfield java/lang/ClassLoader $assertionsDisabled Z 1
ciInstanceKlass jdk/internal/reflect/DelegatingClassLoader 1 1 18 10 7 12 1 1 1 100 1 1 1 1 1 1 1 1 1 1
instanceKlass java/net/URLClassLoader
instanceKlass jdk/internal/loader/BuiltinClassLoader
ciInstanceKlass java/security/SecureClassLoader 1 1 102 10 7 12 1 1 1 7 1 10 12 1 9 7 12 1 1 1 10 12 1 10 12 1 10 12 1 1 10 12 1 1 10 12 1 7 1 10 7 1 10 12 1 7 1 10 12 1 11 7 12 1 1 1 7 1 11 12 1 10 12 1 1 1 1 1 1 1 1 1 1 1 1 1 1 1 1 1 1 1 1 1 1 1 1 1 1 1 1 1 1 1 1 1 1 1 1 100 1 1 1 1
instanceKlass jdk/internal/loader/ClassLoaders$BootClassLoader
instanceKlass jdk/internal/loader/ClassLoaders$PlatformClassLoader
instanceKlass jdk/internal/loader/ClassLoaders$AppClassLoader
ciInstanceKlass jdk/internal/loader/BuiltinClassLoader 1 1 737 9 7 12 1 1 1 10 7 12 1 1 1 10 7 12 1 1 1 9 12 1 1 9 12 1 1 7 1 10 12 1 9 12 1 10 12 1 9 12 1 10 7 12 1 1 1 10 7 12 1 1 1 10 7 12 1 1 1 11 7 12 1 1 1 100 1 100 1 10 10 12 1 1 8 1 10 12 1 10 12 7 1 10 12 1 10 12 1 1 11 7 12 1 1 1 11 7 12 1 1 1 11 12 1 1 7 1 8 1 8 1 10 9 12 1 1 10 7 12 1 1 11 12 1 1 10 12 1 1 10 12 1 1 10 12 1 1 10 7 12 1 1 1 10 12 1 10 100 12 1 1 1 10 12 1 1 11 7 12 1 1 1 10 7 12 1 1 100 1 10 7 12 1 1 1 10 12 1 7 1 8 1 10 12 1 1 10 8 1 10 12 1 1 10 12 1 1 10 12 1 1 11 7 12 1 1 11 12 1 7 1 10 11 12 1 1 11 10 12 1 1 7 1 10 12 1 10 7 12 1 10 12 1 7 1 10 12 1 10 7 12 1 1 1 100 1 10 12 1 1 11 12 1 7 1 100 1 10 12 1 10 12 1 1 100 1 100 1 10 12 1 10 12 1 18 12 1 1 10 12 1 10 12 1 1 18 100 1 10 7 12 1 1 1 7 1 10 10 12 1 1 10 12 1 1 10 12 1 1 10 12 1 9 12 1 1 100 1 10 10 12 1 1 10 12 1 1 10 12 1 10 12 10 12 1 1 10 12 1 1 10 12 1 1 10 12 1 10 12 1 1 18 12 1 7 1 10 12 1 1 10 12 1 10 12 1 1 10 12 1 100 1 10 12 1 7 1 10 12 1 10 7 12 1 1 1 10 12 1 11 12 1 7 1 10 12 1 7 1 100 1 10 12 1 10 12 1 11 12 1 1 10 12 1 1 10 12 1 1 10 12 1 1 10 12 1 1 10 12 1 10 12 1 10 12 1 10 12 1 8 1 10 12 1 1 10 7 12 1 1 10 12 1 100 1 8 1 8 1 10 10 12 1 8 1 8 1 10 7 12 1 1 1 11 7 12 1 1 1 9 7 12 1 1 1 10 7 12 1 1 1 9 12 1 9 12 1 9 12 1 9 12 1 9 12 1 9 12 1 10 7 12 1 1 1 8 1 10 12 1 7 1 10 12 1 1 10 12 1 7 1 10 11 12 1 1 10 12 10 12 1 10 12 1 100 1 10 12 1 10 12 1 10 10 12 1 10 7 12 1 1 8 1 10 7 12 1 1 10 12 1 1 1 1 1 1 1 1 1 1 1 1 1 1 1 1 1 1 1 1 1 1 1 1 1 1 1 1 1 1 1 1 1 1 1 1 1 1 1 1 1 1 1 1 1 1 1 1 1 1 1 1 1 1 1 1 100 1 1 1 1 1 1 1 1 1 1 1 1 1 1 1 1 1 1 100 1 100 1 1 1 1 1 1 1 1 1 1 1 1 1 1 1 1 1 1 1 1 1 1 1 1 1 1 1 1 1 1 1 1 1 1 1 1 1 1 1 1 1 1 1 1 1 1 1 1 1 1 1 100 1 1 15 10 100 12 1 1 1 16 15 10 12 16 15 10 12 16 15 10 12 16 1 1 1 100 1 1 1 1 1 100 1 100 1 1
staticfield jdk/internal/loader/BuiltinClassLoader packageToModule Ljava/util/Map; java/util/concurrent/ConcurrentHashMap
staticfield jdk/internal/loader/BuiltinClassLoader $assertionsDisabled Z 1
ciInstanceKlass java/security/AccessController 1 1 295 10 100 12 1 1 1 10 7 12 1 1 1 10 7 12 1 1 1 10 12 1 1 10 12 1 1 10 7 12 1 1 1 10 12 1 1 10 12 1 10 12 1 1 10 12 1 100 1 8 1 10 12 1 10 12 1 10 12 1 1 10 12 1 100 1 100 1 10 12 1 1 10 12 1 10 12 1 10 12 1 1 10 7 12 1 1 1 10 12 1 1 9 100 12 1 1 1 10 100 12 1 1 1 10 12 1 10 12 1 9 100 12 1 1 1 10 12 1 10 12 1 1 9 12 1 1 10 100 1 10 11 7 12 1 1 1 10 7 12 1 1 11 7 1 100 1 10 12 1 10 12 1 10 12 1 8 1 10 12 1 1 8 1 10 100 12 1 1 1 8 1 100 1 10 10 12 1 1 10 12 1 10 7 12 1 1 1 10 12 1 8 1 10 100 12 1 1 8 1 8 1 10 12 1 8 1 10 12 1 10 12 1 1 10 12 1 1 1 1 1 1 1 1 1 1 1 1 1 1 1 1 1 1 1 1 1 1 1 1 1 1 1 1 100 1 1 1 1 1 1 1 1 1 1 1 1 1 1 1 1 1 1 1 1 1 1 1 1 1 1 1 1 1 1 1 1 1 1 100 1 100 1 1 1 1 1 1 1 1 1 3 1 1 1
staticfield java/security/AccessController $assertionsDisabled Z 1
instanceKlass jdk/internal/reflect/GeneratedConstructorAccessor37
instanceKlass jdk/internal/reflect/GeneratedConstructorAccessor36
instanceKlass jdk/internal/reflect/GeneratedConstructorAccessor35
instanceKlass jdk/internal/reflect/GeneratedConstructorAccessor34
instanceKlass jdk/internal/reflect/GeneratedConstructorAccessor33
instanceKlass jdk/internal/reflect/GeneratedConstructorAccessor32
instanceKlass jdk/internal/reflect/GeneratedConstructorAccessor31
instanceKlass jdk/internal/reflect/GeneratedConstructorAccessor30
instanceKlass jdk/internal/reflect/GeneratedConstructorAccessor29
instanceKlass jdk/internal/reflect/GeneratedConstructorAccessor28
instanceKlass jdk/internal/reflect/GeneratedConstructorAccessor27
instanceKlass jdk/internal/reflect/GeneratedConstructorAccessor26
instanceKlass jdk/internal/reflect/GeneratedConstructorAccessor25
instanceKlass jdk/internal/reflect/GeneratedConstructorAccessor24
instanceKlass jdk/internal/reflect/GeneratedConstructorAccessor23
instanceKlass jdk/internal/reflect/GeneratedConstructorAccessor22
instanceKlass jdk/internal/reflect/GeneratedConstructorAccessor21
instanceKlass jdk/internal/reflect/GeneratedConstructorAccessor20
instanceKlass jdk/internal/reflect/GeneratedConstructorAccessor19
instanceKlass jdk/internal/reflect/GeneratedConstructorAccessor18
instanceKlass jdk/internal/reflect/GeneratedConstructorAccessor17
instanceKlass jdk/internal/reflect/GeneratedConstructorAccessor16
instanceKlass jdk/internal/reflect/GeneratedConstructorAccessor15
instanceKlass jdk/internal/reflect/GeneratedConstructorAccessor14
instanceKlass jdk/internal/reflect/GeneratedConstructorAccessor13
instanceKlass jdk/internal/reflect/GeneratedConstructorAccessor12
instanceKlass jdk/internal/reflect/GeneratedConstructorAccessor11
instanceKlass jdk/internal/reflect/GeneratedConstructorAccessor10
instanceKlass jdk/internal/reflect/GeneratedConstructorAccessor9
instanceKlass jdk/internal/reflect/GeneratedConstructorAccessor8
instanceKlass jdk/internal/reflect/GeneratedConstructorAccessor7
instanceKlass jdk/internal/reflect/GeneratedConstructorAccessor6
instanceKlass jdk/internal/reflect/GeneratedConstructorAccessor5
instanceKlass jdk/internal/reflect/GeneratedConstructorAccessor4
instanceKlass jdk/internal/reflect/GeneratedConstructorAccessor3
instanceKlass jdk/internal/reflect/GeneratedConstructorAccessor2
instanceKlass jdk/internal/reflect/BootstrapConstructorAccessorImpl
instanceKlass jdk/internal/reflect/GeneratedConstructorAccessor1
instanceKlass jdk/internal/reflect/DelegatingConstructorAccessorImpl
instanceKlass jdk/internal/reflect/NativeConstructorAccessorImpl
ciInstanceKlass jdk/internal/reflect/ConstructorAccessorImpl 1 1 27 10 7 12 1 1 1 100 1 100 1 1 1 1 1 1 1 1 1 100 1 100 1 100 1 1 1
instanceKlass jdk/internal/reflect/FieldAccessorImpl
instanceKlass jdk/internal/reflect/ConstructorAccessorImpl
instanceKlass jdk/internal/reflect/MethodAccessorImpl
ciInstanceKlass jdk/internal/reflect/MagicAccessorImpl 1 1 16 10 7 12 1 1 1 100 1 1 1 1 1 1 1 1
instanceKlass jdk/internal/reflect/GeneratedMethodAccessor2
instanceKlass jdk/internal/reflect/GeneratedMethodAccessor1
instanceKlass jdk/internal/reflect/DelegatingMethodAccessorImpl
instanceKlass jdk/internal/reflect/NativeMethodAccessorImpl
ciInstanceKlass jdk/internal/reflect/MethodAccessorImpl 1 1 25 10 7 12 1 1 1 100 1 100 1 1 1 1 1 1 1 1 1 100 1 100 1 1 1
ciInstanceKlass java/lang/Module 1 1 959 10 7 12 1 1 1 9 7 12 1 1 1 10 7 12 1 1 1 9 12 1 9 12 1 1 9 12 1 1 10 12 1 1 10 12 1 10 12 1 1 10 7 12 1 1 1 7 1 10 7 12 1 1 1 10 12 1 1 11 7 12 1 1 1 10 12 1 1 10 7 12 1 1 1 10 12 1 1 10 7 12 1 1 1 9 100 12 1 1 1 10 100 12 1 1 1 10 12 1 8 1 10 7 12 1 1 1 10 7 12 1 1 1 9 12 1 1 9 12 1 1 10 12 1 9 12 1 1 11 12 1 9 7 12 1 1 10 7 12 1 1 1 10 100 12 1 1 1 10 12 1 1 100 1 100 1 10 10 12 1 1 8 1 10 12 1 10 12 10 12 1 10 12 1 1 10 12 1 1 10 12 1 1 9 7 12 1 1 1 10 12 1 1 10 12 1 1 9 12 1 10 12 1 10 12 1 9 12 1 1 11 7 12 1 1 10 12 1 1 9 12 1 9 12 1 10 12 1 10 12 1 100 1 8 1 10 10 12 1 1 10 12 1 8 1 10 12 1 1 8 1 8 1 10 12 1 1 10 12 1 10 12 1 1 18 12 1 1 10 12 1 1 11 12 1 9 12 1 11 12 10 100 12 1 1 100 1 8 1 10 7 1 11 12 1 1 10 12 1 10 12 1 10 12 1 1 11 12 1 1 11 7 12 1 1 11 12 1 1 9 12 1 11 12 1 10 12 1 1 10 12 1 1 9 12 1 10 12 10 7 12 1 1 10 7 12 1 1 10 7 1 18 12 1 1 11 100 12 1 1 1 18 12 1 11 12 1 1 10 100 12 1 1 1 11 12 1 1 10 7 12 1 1 4 7 1 11 12 1 7 1 7 1 10 10 7 12 1 1 1 10 11 7 12 1 8 1 10 10 12 1 1 10 7 12 1 1 10 12 1 10 12 1 7 1 10 12 1 10 11 12 1 1 10 12 10 12 1 1 9 12 1 100 1 10 10 12 1 1 11 100 1 10 12 1 1 11 12 1 10 10 12 1 11 10 12 1 1 10 12 1 1 10 12 1 1 10 7 12 1 1 10 12 1 10 12 1 1 10 10 12 1 1 10 12 1 18 12 1 11 12 1 18 12 1 10 12 1 10 12 1 10 12 7 1 10 12 1 10 12 1 10 12 1 9 12 1 7 1 10 10 10 10 12 1 10 12 1 10 12 1 10 12 1 1 10 12 1 1 10 12 1 9 12 1 18 12 1 1 10 100 12 1 1 1 100 1 8 1 10 12 1 1 10 12 1 1 10 100 12 1 1 100 1 10 12 1 1 100 1 8 1 100 1 10 100 1 100 1 3 10 12 1 100 1 10 12 1 10 12 1 1 10 12 1 1 100 1 10 12 1 10 12 1 1 100 1 100 1 10 12 8 1 10 12 1 1 10 12 1 1 10 100 12 1 1 10 12 1 1 10 12 1 10 12 10 12 1 1 100 1 10 10 12 1 1 10 100 12 1 1 1 100 1 8 1 10 12 1 1 10 100 12 1 1 8 1 10 12 1 8 1 10 12 1 10 12 10 12 1 8 1 10 10 100 12 1 1 7 1 10 10 12 1 10 7 12 1 1 9 12 1 9 12 1 9 12 1 9 12 1 10 12 11 12 1 10 12 1 100 1 1 1 1 1 1 1 1 1 1 1 1 1 1 1 1 100 1 1 1 1 1 1 1 1 1 1 1 1 1 1 1 1 1 1 1 1 1 1 1 1 1 1 1 1 1 1 1 1 1 1 1 1 1 1 1 1 1 1 1 1 1 1 1 1 1 1 1 1 1 1 1 1 1 1 1 1 1 1 1 1 1 1 1 1 1 1 1 1 1 1 1 1 1 1 1 1 1 1 1 100 100 1 1 1 1 1 1 1 1 1 1 1 1 1 1 1 1 1 1 1 1 1 1 1 1 1 1 1 1 1 1 1 1 1 1 100 1 100 1 7 1 1 1 1 1 1 1 1 1 1 1 1 1 1 1 1 1 1 1 1 1 1 1 1 1 1 1 1 15 10 7 12 1 1 1 16 15 10 12 16 16 15 10 12 16 16 15 10 16 1 15 10 12 16 1 15 10 12 16 1 16 15 10 12 16 1 1 1 1 1 1 1 100 1 100 1 1
staticfield java/lang/Module ALL_UNNAMED_MODULE Ljava/lang/Module; java/lang/Module
staticfield java/lang/Module ALL_UNNAMED_MODULE_SET Ljava/util/Set; java/util/ImmutableCollections$Set12
staticfield java/lang/Module EVERYONE_MODULE Ljava/lang/Module; java/lang/Module
staticfield java/lang/Module EVERYONE_SET Ljava/util/Set; java/util/ImmutableCollections$Set12
staticfield java/lang/Module $assertionsDisabled Z 1
instanceKlass org/springframework/beans/factory/support/ManagedList
ciInstanceKlass java/util/ArrayList 1 1 492 10 7 12 1 1 1 7 1 9 7 12 1 1 1 9 12 1 100 1 100 1 10 8 1 10 12 1 1 10 12 1 10 12 1 1 10 12 1 9 12 1 11 7 12 1 1 1 9 12 1 1 10 12 1 1 7 10 7 12 1 1 1 9 12 1 10 12 1 10 12 1 1 10 7 12 1 1 1 10 7 12 1 1 1 10 12 1 1 10 12 1 1 10 12 1 1 10 12 1 10 12 1 1 100 1 100 1 10 12 1 10 7 12 1 1 1 10 7 12 1 1 10 12 1 10 12 10 12 1 1 10 12 1 1 10 12 1 1 100 1 10 12 1 1 10 12 1 1 10 12 1 100 1 10 11 12 1 1 11 100 12 1 1 1 11 12 1 10 12 1 10 12 1 10 12 1 1 100 1 10 12 1 1 10 10 12 1 1 10 12 1 8 1 8 1 8 1 8 1 10 12 1 1 10 12 1 1 11 12 1 100 1 10 100 12 1 1 10 12 1 10 12 1 1 10 100 12 1 1 10 12 1 10 100 12 1 1 1 11 100 12 1 1 1 10 12 1 100 1 8 1 10 100 1 10 12 1 7 1 10 12 1 10 12 1 1 7 1 10 12 1 10 12 1 1 11 7 12 1 1 7 1 10 12 1 10 12 1 1 11 7 12 1 1 10 12 1 1 10 12 1 1 10 12 1 1 10 12 1 1 11 100 12 1 1 10 12 1 1 100 1 100 1 100 1 1 1 1 5 0 1 3 1 1 1 1 1 1 1 1 1 1 1 1 1 1 1 1 1 1 1 1 1 1 1 1 1 1 1 1 1 1 1 1 1 1 1 1 1 1 1 1 1 1 1 1 1 1 1 1 1 1 1 1 1 1 1 1 1 1 1 1 1 1 1 1 1 1 1 1 1 1 1 1 1 1 1 1 1 1 1 1 1 1 1 1 1 1 1 1 1 1 1 1 1 1 1 1 100 1 1 1 1 100 1 1 1 1 1 1 1 1 1 1 1 1 1 1 1 1 1 1 1 1 1 1 1 1 1 1 1 1 1 100 1 1 1 1 1 1 1 1 1 1 1 1 1 1 1 1 1 1 100 1 100 1 1 1 1 1 1
staticfield java/util/ArrayList EMPTY_ELEMENTDATA [Ljava/lang/Object; 0 [Ljava/lang/Object;
staticfield java/util/ArrayList DEFAULTCAPACITY_EMPTY_ELEMENTDATA [Ljava/lang/Object; 0 [Ljava/lang/Object;
ciInstanceKlass java/util/concurrent/ConcurrentHashMap 1 1 1210 7 1 7 1 3 10 12 1 1 3 100 1 10 7 12 1 1 1 100 1 10 100 12 1 1 1 100 1 11 12 1 1 11 12 1 11 12 1 1 9 12 1 1 9 12 1 1 9 12 1 10 7 12 1 1 1 7 1 10 12 1 1 10 12 1 1 10 7 12 1 1 1 4 10 12 1 9 12 1 10 12 1 1 100 1 10 5 0 10 12 1 10 12 1 1 5 0 10 12 1 1 10 12 1 9 12 1 1 10 12 1 1 9 12 1 9 12 1 1 10 12 1 1 9 12 1 10 12 1 1 9 12 1 1 10 12 1 1 100 1 10 7 1 10 12 1 10 12 1 1 10 12 1 1 10 12 1 1 10 12 1 10 12 1 1 10 12 1 1 100 1 10 12 1 1 7 1 100 1 8 1 10 12 1 10 12 1 1 10 12 1 1 11 7 12 1 1 10 12 1 1 11 12 1 1 11 7 12 1 1 1 11 7 12 1 1 1 11 12 1 7 1 11 12 1 11 12 1 10 12 1 1 10 12 1 1 9 12 1 1 10 100 12 1 1 1 9 10 12 1 1 9 12 1 10 12 1 1 5 0 9 12 1 1 7 1 10 12 1 9 12 1 1 7 1 10 12 1 9 12 1 7 1 10 100 1 10 10 12 1 1 8 1 10 12 1 10 12 1 1 11 100 1 10 12 1 10 100 12 1 1 1 8 1 10 100 12 1 1 1 8 1 10 12 1 8 1 10 12 1 10 12 1 1 10 100 12 1 1 10 12 1 10 12 1 10 12 1 9 12 1 9 10 12 1 9 12 1 1 11 7 12 1 1 1 11 7 12 1 1 1 100 1 10 12 11 100 12 1 1 10 11 7 12 1 10 12 1 100 1 10 12 1 7 1 10 10 9 7 12 1 1 1 10 12 3 10 100 12 1 1 9 12 1 10 12 1 1 9 12 1 1 9 12 1 10 12 1 1 10 7 12 1 1 9 12 1 9 7 12 1 1 10 12 1 1 10 12 1 3 9 12 1 9 12 1 10 12 1 1 7 1 9 3 9 12 1 100 1 10 12 1 9 12 1 10 12 1 9 12 1 10 12 1 9 12 1 10 100 12 1 1 1 100 10 12 1 100 1 5 0 10 100 12 1 1 100 1 10 12 1 1 10 12 1 10 12 1 100 1 10 12 1 10 100 1 100 1 10 10 12 1 10 100 1 10 12 1 10 100 1 10 12 1 10 100 1 10 12 1 1 100 1 10 12 1 10 10 12 1 100 1 10 12 1 10 10 12 1 100 1 10 12 1 10 100 1 10 12 1 10 100 1 10 12 1 10 100 1 10 12 1 10 100 1 10 12 1 10 100 1 10 12 1 10 100 1 10 12 1 10 100 1 10 12 1 10 100 1 10 10 100 1 10 10 100 1 10 10 100 1 10 12 1 10 100 1 10 12 1 10 100 1 10 12 1 10 100 1 10 12 1 10 100 1 10 12 1 10 100 1 10 10 100 1 10 10 100 1 10 10 100 1 10 12 1 10 100 1 10 12 1 10 100 1 10 12 1 10 100 1 10 12 1 10 100 1 10 12 1 10 10 12 1 10 7 12 1 1 1 10 12 1 7 1 7 1 10 12 1 9 12 1 1 9 12 1 1 10 12 1 1 8 10 12 1 1 8 8 8 8 7 10 12 1 1 10 12 1 100 1 8 1 10 7 1 100 1 100 1 1 1 5 0 1 1 3 1 3 1 1 1 1 3 1 3 1 3 1 1 1 1 1 3 1 3 1 3 1 1 1 1 1 1 1 1 1 1 1 1 1 1 1 1 1 1 1 1 1 1 1 1 1 100 1 1 1 1 1 1 1 1 1 1 1 1 1 1 1 1 1 1 1 1 1 1 1 1 1 1 1 1 1 1 1 1 1 1 1 1 1 1 1 1 1 1 1 1 1 1 1 1 1 1 1 1 1 1 1 1 1 1 1 1 1 1 1 1 1 1 1 1 1 1 1 1 1 1 1 1 1 1 1 1 1 1 1 1 100 1 1 1 1 1 1 1 1 1 1 1 100 1 1 1 1 1 1 1 1 1 1 1 1 1 1 1 1 1 1 1 1 1 1 1 1 1 1 1 1 1 1 1 1 1 1 1 1 1 1 1 1 1 1 1 1 1 1 1 1 1 1 1 1 1 1 1 1 1 1 1 1 1 1 1 1 1 1 1 1 1 1 1 1 1 1 1 1 1 1 1 1 1 1 1 1 1 1 1 1 1 1 1 1 1 1 1 1 1 1 1 1 1 1 1 1 1 1 1 1 1 1 1 1 1 1 1 1 1 1 1 1 1 1 1 1 1 1 1 1 1 1 1 1 1 1 1 1 1 1 1 1 1 1 1 1 1 1 1 1 1 1 1 1 1 1 1 1 1 1 1 1 1 1 1 1 1 1 1 1 1 1 1 1 1 1 1 1 1 1 1 1 1 1 1 1 1 1 1 1 1 1 1 1 1 1 1 1 1 1 1 1 1 1 1 1 1 1 1 1 1 1 1 1 1 1 1 1 1 1 1 1 1 1 1 100 1 100 1 100 1 100 1 100 1 100 1 100 1 100 1 100 1 1 1 1 1 1 1 1 1 1 1 1 1 1 1 1 1 1 1 1 1 1 1 1 1 1 1 1 1 1 1 1 1 1 1 1 1 1 1 1 1 1 1 1 1 1 1 1 1 1 1 1 1 1 1 1 1 1
staticfield java/util/concurrent/ConcurrentHashMap NCPU I 8
staticfield java/util/concurrent/ConcurrentHashMap serialPersistentFields [Ljava/io/ObjectStreamField; 3 [Ljava/io/ObjectStreamField;
staticfield java/util/concurrent/ConcurrentHashMap U Ljdk/internal/misc/Unsafe; jdk/internal/misc/Unsafe
staticfield java/util/concurrent/ConcurrentHashMap SIZECTL J 20
staticfield java/util/concurrent/ConcurrentHashMap TRANSFERINDEX J 32
staticfield java/util/concurrent/ConcurrentHashMap BASECOUNT J 24
staticfield java/util/concurrent/ConcurrentHashMap CELLSBUSY J 36
staticfield java/util/concurrent/ConcurrentHashMap CELLVALUE J 144
staticfield java/util/concurrent/ConcurrentHashMap ABASE I 16
staticfield java/util/concurrent/ConcurrentHashMap ASHIFT I 2
ciInstanceKlass java/lang/String 1 1 1396 10 7 12 1 1 1 8 1 9 7 12 1 1 1 9 12 1 1 9 12 1 1 10 12 1 10 12 1 1 10 12 1 1 9 12 1 1 10 7 12 1 1 1 10 7 1 10 7 12 1 1 1 10 12 1 1 10 12 1 1 10 12 1 10 12 1 1 10 12 1 10 7 12 1 1 1 9 7 12 1 1 1 10 7 12 1 1 1 10 12 1 1 10 12 1 1 10 12 1 1 10 12 1 1 10 12 1 1 9 100 12 1 1 10 12 9 100 12 1 1 3 10 7 12 1 1 1 100 1 11 12 1 1 11 12 1 11 12 1 1 10 100 12 1 1 1 10 12 1 1 9 100 12 1 1 1 10 12 1 1 10 12 1 11 12 1 1 10 12 1 1 10 12 10 12 1 1 10 100 12 1 1 1 10 7 12 1 1 1 10 12 1 1 7 1 100 1 10 12 1 10 12 1 10 12 1 1 100 1 10 12 1 1 100 1 10 12 1 1 10 12 1 1 10 10 12 1 100 1 100 1 7 1 10 12 1 10 12 1 1 10 12 1 1 10 12 1 10 12 1 1 10 12 1 1 10 100 12 1 1 100 1 11 11 12 1 11 12 1 10 12 1 1 10 12 1 10 12 10 12 1 1 10 10 100 12 1 1 1 10 100 12 1 1 10 12 1 1 10 100 12 1 1 10 12 1 10 12 1 1 10 12 1 1 10 12 1 10 12 1 10 12 1 1 100 1 10 12 1 1 10 12 10 12 1 10 12 1 1 10 100 12 1 1 1 10 12 1 10 12 1 1 10 12 1 10 12 1 3 3 10 12 1 10 12 1 1 10 12 1 1 10 12 1 1 10 12 1 10 12 1 1 10 12 1 1 10 12 1 10 12 1 10 12 1 10 12 1 1 10 12 1 10 12 1 10 12 1 10 12 1 10 12 1 10 12 1 10 100 1 10 8 1 10 12 1 1 10 12 1 8 1 10 12 1 1 10 12 10 12 1 8 1 10 10 12 1 1 10 12 1 1 10 12 1 10 12 1 1 10 12 10 100 1 10 10 12 1 10 12 1 10 12 1 10 10 12 1 10 12 1 1 10 12 1 100 1 10 10 12 1 100 1 10 10 12 1 10 12 1 1 10 12 1 10 12 1 1 10 10 12 1 1 10 100 1 10 10 12 1 10 12 1 1 10 12 1 1 10 100 1 10 12 1 10 12 1 10 12 1 10 12 1 1 10 12 1 11 7 1 11 12 10 12 1 10 12 1 1 10 12 1 1 10 10 12 1 10 12 1 9 12 1 1 11 7 12 1 1 1 10 10 12 1 10 12 1 1 10 10 12 1 10 12 1 10 12 1 1 9 12 1 10 12 1 1 10 10 12 1 1 10 12 10 10 12 1 10 12 10 10 12 10 10 12 1 10 12 1 10 12 10 10 12 10 12 1 10 12 10 12 10 10 12 1 10 12 1 1 10 12 1 10 10 12 1 10 7 12 1 1 1 10 12 1 1 10 10 7 12 1 1 1 11 10 12 1 10 12 1 1 10 12 1 1 10 7 12 1 1 1 10 12 1 10 10 12 1 10 12 1 10 12 1 10 100 12 1 1 10 12 1 100 1 100 1 8 1 10 10 10 12 1 8 1 10 12 1 3 3 7 1 10 10 12 1 10 12 1 10 12 1 1 10 12 1 1 11 7 12 1 1 1 7 1 10 12 1 1 10 12 1 10 12 1 1 10 12 1 1 8 1 10 12 1 1 10 12 1 11 7 12 1 1 1 11 7 12 1 1 11 12 1 1 10 12 1 10 12 1 1 10 10 7 12 1 1 1 10 12 1 10 12 1 10 10 12 10 12 1 1 10 10 12 1 10 10 12 1 10 10 12 1 10 10 12 1 10 12 1 1 10 10 12 1 8 1 10 12 1 1 18 12 1 1 11 100 12 1 1 1 7 1 3 18 12 1 18 12 1 8 1 10 100 12 1 1 1 11 12 1 1 10 12 10 10 12 1 10 11 12 1 1 10 12 1 1 11 12 1 18 3 11 10 12 1 11 11 10 12 1 10 12 1 1 8 1 10 12 1 10 12 1 10 12 1 1 10 10 12 1 11 100 12 1 7 1 100 1 10 12 1 7 1 10 10 7 12 1 1 1 100 1 10 7 1 10 10 12 1 10 10 12 1 8 1 10 10 12 1 8 1 8 1 10 12 1 10 12 1 10 10 12 10 7 12 1 1 10 100 12 1 1 10 100 12 1 1 8 1 10 12 1 10 12 1 1 10 10 12 8 1 8 1 10 8 1 8 1 8 1 8 1 10 12 1 10 12 1 8 1 10 100 12 1 1 1 10 12 10 12 1 1 10 12 10 10 12 10 12 7 1 9 12 1 1 7 1 10 100 1 100 1 100 1 100 1 1 1 1 1 1 5 0 1 1 1 1 1 3 1 3 1 1 1 1 1 1 1 1 1 1 1 1 1 1 1 100 1 1 1 100 1 1 1 1 1 1 1 1 1 1 1 1 1 1 1 1 1 1 1 1 1 1 1 1 1 1 1 100 1 1 1 1 1 1 1 1 1 100 1 1 1 1 1 1 1 1 1 1 1 1 1 1 1 1 1 1 1 1 1 1 1 1 1 1 1 1 1 1 1 1 1 1 1 1 1 1 1 1 1 1 1 1 1 1 1 1 1 1 1 1 1 1 1 1 1 1 1 1 1 1 1 1 1 1 1 1 1 1 1 1 1 1 1 1 1 1 1 1 1 1 1 1 1 1 1 1 1 1 1 1 1 1 1 1 1 1 1 1 1 1 1 1 1 1 1 1 1 1 1 1 1 1 1 1 1 1 1 1 1 1 1 1 1 1 1 1 1 1 1 1 1 1 1 1 1 1 1 1 1 1 1 1 1 1 1 1 1 1 1 1 1 1 1 1 1 1 1 1 1 1 1 1 1 1 1 1 1 100 1 1 1 1 1 1 1 1 1 1 1 1 1 1 1 1 1 1 1 1 1 1 1 1 100 1 1 1 1 1 1 1 1 1 1 1 1 1 7 1 1 1 1 1 1 1 1 1 1 1 1 1 1 1 15 10 100 12 1 1 1 16 15 10 12 16 15 10 12 15 10 12 15 10 12 1 1 1 1 100 1 100 1 1 1
staticfield java/lang/String COMPACT_STRINGS Z 1
staticfield java/lang/String serialPersistentFields [Ljava/io/ObjectStreamField; 0 [Ljava/io/ObjectStreamField;
staticfield java/lang/String CASE_INSENSITIVE_ORDER Ljava/util/Comparator; java/lang/String$CaseInsensitiveComparator
ciInstanceKlass java/security/ProtectionDomain 1 1 324 10 7 12 1 1 1 9 7 12 1 1 1 7 1 10 9 12 1 1 9 12 1 1 9 12 1 1 10 7 12 1 1 7 1 9 12 1 9 12 1 1 7 1 9 12 1 1 9 12 1 10 7 12 1 1 10 7 12 1 1 1 10 12 1 1 10 12 1 9 12 1 9 100 12 1 1 10 12 1 1 10 100 1 10 12 1 1 8 1 100 1 8 1 10 12 1 10 10 100 12 1 1 1 10 12 1 1 8 1 11 8 1 10 12 1 8 1 8 1 10 12 1 1 10 12 1 10 12 1 1 10 12 1 8 1 10 12 1 8 1 8 1 10 100 12 1 1 1 9 100 12 1 1 1 10 12 1 1 9 100 12 1 1 1 10 100 12 1 1 1 100 1 100 1 10 12 1 10 100 12 1 1 1 10 100 1 10 12 1 10 12 1 1 11 100 12 1 1 11 12 1 100 1 11 100 12 1 1 1 10 12 1 10 11 12 1 1 11 12 1 1 10 12 1 10 7 12 1 1 10 100 12 1 1 11 12 1 10 12 8 1 8 1 10 7 12 1 1 1 7 1 10 10 7 12 1 1 1 1 1 1 1 1 1 1 100 1 1 100 1 1 1 1 1 1 1 1 1 1 1 1 1 1 1 1 1 1 1 1 1 1 1 1 1 1 1 1 1 1 1 1 1 1 1 1 1 1 1 1 1 1 100 1 1 1 1 1 100 1 1 1 1 1
staticfield java/security/ProtectionDomain filePermCompatInPD Z 0
ciInstanceKlass java/security/CodeSource 1 1 395 10 7 12 1 1 1 9 7 12 1 1 1 9 12 1 1 9 12 1 1 9 12 1 1 10 7 12 1 1 1 9 12 1 1 10 100 12 1 1 10 100 10 7 12 1 1 1 10 100 12 1 1 1 10 12 1 1 100 1 10 10 100 12 1 1 1 10 100 12 1 1 1 10 12 1 1 10 12 1 100 1 10 12 1 1 10 12 1 1 10 12 1 1 10 12 1 10 10 10 12 1 1 10 7 12 1 1 1 10 12 1 10 12 1 10 12 1 8 1 10 12 1 10 12 1 10 12 1 1 10 12 1 8 1 10 12 1 1 10 100 1 10 10 12 1 1 8 1 10 12 1 10 12 1 10 12 1 8 1 8 1 9 12 1 1 100 1 8 1 10 12 1 10 12 1 1 8 1 10 12 1 8 1 8 1 8 1 10 100 12 1 1 10 12 1 1 10 12 1 10 12 1 1 10 12 1 1 10 12 1 1 100 1 100 1 10 12 1 10 12 10 12 1 1 10 100 12 1 1 10 12 1 100 1 10 12 10 8 1 10 12 1 10 12 1 10 12 1 1 100 1 10 12 1 1 100 1 100 1 8 1 8 1 10 10 12 1 1 10 100 12 1 1 1 100 1 10 12 10 12 1 1 11 100 12 1 1 10 10 12 1 11 10 12 1 8 1 100 1 10 12 1 10 12 1 1 10 12 1 11 12 1 1 11 100 1 1 1 1 5 0 1 1 1 1 1 1 1 1 1 1 1 1 1 1 1 1 1 1 1 1 1 1 1 1 1 1 1 1 1 1 1 1 1 1 1 1 1 1 1 1 1 1 1 1 1 1 1 1 1 1 1 1 1 1 1 1 1 1 1 1 1 1 1 1 1 100 1 1 1 1 1 1 1
ciInstanceKlass java/lang/StringBuilder 1 1 409 10 7 12 1 1 1 10 12 1 10 12 1 10 12 1 1 10 7 12 1 1 1 10 7 12 1 1 1 10 12 1 10 12 1 10 12 1 10 12 1 10 12 1 10 12 1 10 12 1 10 12 1 10 12 1 10 12 1 10 12 1 10 12 1 10 12 1 10 12 1 1 10 12 1 10 12 1 1 10 12 1 1 10 12 1 10 12 1 10 12 1 10 12 1 10 12 1 10 12 1 10 12 1 10 12 10 12 1 10 12 1 10 12 1 10 12 1 1 10 12 1 10 12 1 10 12 10 12 1 1 10 12 1 1 9 12 1 1 9 12 1 1 10 7 12 1 1 1 10 7 1 10 100 12 1 1 1 10 12 1 10 12 1 1 10 12 1 1 10 10 12 1 1 10 100 12 1 1 10 12 1 10 12 1 1 100 1 100 1 8 1 10 10 12 1 1 10 12 1 1 10 12 1 10 12 1 10 12 1 10 12 1 10 12 1 10 12 1 10 12 1 10 12 1 10 12 1 10 12 1 10 12 1 10 12 1 10 12 1 10 12 1 10 12 1 1 10 12 1 1 10 12 1 10 12 1 10 12 1 10 12 10 12 10 12 1 10 12 1 10 12 1 10 12 10 12 1 10 12 1 10 12 1 10 12 1 10 12 1 10 12 1 10 12 1 10 12 1 10 12 1 1 10 12 1 10 12 1 1 10 12 1 10 12 1 1 10 12 1 10 12 1 1 10 12 1 10 12 1 10 12 1 10 10 12 1 10 12 1 100 1 100 1 100 1 1 1 1 5 0 1 1 1 1 1 1 1 1 1 1 1 1 1 1 1 1 1 1 1 1 1 1 1 1 1 1 1 1 1 1 1 1 1 1 1 1 1 1 1 1 1 1 1 100 1 1 1 100 1 1 1 1 1 1 1 1 1 1
ciInstanceKlass jdk/internal/reflect/Reflection 1 1 376 10 100 12 1 1 1 10 7 12 1 1 1 10 12 1 1 10 7 12 1 1 1 10 100 12 1 1 1 11 100 12 1 1 1 100 1 100 1 10 8 1 10 12 1 1 10 12 1 10 12 1 1 10 12 1 10 7 12 1 1 1 10 12 1 1 10 12 1 1 10 7 12 1 1 1 10 12 1 1 10 12 1 10 12 1 10 12 1 10 12 1 10 12 1 10 7 12 1 1 1 10 12 1 10 12 1 1 10 12 1 1 10 12 1 1 9 12 1 1 10 12 1 1 9 12 1 11 7 12 1 1 100 1 8 1 10 7 1 10 12 1 11 7 12 1 1 1 11 12 1 1 10 12 1 1 7 1 7 1 10 12 1 8 1 11 12 1 1 10 100 12 1 1 1 100 1 11 100 12 1 1 10 7 12 1 1 10 7 12 1 1 1 7 1 10 12 1 1 10 12 1 1 11 100 12 1 1 1 10 12 1 8 1 10 12 1 1 8 1 8 1 8 1 8 1 8 1 10 12 1 8 1 8 1 8 1 8 1 100 1 10 8 1 11 12 1 1 9 12 1 1 7 1 8 1 8 1 11 12 1 7 1 7 1 7 1 7 1 8 1 11 12 1 11 12 1 1 1 1 1 1 1 1 1 1 1 1 1 1 1 1 1 1 1 1 1 1 1 1 1 1 1 1 1 1 1 1 1 1 1 1 1 1 1 1 1 1 1 1 1 1 1 1 1 1 1 1 1 1 1 1 1 1 1 1 1 1 1 1 1 1 1 1 1 1 1 1 1 1 1 1 1 1 1 1 1 1 1 1 1 1 1 1 1 1 1 1 1 100 1 1 1 1 1 1
staticfield jdk/internal/reflect/Reflection ALL_MEMBERS Ljava/util/Set; java/util/ImmutableCollections$Set12
ciInstanceKlass jdk/internal/loader/ClassLoaders 1 1 183 10 100 12 1 1 1 10 7 12 1 1 1 10 12 1 1 10 100 12 1 1 1 9 7 12 1 1 1 9 12 1 1 9 12 1 1 7 1 11 100 12 1 1 1 100 1 11 12 1 1 11 12 1 1 10 100 12 1 1 1 10 100 12 1 1 1 100 1 100 1 10 7 12 1 1 1 9 12 1 1 10 12 1 1 7 1 10 12 1 1 10 12 1 7 1 8 1 10 7 12 1 1 1 10 12 1 1 7 1 10 12 1 10 12 1 10 12 1 8 1 10 7 12 1 1 8 1 8 1 10 12 1 7 1 10 12 1 10 12 1 10 12 1 1 1 1 1 1 1 1 1 1 1 1 1 1 1 1 1 1 1 1 100 1 1 1 1 1 1 1 1 1 1 1 1 1 1 1 1 1 1 1
staticfield jdk/internal/loader/ClassLoaders JLA Ljdk/internal/access/JavaLangAccess; java/lang/System$2
staticfield jdk/internal/loader/ClassLoaders BOOT_LOADER Ljdk/internal/loader/ClassLoaders$BootClassLoader; jdk/internal/loader/ClassLoaders$BootClassLoader
staticfield jdk/internal/loader/ClassLoaders PLATFORM_LOADER Ljdk/internal/loader/ClassLoaders$PlatformClassLoader; jdk/internal/loader/ClassLoaders$PlatformClassLoader
staticfield jdk/internal/loader/ClassLoaders APP_LOADER Ljdk/internal/loader/ClassLoaders$AppClassLoader; jdk/internal/loader/ClassLoaders$AppClassLoader
ciInstanceKlass jdk/internal/misc/Unsafe 1 1 1285 10 7 12 1 1 1 9 7 12 1 1 1 9 12 1 1 10 12 1 1 10 7 12 1 1 1 10 12 1 1 10 12 1 1 10 12 1 1 10 12 1 1 10 12 1 1 10 12 1 1 10 12 1 1 10 12 1 1 10 12 1 1 10 12 1 1 10 12 1 1 10 12 1 1 10 12 1 1 10 12 1 10 12 1 100 1 10 10 12 1 1 10 12 1 1 5 0 10 12 1 1 10 12 1 1 10 7 12 1 1 1 10 12 1 1 10 12 1 10 12 1 10 12 1 1 10 12 1 1 10 12 1 10 12 1 100 1 100 1 10 8 1 10 12 1 1 10 12 1 8 1 10 12 1 1 10 12 1 10 12 1 10 12 1 1 10 12 1 10 12 1 1 10 12 1 1 10 12 1 10 12 1 10 12 1 10 12 1 1 10 12 1 10 12 1 10 12 1 1 10 12 1 5 0 5 0 5 0 10 12 1 10 12 1 10 12 1 10 12 1 10 12 1 10 12 1 10 12 1 10 12 1 10 12 1 1 10 12 1 10 12 1 100 1 8 1 10 100 1 10 10 12 1 1 10 12 1 1 10 12 1 10 12 1 1 10 12 1 1 10 12 1 10 12 1 1 10 12 1 9 7 12 1 1 9 12 1 100 1 10 10 12 1 1 8 1 10 8 1 8 1 10 12 1 1 9 7 12 1 1 1 9 100 1 9 7 1 9 100 1 9 9 100 1 9 100 1 9 100 1 10 12 1 1 10 12 1 1 10 12 1 1 10 12 1 1 5 0 5 0 9 12 1 1 10 12 1 10 12 1 10 12 1 1 10 12 1 1 10 12 1 8 1 3 10 12 1 1 10 12 1 1 10 12 1 10 12 1 1 10 12 1 1 10 12 1 10 12 1 10 12 1 10 12 1 10 12 1 10 12 1 1 10 12 1 1 10 12 1 10 12 1 10 12 1 10 12 1 10 12 1 10 12 1 1 10 12 1 1 10 12 1 10 12 1 10 12 1 10 12 1 10 12 1 10 12 1 1 10 12 1 1 10 12 1 1 10 12 1 1 10 12 1 10 12 1 10 12 1 10 12 1 10 12 1 10 12 1 10 12 1 1 10 12 1 1 10 12 1 10 12 1 10 12 1 10 12 1 10 12 1 10 12 1 10 12 1 1 10 12 1 1 10 12 1 10 12 1 10 12 1 10 12 1 10 12 1 10 12 1 10 12 1 10 12 1 1 10 12 1 10 12 1 10 12 1 10 12 1 10 12 1 1 10 12 1 10 12 1 10 12 1 10 12 1 10 12 1 10 12 1 10 12 1 10 12 1 1 10 12 1 10 12 1 10 12 1 10 12 1 10 12 1 10 12 1 1 10 12 1 10 12 1 10 12 1 1 10 12 1 10 12 1 10 12 1 10 12 1 10 12 1 10 12 1 10 12 1 10 12 1 10 12 1 10 12 1 10 12 1 10 12 1 10 12 1 10 12 1 10 12 1 10 12 1 10 12 1 10 12 1 10 12 1 10 12 1 10 12 1 10 12 1 100 1 10 100 1 10 9 12 1 5 0 10 12 1 1 5 0 10 12 1 5 0 10 12 1 10 12 1 10 12 1 1 10 12 1 1 10 12 1 10 12 1 10 12 1 10 12 1 1 10 12 1 10 12 1 10 12 1 10 12 1 10 12 1 1 10 12 1 10 12 1 10 12 1 10 12 1 1 10 12 1 10 12 1 10 12 1 1 10 12 1 10 12 1 10 12 1 10 12 1 1 10 12 1 10 10 12 1 1 10 12 1 10 12 1 1 10 12 1 10 12 5 0 5 0 5 0 10 12 1 1 10 12 1 10 12 1 10 12 10 100 12 1 1 8 1 100 1 11 12 1 1 8 1 11 12 1 1 10 100 12 1 1 10 12 1 10 12 1 10 12 1 10 12 1 10 12 1 1 10 12 1 10 12 1 10 12 1 10 12 1 10 12 1 10 12 1 10 7 1 10 12 1 9 12 1 7 1 9 12 1 7 1 9 12 1 7 1 9 12 1 7 1 9 12 1 7 1 9 12 1 7 1 9 12 1 7 1 9 12 1 7 1 9 12 1 10 12 1 9 12 1 9 12 1 9 12 1 9 12 1 9 12 1 9 12 1 9 12 1 9 12 1 9 12 1 9 12 1 1 1 3 1 1 1 1 1 1 1 1 1 1 1 1 1 1 1 1 1 1 1 1 1 1 1 1 1 1 1 1 1 1 1 1 1 1 1 1 1 1 1 1 1 1 1 1 1 1 1 1 1 1 1 1 1 1 1 1 1 1 1 1 1 1 1 1 1 1 1 1 1 1 1 1 1 1 1 1 1 1 1 1 1 1 1 1 1 1 1 1 1 100 1 1 1 1 1 1 1 1 1 1 1 1 1 1 1 1 1 1 1 1 1 1 1 1 1 1 1 1 1 1 1 1 1 1 1 1 1 1 1 1 1 1 1 1 1 1 1 1 1 1 1 1 1 1 1 1 1 1 1 1 1 1 1 1 1 1 1 1 1 1 1 1 1 1 1 1 1 1 1 1 1 1 1 1 1 1 1 1 1 1 1 1 1 1 1 1 1 1 1 1 1 1 1 1 1 1 1 1 1 1 1 1 1 1 1 1 1 1 1 1 1 1 1 1 1 1 1 1 1 1 1 1 1 1 1 1 1 1 1 1 1 1 1 1 1 1 1 1 1 1 1 1 1 1 1 1 1 1 1 1 1 1 1 1 1 1 1 1 1 1 1 1 1 1 1 1 1 1 1 1 1 1 1 1 1 1 1 1 1 1 1 1 1 1 1 1 1 1 1 1 1 1 1 1 1 1 1 3 1 1 1 1 1 1 1 1 1 1 1 1 1 1 1 1 1 1 1 1 1
staticfield jdk/internal/misc/Unsafe theUnsafe Ljdk/internal/misc/Unsafe; jdk/internal/misc/Unsafe
staticfield jdk/internal/misc/Unsafe ARRAY_BOOLEAN_BASE_OFFSET I 16
staticfield jdk/internal/misc/Unsafe ARRAY_BYTE_BASE_OFFSET I 16
staticfield jdk/internal/misc/Unsafe ARRAY_SHORT_BASE_OFFSET I 16
staticfield jdk/internal/misc/Unsafe ARRAY_CHAR_BASE_OFFSET I 16
staticfield jdk/internal/misc/Unsafe ARRAY_INT_BASE_OFFSET I 16
staticfield jdk/internal/misc/Unsafe ARRAY_LONG_BASE_OFFSET I 16
staticfield jdk/internal/misc/Unsafe ARRAY_FLOAT_BASE_OFFSET I 16
staticfield jdk/internal/misc/Unsafe ARRAY_DOUBLE_BASE_OFFSET I 16
staticfield jdk/internal/misc/Unsafe ARRAY_OBJECT_BASE_OFFSET I 16
staticfield jdk/internal/misc/Unsafe ARRAY_BOOLEAN_INDEX_SCALE I 1
staticfield jdk/internal/misc/Unsafe ARRAY_BYTE_INDEX_SCALE I 1
staticfield jdk/internal/misc/Unsafe ARRAY_SHORT_INDEX_SCALE I 2
staticfield jdk/internal/misc/Unsafe ARRAY_CHAR_INDEX_SCALE I 2
staticfield jdk/internal/misc/Unsafe ARRAY_INT_INDEX_SCALE I 4
staticfield jdk/internal/misc/Unsafe ARRAY_LONG_INDEX_SCALE I 8
staticfield jdk/internal/misc/Unsafe ARRAY_FLOAT_INDEX_SCALE I 4
staticfield jdk/internal/misc/Unsafe ARRAY_DOUBLE_INDEX_SCALE I 8
staticfield jdk/internal/misc/Unsafe ARRAY_OBJECT_INDEX_SCALE I 4
staticfield jdk/internal/misc/Unsafe ADDRESS_SIZE I 8
ciInstanceKlass java/lang/ThreadGroup 1 1 293 10 7 12 1 1 1 9 7 12 1 1 1 8 1 9 12 1 1 7 1 9 12 1 9 12 1 1 10 12 1 1 10 12 1 1 10 12 1 10 12 1 1 10 12 1 9 12 1 1 10 12 1 1 10 12 1 9 12 1 10 100 12 1 1 1 9 12 1 9 12 1 1 10 7 12 1 1 1 100 10 12 1 1 10 7 12 1 1 1 10 100 12 1 9 12 1 10 12 1 1 10 12 1 1 9 12 1 1 10 12 1 1 10 12 1 10 12 1 10 12 1 1 10 12 1 1 10 12 1 10 12 1 10 10 12 1 10 12 1 10 100 1 10 10 12 1 10 12 1 10 12 1 7 10 12 1 9 12 1 1 10 12 1 1 8 1 10 100 12 1 1 1 10 12 1 1 10 12 1 1 10 12 1 1 11 100 1 100 1 9 12 1 100 1 10 8 1 10 12 1 1 10 12 1 1 8 1 10 12 1 10 100 12 1 1 1 10 12 1 1 10 100 1 8 1 10 8 1 10 12 1 8 1 1 1 1 1 1 1 1 1 1 1 1 1 1 1 1 1 3 1 1 1 1 1 1 1 1 1 1 1 1 1 1 1 1 1 1 1 1 1 1 1 1 1 1 1 1 1 1 1 1 1 1 1 1 1 1 1 1 1 1
instanceKlass org/springframework/beans/factory/support/ManagedProperties
instanceKlass java/security/Provider
instanceKlass org/springframework/core/SortedProperties
ciInstanceKlass java/util/Properties 1 1 651 10 7 12 1 1 1 100 1 10 7 12 1 1 7 1 10 12 1 9 12 1 1 9 12 1 1 9 12 1 1 10 7 12 1 1 1 10 12 1 1 8 1 10 7 12 1 1 1 7 1 10 12 1 10 12 1 1 8 1 10 12 1 7 1 10 12 10 12 1 1 9 12 1 1 10 12 1 1 7 1 10 12 1 10 12 1 10 12 1 1 100 1 8 1 10 12 1 10 12 1 10 12 1 1 10 12 1 100 1 3 10 10 100 12 1 1 1 10 12 1 10 12 1 1 8 1 10 12 1 10 12 1 1 8 1 10 100 12 1 1 10 12 1 1 10 12 1 10 12 1 1 100 1 10 12 1 10 12 1 1 100 1 9 100 12 1 1 1 10 12 1 10 12 1 1 100 1 10 10 10 12 1 1 11 7 12 1 1 1 11 7 12 1 1 1 11 12 1 1 7 1 11 12 1 11 12 1 10 12 1 1 8 1 10 12 1 10 12 1 100 1 10 10 12 1 1 10 100 12 1 1 9 100 12 1 1 10 12 1 1 10 100 12 1 1 1 100 1 100 1 100 1 10 8 1 8 1 10 12 1 10 12 1 10 12 1 1 10 10 12 1 1 10 12 1 1 7 1 10 10 12 1 11 7 12 1 1 10 7 12 1 1 1 8 1 10 100 12 1 1 11 8 1 10 100 1 11 10 12 1 10 12 1 10 12 1 10 12 1 1 10 12 1 1 10 12 1 1 10 12 1 10 12 1 10 10 12 1 10 12 1 10 12 1 10 10 12 1 1 10 12 1 1 7 1 10 10 12 1 10 12 1 10 12 1 10 12 1 10 12 1 1 10 12 1 1 10 12 1 10 12 1 10 12 1 1 10 12 10 12 1 1 10 12 1 1 10 12 1 10 12 1 1 10 12 1 1 10 12 100 1 10 11 100 12 1 1 4 11 10 12 1 1 10 100 12 1 1 11 12 1 10 12 1 1 10 100 12 1 1 10 12 1 100 1 8 1 10 12 1 10 10 100 12 1 1 1 100 1 6 0 10 12 1 1 11 100 12 1 1 1 10 12 1 10 12 1 1 1 1 1 5 0 1 1 1 1 1 1 1 1 1 1 1 1 1 1 1 1 1 1 1 1 1 1 1 1 1 1 1 1 1 1 1 1 1 1 1 1 1 1 1 1 100 1 1 1 1 1 1 1 1 1 1 1 1 1 1 1 1 1 1 1 1 100 1 1 1 1 1 1 1 100 1 100 1 1 1 1 100 1 1 1 1 1 1 1 1 1 1 1 1 1 1 1 1 1 1 1 1 1 1 1 1 1 1 1 1 1 1 1 1 1 1 1 1 1 1 1 1 1 1 1 1 1 1 1 1 1 1 1 1 1 1 1 1 1 1 1 1 1 1 1 1 1 1 1 1 1 1 1 1 1 1 1 1 100 1 1 1 1 1 1 1 1 1 100 1 1 1
staticfield java/util/Properties UNSAFE Ljdk/internal/misc/Unsafe; jdk/internal/misc/Unsafe
instanceKlass java/util/Hashtable
ciInstanceKlass java/util/Dictionary 1 1 36 10 7 12 1 1 1 100 1 1 1 1 1 1 1 1 1 1 1 1 1 1 1 1 1 1 1 1 1 1 1 1 1 1 1 1
instanceKlass java/util/Properties
ciInstanceKlass java/util/Hashtable 1 1 512 100 1 10 7 12 1 1 1 9 7 12 1 1 1 100 1 100 1 10 8 1 10 12 1 1 10 12 1 10 12 1 1 10 12 1 10 7 12 1 1 1 8 1 10 12 1 9 12 1 1 7 1 9 12 1 1 4 10 7 12 1 1 1 9 12 1 4 10 12 1 11 100 12 1 1 1 10 12 1 1 10 12 1 1 9 12 1 10 12 1 1 100 1 10 9 12 1 1 10 7 12 1 1 1 9 12 1 1 10 12 1 10 12 1 3 9 12 1 9 12 1 3 10 12 1 10 12 1 10 12 1 1 11 12 1 1 11 100 12 1 1 1 11 100 12 1 1 1 11 12 1 100 1 11 12 1 11 12 1 10 12 1 1 10 12 1 1 10 12 1 9 12 1 1 9 12 9 12 1 1 10 100 1 100 1 10 12 1 10 8 1 10 10 12 1 8 1 10 8 1 10 7 12 1 1 1 7 1 10 12 1 10 12 1 7 1 10 12 1 10 12 1 1 100 1 10 100 1 10 10 12 1 1 11 12 1 1 11 12 1 100 1 10 10 10 100 12 1 1 11 100 12 1 1 1 100 1 10 11 100 12 1 1 11 100 12 1 10 12 1 10 12 1 1 10 100 12 1 1 10 12 1 1 10 12 1 1 10 12 1 1 10 100 12 1 1 1 8 10 100 12 1 1 100 1 8 1 10 4 10 12 4 10 12 1 8 1 10 12 10 100 12 1 1 1 100 1 11 100 12 1 1 1 10 100 12 1 1 1 10 12 1 10 12 1 1 10 100 1 100 1 1 1 1 1 1 5 0 1 1 1 1 1 3 1 3 1 3 1 1 1 1 1 1 1 1 1 1 1 1 1 1 1 1 1 1 1 1 1 1 1 1 1 100 1 1 1 1 1 1 1 1 1 1 1 1 1 1 1 1 1 1 1 1 1 1 1 1 1 1 1 1 1 100 1 1 1 1 1 1 1 1 1 1 1 1 1 1 1 1 1 1 1 1 1 1 1 1 1 1 1 1 1 1 1 1 1 1 1 1 1 1 1 1 1 1 1 1 1 1 1 1 1 1 1 1 1 1 1 1 1 1 100 1 1 1 100 1 1 1 1 1 100 1 1 1 1 1 1 1 1 1 1 1 1 1 1 1 1 1 1
ciInstanceKlass java/util/Set 1 1 140 100 1 10 7 12 1 1 1 9 7 12 1 1 1 7 1 10 12 1 1 10 12 1 7 1 7 1 10 12 1 7 1 7 1 7 1 10 12 1 10 12 1 1 11 12 1 1 100 1 1 1 1 1 1 1 1 1 1 1 1 1 1 1 1 1 1 1 1 1 1 1 1 1 1 1 1 1 1 1 1 1 1 1 1 1 1 1 1 1 1 1 1 1 1 1 1 1 1 1 1 1 1 1 1 1 1 1 1 1 1 1 1 1 1 1 1 1 1 1 1 1 1 1 1 1 1 1 1 1 1 1 1 1 1 1 1 1 1 1
instanceKlass com/mysql/cj/protocol/a/CompressedInputStream
instanceKlass sun/nio/ch/NioSocketImpl$1
instanceKlass java/net/Socket$SocketInputStream
instanceKlass com/mysql/cj/protocol/ReadAheadInputStream
instanceKlass java/io/ObjectInputStream
instanceKlass sun/nio/ch/ChannelInputStream
instanceKlass java/util/zip/ZipFile$ZipFileInputStream
instanceKlass java/io/FilterInputStream
instanceKlass java/io/FileInputStream
instanceKlass java/io/ByteArrayInputStream
ciInstanceKlass java/io/InputStream 1 1 184 100 1 10 7 12 1 1 1 100 1 10 10 7 12 1 1 1 10 7 12 1 1 1 10 12 1 100 1 3 10 12 1 1 100 1 8 1 10 12 1 10 7 12 1 1 1 3 100 1 8 1 10 10 7 12 1 1 1 7 1 10 11 7 12 1 1 1 10 12 1 1 11 12 1 1 11 7 12 1 1 1 11 12 1 1 7 1 10 7 12 1 1 1 5 0 10 12 1 10 12 1 1 100 1 10 8 1 10 8 1 8 1 10 12 1 1 10 100 12 1 1 1 100 1 1 1 1 3 1 3 1 1 1 1 1 1 1 1 1 1 1 1 1 1 1 1 1 1 1 1 1 1 1 1 1 1 1 1 1 1 1 1 1 1 1 1 1 1 1 1 1 1 1 1 1 1 1 1 1 1 1 1 1
ciInstanceKlass java/io/ByteArrayInputStream 1 1 96 10 7 12 1 1 1 9 7 12 1 1 1 9 12 1 1 9 12 1 9 12 1 10 100 12 1 1 1 10 7 12 1 1 1 10 7 12 1 1 1 10 100 12 1 1 1 10 12 1 1 10 100 12 1 1 1 1 1 1 1 1 1 1 1 1 1 1 1 1 1 1 1 1 1 1 1 1 1 1 1 100 1 1 1 1 1 1 1 1 1 1 1 1 1 1
instanceKlass org/apache/tomcat/util/threads/TaskThread
instanceKlass org/springframework/boot/web/embedded/tomcat/TomcatWebServer$1
instanceKlass org/springframework/boot/autoconfigure/ssl/FileWatcher$WatcherThread
instanceKlass org/springframework/context/support/AbstractApplicationContext$1
instanceKlass java/util/logging/LogManager$Cleaner
instanceKlass jdk/internal/misc/InnocuousThread
instanceKlass java/lang/ref/Finalizer$FinalizerThread
instanceKlass java/lang/ref/Reference$ReferenceHandler
ciInstanceKlass java/lang/Thread 1 1 612 9 7 12 1 1 1 9 12 1 1 10 12 1 1 9 12 1 1 9 12 1 1 100 1 8 1 10 12 1 1 3 8 1 100 1 5 0 10 12 1 1 10 7 12 1 1 9 12 1 1 9 12 1 9 12 1 1 9 12 1 100 1 8 1 10 9 12 1 1 10 7 12 1 1 1 10 100 12 1 1 1 10 10 7 12 1 1 10 12 1 1 10 12 1 1 9 100 12 1 1 1 10 12 1 1 10 12 1 9 12 1 1 10 12 1 1 10 12 1 1 9 12 1 10 12 1 1 9 12 1 1 10 7 12 1 1 1 9 12 1 1 9 12 1 1 10 12 1 1 10 7 12 1 1 1 9 12 1 10 12 1 1 9 12 1 100 1 10 7 1 10 8 1 10 12 1 1 10 12 1 10 12 1 10 12 1 1 10 12 1 10 12 1 9 12 1 100 1 10 10 12 1 1 10 12 1 10 12 1 100 1 11 7 12 1 1 9 7 12 1 1 1 10 12 1 10 12 1 10 12 9 12 1 1 10 9 12 1 10 12 1 100 1 10 10 12 1 1 9 12 1 10 12 1 11 100 12 1 1 10 12 1 9 12 1 10 12 1 10 12 1 10 10 12 1 10 12 1 10 12 1 10 12 1 10 12 1 1 100 1 10 10 12 1 10 12 1 10 12 1 9 100 12 1 1 1 10 12 1 1 10 12 1 7 1 8 1 10 10 12 1 10 12 8 1 10 12 1 8 1 10 8 1 8 1 10 100 12 1 1 10 100 12 1 1 1 100 1 8 1 10 9 12 1 9 12 1 1 10 12 1 1 10 10 12 1 1 9 12 1 10 12 1 1 100 1 10 12 11 100 12 1 1 1 9 100 12 1 1 1 9 12 1 1 10 12 1 1 100 1 10 12 1 11 100 12 1 1 1 100 1 10 12 1 10 12 1 1 11 12 1 10 12 1 100 1 10 12 1 10 12 1 1 10 7 12 1 1 1 8 1 9 12 1 10 12 1 1 11 100 12 1 1 1 10 100 12 1 1 1 11 12 1 10 12 1 7 1 1 1 1 3 1 3 1 3 1 1 1 1 1 1 1 1 1 1 1 1 1 1 1 1 1 1 1 100 1 1 1 1 1 1 1 1 1 1 1 1 100 1 100 1 1 1 1 1 1 1 1 1 1 1 1 1 1 1 1 1 1 1 1 1 1 1 1 1 1 1 1 1 1 1 1 1 1 1 1 1 1 1 1 1 1 1 100 100 1 1 1 1 1 1 1 1 1 100 1 1 1 1 1 1 1 1 1 1 1 1 1 1 1 1 1 1 1 1 1 1 1 1 1 1 1 1 100 1 1 1 1 1 1 100 1 1 100 1 1 1 1 1 1
staticfield java/lang/Thread EMPTY_STACK_TRACE [Ljava/lang/StackTraceElement; 0 [Ljava/lang/StackTraceElement;
ciMethod java/lang/System arraycopy (Ljava/lang/Object;ILjava/lang/Object;II)V 512 0 256 0 -1
ciMethod java/lang/System getSecurityManager ()Ljava/lang/SecurityManager; 514 0 80060 0 -1
instanceKlass sun/net/www/protocol/jrt/JavaRuntimeURLConnection$1
instanceKlass jdk/internal/loader/URLClassPath$JarLoader$2
instanceKlass jdk/internal/loader/URLClassPath$FileLoader$1
ciInstanceKlass jdk/internal/loader/Resource 1 1 117 10 7 12 1 1 1 9 7 12 1 1 1 10 12 1 1 10 12 1 10 7 12 1 1 1 10 12 1 1 100 1 100 1 3 10 7 12 1 1 1 10 7 12 1 1 1 10 7 12 1 1 1 100 1 8 1 10 12 1 10 12 1 100 1 10 12 1 1 10 12 1 7 1 11 12 1 1 1 1 1 1 1 1 1 1 1 1 1 1 1 1 1 1 1 1 1 1 1 1 1 1 1 1 100 100 1 1 1 1 1 1 1 1 1 1 1
ciInstanceKlass jdk/internal/util/jar/JarIndex 1 1 339 10 7 12 1 1 1 7 1 10 9 7 12 1 1 1 9 12 1 10 10 12 1 1 9 12 1 1 10 12 1 1 8 1 10 7 12 1 1 1 10 12 1 1 10 12 10 12 1 1 7 1 10 10 12 1 1 10 12 1 1 10 12 1 10 7 12 1 1 1 10 12 1 1 10 12 1 1 10 12 1 1 100 1 9 100 12 1 1 1 10 12 1 1 10 12 1 10 12 1 1 11 100 12 1 1 1 11 12 1 1 100 1 10 12 1 1 8 1 10 12 1 8 1 8 1 10 12 1 1 9 12 1 1 10 12 10 12 1 10 12 1 100 1 100 1 9 7 12 1 1 1 10 12 1 10 12 1 8 1 10 12 1 100 1 10 10 12 1 1 8 1 10 12 1 10 12 1 1 11 100 12 1 1 11 12 1 10 12 1 7 1 7 1 10 12 1 10 12 1 7 1 10 10 12 1 8 1 10 12 1 10 12 1 10 10 12 1 1 10 12 1 1 7 10 12 1 1 11 100 1 100 1 11 12 1 11 12 1 10 12 1 1 8 1 8 1 10 7 12 1 1 1 1 1 1 1 1 1 1 1 1 1 1 1 100 1 1 1 1 1 1 1 1 1 1 100 1 1 1 1 1 1 1 1 1 1 1 1 1 1 1 1 1 1 1 1 1 1 1 1 1 1 1 1 1 1 1 1 1 1 1 1 1 1 1 1 1 1 1 100 1 1 1 1 1 1 1 1 1 1 1 1 1 1 1 100 1 1
staticfield jdk/internal/util/jar/JarIndex metaInfFilenames Z 0
ciMethod jdk/internal/util/jar/JarIndex get (Ljava/lang/String;)Ljava/util/LinkedList; 516 0 17664 0 0
ciInstanceKlass java/lang/StringLatin1 1 1 380 7 1 10 100 12 1 1 1 100 1 10 12 1 10 7 12 1 1 1 10 7 12 1 1 1 10 12 1 10 7 12 1 1 1 10 12 1 1 10 7 12 1 1 1 10 12 1 1 10 12 1 1 10 10 12 1 10 12 1 1 10 9 7 12 1 1 1 10 12 1 1 10 7 12 1 1 1 10 12 10 12 1 1 10 12 1 1 10 12 1 1 10 7 12 1 1 1 10 12 1 10 12 1 1 9 12 1 1 100 1 10 10 100 12 1 1 1 10 7 12 1 1 1 10 12 1 10 12 1 100 1 100 1 8 1 10 12 1 8 1 10 12 100 1 10 10 10 7 12 1 1 1 8 1 8 1 8 1 10 12 1 1 10 100 12 1 1 10 12 1 10 12 1 1 10 12 1 1 10 12 1 1 10 12 1 10 12 10 12 10 12 1 10 12 10 10 12 1 10 12 1 10 12 1 10 100 12 1 1 1 10 100 12 1 1 1 10 12 1 1 10 12 1 1 10 10 7 12 1 1 1 1 1 1 1 1 1 1 1 1 1 1 1 1 1 1 1 1 1 1 1 1 1 1 1 1 1 1 1 1 1 1 1 1 1 1 1 1 1 1 1 1 1 1 1 1 1 1 1 1 100 1 1 1 1 1 1 1 1 1 1 1 1 1 1 1 1 1 1 1 1 1 1 1 1 1 1 1 1 1 1 1 1 1 1 1 1 1 1 1 1 1 1 1 1 100 1 1 1 1 1 1 1 1 1 1 1 1 1 1 1 1 1 1 1 1 1 100 1 1 1 1 1 1 1 1 1 1 1 1 1 1 1 1 1 1 1 1 1 1 1 1 1 1 100 1 1 1 1
staticfield java/lang/StringLatin1 $assertionsDisabled Z 1
ciInstanceKlass java/lang/Math 1 1 395 10 100 12 1 1 1 10 7 12 1 1 1 10 12 1 10 12 1 10 12 1 10 12 1 10 12 1 7 1 6 0 6 0 10 12 1 10 12 1 10 12 1 10 12 1 10 12 1 10 12 1 1 10 12 1 10 12 1 10 12 1 10 12 1 10 12 1 10 7 12 1 1 1 100 1 3 3 3 10 7 12 1 1 1 100 1 5 0 5 0 5 0 5 0 5 0 9 100 12 1 1 1 10 100 12 1 1 1 100 1 8 1 10 12 1 8 1 10 12 1 1 10 12 1 1 100 1 5 0 5 0 100 1 3 5 0 3 5 0 10 12 1 10 12 1 8 1 10 12 1 8 1 9 12 1 1 9 12 1 10 12 1 1 6 0 10 12 1 9 12 1 1 100 1 10 10 12 1 100 1 10 12 1 10 12 1 1 10 12 1 10 12 1 10 12 1 10 12 1 1 10 12 1 1 10 12 1 1 10 12 6 0 10 12 1 1 10 12 1 1 10 12 10 12 1 4 10 12 1 1 10 12 1 10 12 1 10 12 10 12 1 10 12 1 10 12 1 10 12 1 10 12 1 10 12 1 10 12 1 5 0 6 0 4 6 0 4 6 0 4 10 12 1 1 9 12 1 1 10 12 1 9 12 1 10 7 12 1 1 1 4 6 0 1 1 6 0 1 6 0 1 1 1 1 1 1 1 1 1 1 1 1 1 1 1 1 1 1 1 1 1 1 1 1 1 1 1 1 1 1 1 1 1 1 1 1 1 1 1 1 1 1 1 1 1 1 1 1 1 1 1 1 1 1 1 1 1 1 1 1 1 1 1 1 1 1 1 1 1 1 1 1 1 1 1 1 1 1 1 1 1 1 1 1 1 1 1 1 1 1 1 1 1 1
staticfield java/lang/Math negativeZeroFloatBits J -2147483648
staticfield java/lang/Math negativeZeroDoubleBits J -9223372036854775808
staticfield java/lang/Math $assertionsDisabled Z 1
ciInstanceKlass java/util/Arrays 1 1 988 10 7 12 1 1 1 10 7 12 1 1 1 10 7 12 1 1 1 10 12 1 10 12 1 10 12 1 10 12 1 10 12 1 10 12 1 10 100 12 1 1 1 100 1 100 1 10 8 1 10 12 1 1 10 12 1 8 1 8 1 10 12 1 1 10 12 1 100 1 10 12 1 9 100 12 1 1 1 10 7 12 1 1 100 1 10 12 1 1 10 7 12 1 1 10 7 12 1 1 1 100 1 10 12 1 10 12 1 1 7 1 9 7 12 1 1 1 10 12 1 1 10 7 12 1 1 10 12 1 10 12 1 1 10 12 1 10 12 1 1 7 1 11 12 1 1 10 12 1 10 7 12 1 1 1 10 12 10 12 1 10 12 1 10 12 10 12 1 11 100 12 1 1 1 10 7 12 1 1 1 100 1 10 12 1 10 100 1 10 12 1 10 100 1 10 12 1 10 100 1 10 12 1 10 10 12 1 1 10 12 1 10 12 1 10 12 1 10 12 1 10 12 1 10 100 12 1 1 1 10 12 1 10 100 12 1 1 1 10 12 1 10 12 1 10 7 12 1 1 1 10 12 1 10 12 1 10 12 1 10 12 1 10 12 1 10 12 1 10 12 1 10 12 1 10 12 1 10 12 1 10 12 1 10 12 1 10 12 1 10 12 1 10 12 1 10 12 1 1 10 12 1 1 10 7 12 1 1 1 10 12 1 8 1 7 1 10 12 10 12 1 10 12 1 1 10 12 1 1 9 100 12 1 1 1 100 1 10 12 1 9 100 1 100 1 10 12 1 9 100 1 100 1 10 12 1 9 100 1 100 1 10 12 1 9 100 1 100 1 10 12 1 9 100 1 100 1 10 12 1 9 100 1 10 12 1 100 1 10 12 1 10 12 1 9 12 1 100 1 10 10 12 1 1 10 12 1 10 12 1 10 12 1 10 12 1 10 12 1 10 12 1 10 12 1 10 12 1 10 12 1 8 1 8 1 10 12 1 10 12 1 8 1 10 12 1 10 12 1 10 12 1 10 100 12 1 1 1 3 10 100 1 10 10 12 1 1 11 100 12 1 1 10 12 1 1 10 12 1 10 12 1 10 12 1 10 12 1 10 12 1 10 12 1 10 12 1 10 12 1 11 12 1 8 1 10 11 12 1 11 100 12 1 1 1 11 100 12 1 1 1 11 12 1 1 18 12 1 1 11 12 1 1 11 100 12 1 1 1 18 12 1 11 100 12 1 1 1 18 12 1 11 100 12 1 1 1 18 12 1 100 1 10 7 12 1 1 1 10 12 1 10 12 1 10 12 1 10 12 1 10 12 1 10 12 1 10 12 1 10 12 1 1 10 12 1 10 7 12 1 1 10 12 1 10 12 1 10 12 1 1 10 12 1 10 12 1 10 12 1 1 10 12 1 10 12 1 10 12 1 1 10 12 1 10 12 1 10 12 1 10 12 1 10 12 10 12 1 10 12 10 12 10 12 1 10 12 10 12 1 10 12 1 10 12 1 1 1 1 3 1 3 1 1 1 1 1 1 1 1 1 1 1 1 1 1 1 1 1 1 1 1 1 1 1 1 1 1 1 1 1 1 1 1 1 1 1 1 1 1 1 1 1 1 1 1 1 1 1 1 1 1 1 1 1 1 1 1 1 1 1 1 1 1 1 1 1 1 1 1 1 1 1 1 1 1 1 1 1 1 1 1 1 1 1 1 1 1 1 1 1 1 1 1 1 1 1 1 1 1 1 1 1 1 1 1 1 1 1 1 1 1 1 1 1 1 1 1 1 1 1 1 1 1 1 1 1 1 1 1 1 1 1 1 1 1 1 1 1 1 1 1 1 1 1 1 1 1 1 1 1 1 1 1 1 1 1 1 1 1 1 1 1 1 1 1 1 1 1 1 1 1 1 1 1 1 1 1 1 1 1 1 1 1 1 1 1 1 1 1 1 1 1 1 1 1 1 1 1 1 1 1 1 1 1 1 1 1 1 1 1 1 1 1 1 1 1 1 1 1 1 1 1 1 1 1 1 1 1 1 1 1 1 1 1 1 1 1 1 1 1 1 1 1 1 1 1 1 1 1 1 1 1 1 1 1 1 1 1 1 1 1 1 100 1 1 15 10 100 12 1 1 1 16 15 10 12 15 10 12 15 10 12 15 10 12 1 1 100 1 100 1 1 1 1 100 1 1 1 1 1 1 100 1 1 100 1 1 100 1 1 1 100 1 100 1 1
staticfield java/util/Arrays $assertionsDisabled Z 1
ciMethod java/lang/StringLatin1 equals ([B[B)Z 596 626 4415 0 -1
ciMethod java/lang/StringLatin1 hashCode ([B)I 294 5738 1064 0 352
ciMethod java/lang/StringLatin1 inflate ([BI[BII)V 0 0 6 0 -1
ciMethod java/lang/StringLatin1 lastIndexOf ([BII)I 208 20656 1017 0 224
ciMethod java/lang/StringLatin1 newString ([BII)Ljava/lang/String; 516 0 5464 0 1120
ciMethod java/lang/StringLatin1 toLowerCase (Ljava/lang/String;[BLjava/util/Locale;)Ljava/lang/String; 220 8830 1147 0 1888
ciMethod java/lang/StringLatin1 canEncode (I)Z 512 0 141756 0 96
ciMethod java/lang/StringLatin1 toLowerCaseEx (Ljava/lang/String;[BILjava/util/Locale;Z)Ljava/lang/String; 0 0 1 0 -1
ciInstanceKlass java/lang/StringUTF16 1 1 598 100 1 7 1 10 100 12 1 1 1 100 1 10 7 1 3 100 1 100 1 10 8 1 10 12 1 1 10 12 1 8 1 10 12 1 1 10 12 1 9 12 1 1 10 12 1 1 100 1 8 1 10 12 1 9 12 1 1 9 12 1 10 10 12 1 1 10 12 1 1 10 100 12 1 1 1 10 12 1 10 12 1 1 10 12 1 1 10 12 1 1 10 12 1 1 10 12 1 10 12 1 1 10 12 1 1 10 12 1 1 10 12 1 1 10 12 1 10 12 1 10 12 1 1 10 12 1 100 1 10 12 1 10 10 12 1 1 10 12 1 10 12 1 1 10 12 1 10 100 12 1 1 1 10 100 12 1 1 1 10 12 10 12 1 1 10 12 1 10 12 1 1 10 12 1 1 10 12 1 10 12 1 10 12 1 3 10 12 1 1 10 12 1 10 12 1 10 12 1 10 12 1 10 12 1 10 12 1 1 9 12 1 10 12 1 10 12 1 10 12 1 10 12 1 10 12 1 10 10 12 10 12 10 10 100 12 1 1 1 10 7 12 1 1 1 10 12 1 10 12 1 100 1 8 1 8 1 10 12 1 1 100 1 10 10 100 12 1 1 1 10 100 12 1 1 8 1 8 1 8 1 10 12 1 1 10 12 1 1 10 12 10 12 1 10 100 12 1 1 10 12 1 1 10 12 1 1 10 12 1 10 12 10 12 10 12 1 10 12 10 12 1 10 12 1 10 12 1 10 12 1 10 12 1 10 100 12 1 1 1 10 100 12 1 1 1 10 12 1 1 10 12 1 1 11 100 12 1 1 10 12 1 10 12 1 10 12 1 1 9 12 1 1 9 12 1 5 0 5 0 10 12 1 10 12 10 12 10 7 12 1 1 1 10 12 1 1 1 1 1 1 1 1 1 1 1 1 1 1 1 1 1 1 1 1 1 1 1 1 1 1 1 1 1 1 1 100 1 1 1 1 1 1 1 1 1 1 1 1 1 1 1 1 1 1 1 1 1 1 1 1 1 1 1 1 1 1 1 1 1 1 1 1 1 1 1 1 1 1 1 1 1 1 1 1 1 1 1 1 1 1 1 1 1 1 1 1 1 1 1 1 1 1 1 1 1 1 1 1 1 1 1 1 1 1 1 1 1 1 100 1 1 1 1 1 1 1 1 1 1 1 1 1 1 1 1 1 100 1 1 1 1 1 1 1 1 1 1 1 1 1 1 1 1 1 1 1 1 1 1 1 1 1 1 1 1 1 1 1 1 1 1 1 1 1 1 1 1 1 1 1 1 1 1 1 1 1 1 1 1 1 1 1 1 1 1 1 1 1 100 1 100 1 1 1 1 1
staticfield java/lang/StringUTF16 HI_BYTE_SHIFT I 0
staticfield java/lang/StringUTF16 LO_BYTE_SHIFT I 8
staticfield java/lang/StringUTF16 $assertionsDisabled Z 1
ciMethod java/lang/StringUTF16 hashCode ([B)I 0 0 1 0 -1
ciMethod java/lang/StringUTF16 compress ([BII)[B 20 0 1 0 -1
ciMethod java/lang/StringUTF16 newBytesFor (I)[B 0 0 8 0 -1
ciMethod java/lang/StringUTF16 lastIndexOf ([BII)I 0 0 1 0 -1
ciMethod java/lang/StringUTF16 newString ([BII)Ljava/lang/String; 0 0 1 0 0
ciMethod java/lang/StringUTF16 toLowerCase (Ljava/lang/String;[BLjava/util/Locale;)Ljava/lang/String; 0 0 1 0 -1
instanceKlass java/lang/Exception
instanceKlass java/lang/Error
ciInstanceKlass java/lang/Throwable 1 1 393 10 7 12 1 1 1 9 7 12 1 1 1 9 12 1 1 9 12 1 9 12 1 1 9 12 1 10 12 1 1 9 12 1 1 10 12 1 1 10 12 1 100 1 100 1 10 8 1 10 12 1 1 8 1 10 100 12 1 1 10 10 12 1 100 1 8 1 10 10 12 1 1 10 7 12 1 1 10 12 1 8 1 9 100 12 1 1 1 10 12 1 1 100 1 10 12 10 12 1 100 1 10 10 7 12 1 1 1 11 100 12 1 1 1 10 100 12 1 1 1 10 12 1 1 10 12 1 1 8 1 10 12 1 10 12 1 1 8 1 8 1 10 12 1 1 10 12 1 8 1 8 1 9 12 1 1 10 100 12 1 1 100 1 10 11 12 1 8 1 8 1 10 7 12 1 1 8 1 10 12 1 8 1 100 1 10 12 1 9 12 1 1 10 12 1 10 7 12 1 9 12 1 1 10 12 1 1 100 1 8 1 10 12 1 10 100 12 1 1 10 12 1 1 100 1 10 100 12 1 1 1 10 12 1 11 100 12 1 1 1 11 100 12 1 1 1 11 12 1 8 1 10 12 1 1 8 1 10 10 9 100 12 1 1 1 8 1 10 12 1 1 10 100 1 8 1 10 11 12 1 1 8 1 9 12 1 10 100 12 1 1 11 9 12 1 1 11 12 1 1 100 10 12 1 10 12 1 1 100 1 1 1 1 5 0 1 1 1 1 1 1 1 1 1 1 1 1 1 100 1 1 1 1 1 1 1 1 1 1 1 1 1 1 1 1 1 1 1 1 1 1 1 1 1 1 1 1 1 1 1 1 1 1 1 1 1 1 1 1 1 1 100 1 100 1 1 1 1 1 1 1 1 1 1 1 1 1 1 1 1 1 1
staticfield java/lang/Throwable UNASSIGNED_STACK [Ljava/lang/StackTraceElement; 0 [Ljava/lang/StackTraceElement;
staticfield java/lang/Throwable SUPPRESSED_SENTINEL Ljava/util/List; java/util/Collections$EmptyList
staticfield java/lang/Throwable EMPTY_THROWABLE_ARRAY [Ljava/lang/Throwable; 0 [Ljava/lang/Throwable;
staticfield java/lang/Throwable $assertionsDisabled Z 1
instanceKlass javax/security/auth/callback/UnsupportedCallbackException
instanceKlass com/zaxxer/hikari/pool/PoolBase$ConnectionSetupException
instanceKlass jakarta/persistence/spi/TransformerException
instanceKlass jakarta/transaction/SystemException
instanceKlass org/apache/catalina/connector/CoyoteAdapter$RecycleRequiredException
instanceKlass jakarta/websocket/DeploymentException
instanceKlass java/lang/instrument/IllegalClassFormatException
instanceKlass org/ietf/jgss/GSSException
instanceKlass javax/management/JMException
instanceKlass org/springframework/validation/BindException
instanceKlass org/aspectj/lang/reflect/NoSuchAdviceException
instanceKlass org/aspectj/lang/reflect/NoSuchPointcutException
instanceKlass java/beans/PropertyVetoException
instanceKlass java/sql/SQLException
instanceKlass java/security/PrivilegedActionException
instanceKlass sun/security/pkcs11/wrapper/PKCS11Exception
instanceKlass org/apache/catalina/LifecycleException
instanceKlass jakarta/xml/bind/JAXBException
instanceKlass java/beans/IntrospectionException
instanceKlass java/util/concurrent/ExecutionException
instanceKlass org/springframework/expression/AccessException
instanceKlass javax/xml/parsers/ParserConfigurationException
instanceKlass java/lang/CloneNotSupportedException
instanceKlass org/xml/sax/SAXException
instanceKlass jakarta/servlet/ServletException
instanceKlass javax/xml/stream/XMLStreamException
instanceKlass ch/qos/logback/core/spi/ScanException
instanceKlass java/text/ParseException
instanceKlass sun/nio/fs/WindowsException
instanceKlass javax/naming/NamingException
instanceKlass java/net/URISyntaxException
instanceKlass java/util/concurrent/TimeoutException
instanceKlass java/lang/InterruptedException
instanceKlass ch/qos/logback/core/boolex/EvaluationException
instanceKlass java/security/GeneralSecurityException
instanceKlass ch/qos/logback/core/util/DynamicClassLoadingException
instanceKlass ch/qos/logback/core/util/IncompatibleClassException
instanceKlass ch/qos/logback/core/joran/spi/JoranException
instanceKlass java/io/IOException
instanceKlass java/lang/ReflectiveOperationException
instanceKlass java/lang/RuntimeException
ciInstanceKlass java/lang/Exception 1 1 40 10 7 12 1 1 1 10 12 1 10 12 1 10 12 1 10 12 1 100 1 1 1 1 5 0 1 1 1 1 1 1 1 1 1 1 1 1 1 1
instanceKlass java/lang/reflect/InvocationTargetException
instanceKlass java/lang/IllegalAccessException
instanceKlass java/lang/InstantiationException
instanceKlass java/lang/NoSuchFieldException
instanceKlass java/lang/NoSuchMethodException
instanceKlass java/lang/ClassNotFoundException
ciInstanceKlass java/lang/ReflectiveOperationException 1 1 34 10 7 12 1 1 1 10 12 1 10 12 1 10 12 1 100 1 1 1 1 5 0 1 1 1 1 1 1 1 1 1 1 1
ciMethod java/lang/Throwable initCause (Ljava/lang/Throwable;)Ljava/lang/Throwable; 0 0 7 0 -1
ciMethod java/lang/Throwable getMessage ()Ljava/lang/String; 16 0 8 0 -1
instanceKlass org/hibernate/boot/jaxb/internal/stax/JpaOrmXmlEventReader$BadVersionException
instanceKlass org/hibernate/AssertionFailure
instanceKlass com/mysql/cj/exceptions/CJException
instanceKlass org/springframework/boot/jdbc/UnsupportedDataSourcePropertyException
instanceKlass com/zaxxer/hikari/pool/HikariPool$PoolInitializationException
instanceKlass org/springframework/security/core/AuthenticationException
instanceKlass java/nio/BufferUnderflowException
instanceKlass org/apache/coyote/ProtocolException
instanceKlass java/util/concurrent/RejectedExecutionException
instanceKlass javax/management/JMRuntimeException
instanceKlass org/springframework/boot/ssl/NoSuchSslBundleException
instanceKlass org/springframework/boot/web/server/WebServerException
instanceKlass org/springframework/context/NoSuchMessageException
instanceKlass org/springframework/transaction/interceptor/TransactionAspectSupport$ThrowableHolderException
instanceKlass java/lang/NegativeArraySizeException
instanceKlass org/aspectj/apache/bcel/generic/ClassGenException
instanceKlass org/aspectj/apache/bcel/classfile/ClassFormatException
instanceKlass org/aspectj/bridge/AbortException
instanceKlass org/aspectj/weaver/BCException
instanceKlass org/aspectj/weaver/tools/UnsupportedPointcutPrimitiveException
instanceKlass org/aspectj/weaver/patterns/ParserException
instanceKlass org/aspectj/weaver/reflect/ReflectionWorld$ReflectionWorldException
instanceKlass org/springframework/validation/method/MethodValidationException
instanceKlass org/springframework/cglib/core/ClassNameReader$EarlyExitException
instanceKlass java/lang/reflect/InaccessibleObjectException
instanceKlass org/springframework/cglib/core/CodeGenerationException
instanceKlass org/springframework/objenesis/ObjenesisException
instanceKlass org/aspectj/lang/NoAspectBoundException
instanceKlass org/springframework/boot/autoconfigure/condition/OnBeanCondition$BeanTypeDeductionException
instanceKlass org/springframework/expression/spel/InternalParseException
instanceKlass java/security/ProviderException
instanceKlass org/apache/juli/logging/LogConfigurationException
instanceKlass java/lang/reflect/MalformedParametersException
instanceKlass org/springframework/expression/ExpressionException
instanceKlass java/lang/reflect/MalformedParameterizedTypeException
instanceKlass jakarta/el/ELException
instanceKlass jakarta/persistence/PersistenceException
instanceKlass java/nio/file/FileSystemNotFoundException
instanceKlass jakarta/validation/ValidationException
instanceKlass org/springframework/boot/context/properties/bind/UnboundConfigurationPropertiesException
instanceKlass org/springframework/boot/context/config/ConfigDataException
instanceKlass org/springframework/boot/context/properties/bind/BindException
instanceKlass java/util/ConcurrentModificationException
instanceKlass java/time/DateTimeException
instanceKlass java/util/MissingResourceException
instanceKlass java/lang/TypeNotPresentException
instanceKlass org/springframework/boot/context/properties/source/InvalidConfigurationPropertyNameException
instanceKlass java/util/NoSuchElementException
instanceKlass org/springframework/core/NestedRuntimeException
instanceKlass java/lang/reflect/UndeclaredThrowableException
instanceKlass java/io/UncheckedIOException
instanceKlass ch/qos/logback/core/LogbackException
instanceKlass java/lang/IndexOutOfBoundsException
instanceKlass java/lang/SecurityException
instanceKlass java/lang/UnsupportedOperationException
instanceKlass java/lang/IllegalStateException
instanceKlass java/lang/IllegalArgumentException
instanceKlass java/lang/ArithmeticException
instanceKlass java/lang/NullPointerException
instanceKlass java/lang/IllegalMonitorStateException
instanceKlass java/lang/ArrayStoreException
instanceKlass java/lang/ClassCastException
ciInstanceKlass java/lang/RuntimeException 1 1 40 10 7 12 1 1 1 10 12 1 10 12 1 10 12 1 10 12 1 100 1 1 1 1 5 0 1 1 1 1 1 1 1 1 1 1 1 1 1 1
instanceKlass java/nio/file/InvalidPathException
instanceKlass org/springframework/aop/framework/adapter/UnknownAdviceTypeException
instanceKlass java/security/InvalidParameterException
instanceKlass org/springframework/http/InvalidMediaTypeException
instanceKlass org/springframework/util/InvalidMimeTypeException
instanceKlass java/util/regex/PatternSyntaxException
instanceKlass java/nio/charset/UnsupportedCharsetException
instanceKlass java/lang/NumberFormatException
ciInstanceKlass java/lang/IllegalArgumentException 1 1 35 10 7 12 1 1 1 10 12 1 10 12 1 10 12 1 100 1 1 1 1 5 0 1 1 1 1 1 1 1 1 1 1 1 1
instanceKlass java/lang/AssertionError
instanceKlass java/util/ServiceConfigurationError
instanceKlass java/lang/VirtualMachineError
instanceKlass java/lang/LinkageError
instanceKlass java/lang/ThreadDeath
ciInstanceKlass java/lang/Error 1 1 40 10 7 12 1 1 1 10 12 1 10 12 1 10 12 1 10 12 1 100 1 1 1 1 5 0 1 1 1 1 1 1 1 1 1 1 1 1 1 1
instanceKlass java/lang/StackOverflowError
instanceKlass java/lang/OutOfMemoryError
instanceKlass java/lang/InternalError
ciInstanceKlass java/lang/VirtualMachineError 1 1 34 10 100 12 1 1 1 10 12 1 10 12 1 10 12 1 100 1 1 1 1 5 0 1 1 1 1 1 1 1 1 1 1 1
ciInstanceKlass java/lang/StackOverflowError 1 1 26 10 100 12 1 1 1 10 12 1 100 1 1 1 1 5 0 1 1 1 1 1 1 1 1 1
instanceKlass java/lang/VerifyError
instanceKlass java/lang/UnsatisfiedLinkError
instanceKlass java/lang/ExceptionInInitializerError
instanceKlass java/lang/ClassCircularityError
instanceKlass java/lang/ClassFormatError
instanceKlass java/lang/IncompatibleClassChangeError
instanceKlass java/lang/BootstrapMethodError
instanceKlass java/lang/NoClassDefFoundError
ciInstanceKlass java/lang/LinkageError 1 1 31 10 7 12 1 1 1 10 12 1 10 12 1 100 1 1 1 1 5 0 1 1 1 1 1 1 1 1 1 1 1
ciInstanceKlass java/lang/ArrayStoreException 1 1 26 10 100 12 1 1 1 10 12 1 100 1 1 1 1 5 0 1 1 1 1 1 1 1 1 1
ciInstanceKlass java/lang/ThreadDeath 0 0 21 10 100 12 1 1 1 100 1 1 1 1 5 0 1 1 1 1 1 1 1
ciInstanceKlass java/lang/StackTraceElement 1 1 224 10 7 12 1 1 1 10 7 12 1 1 9 12 1 1 9 12 1 1 9 12 1 9 12 1 8 1 10 100 12 1 1 1 100 1 9 12 1 8 1 9 12 1 9 12 1 9 12 1 1 8 1 10 12 1 1 10 12 1 100 1 10 10 12 1 1 8 1 10 12 1 1 10 12 1 8 1 8 1 8 1 10 12 1 8 1 8 1 10 12 1 8 1 8 1 10 12 1 1 10 12 1 10 12 1 1 10 12 1 9 12 1 1 10 7 12 1 1 1 10 12 1 1 7 1 10 12 1 1 10 7 12 1 1 10 7 12 1 1 1 10 7 12 1 1 10 7 12 1 1 10 10 12 1 1 10 12 1 10 12 1 1 100 1 1 1 1 1 3 1 3 1 1 5 0 1 1 1 1 1 1 1 1 1 1 1 1 1 1 1 1 1 1 1 1 1 1 1 1 1 1 100 1 100 1 1 1 1 1 1 1 1 1 1 100 1 1 1 1 1 1 1 1
instanceKlass org/springframework/boot/web/servlet/ServletContextInitializerBeans
instanceKlass com/fasterxml/jackson/databind/util/internal/LinkedDeque
instanceKlass java/util/TreeMap$Values
instanceKlass java/util/concurrent/ConcurrentLinkedDeque
instanceKlass java/util/LinkedHashMap$LinkedValues
instanceKlass java/util/IdentityHashMap$Values
instanceKlass java/util/HashMap$Values
instanceKlass java/util/AbstractQueue
instanceKlass java/util/ArrayDeque
instanceKlass java/util/AbstractSet
instanceKlass java/util/ImmutableCollections$AbstractImmutableCollection
instanceKlass java/util/AbstractList
ciInstanceKlass java/util/AbstractCollection 1 1 160 10 7 12 1 1 1 10 7 12 1 1 1 10 12 1 1 11 7 12 1 1 1 11 12 1 1 10 12 1 1 10 100 12 1 1 1 10 12 1 1 10 12 1 1 10 7 12 1 1 10 7 12 1 1 1 7 1 10 100 12 1 1 1 10 100 12 1 1 1 100 1 10 11 12 1 11 7 1 10 12 1 10 12 1 10 7 12 1 1 1 11 8 1 100 1 10 10 12 1 1 8 1 10 12 1 10 12 1 1 1 1 1 1 1 1 1 1 1 1 1 1 1 1 1 1 1 1 1 1 1 1 1 1 1 1 1 1 1 1 1 1 1 1 1 1 1 1 1 1 1 1 1 1 1 1 1 1 1 1
ciInstanceKlass java/lang/Boolean 1 1 151 10 7 12 1 1 1 9 7 12 1 1 1 10 12 1 1 10 12 1 8 1 10 7 12 1 1 9 12 1 1 9 12 1 8 1 10 12 1 1 10 12 1 1 10 7 12 1 1 1 100 1 100 1 10 12 1 1 9 100 12 1 1 9 12 10 100 12 1 1 1 10 12 1 1 8 1 10 7 12 1 1 1 9 12 1 1 100 1 100 1 100 1 1 1 1 1 1 5 0 1 1 1 1 1 1 1 1 1 1 3 1 1 1 1 1 1 1 1 1 1 1 1 1 1 1 1 1 1 1 1 100 1 1 1 1 1 1 1 1 1 1 100 1 1 1 1 1 1 1 1
staticfield java/lang/Boolean TRUE Ljava/lang/Boolean; java/lang/Boolean
staticfield java/lang/Boolean FALSE Ljava/lang/Boolean; java/lang/Boolean
staticfield java/lang/Boolean TYPE Ljava/lang/Class; java/lang/Class
instanceKlass java/util/concurrent/locks/AbstractQueuedSynchronizer
ciInstanceKlass java/util/concurrent/locks/AbstractOwnableSynchronizer 1 1 32 10 7 12 1 1 1 9 7 12 1 1 1 100 1 1 1 1 5 0 1 1 1 1 1 1 1 1 1 1 1 1
instanceKlass java/lang/LiveStackFrameInfo
ciInstanceKlass java/lang/StackFrameInfo 1 1 132 10 7 12 1 1 1 9 7 12 1 1 1 9 7 1 9 12 1 1 11 7 12 1 1 1 9 12 1 1 11 12 1 1 10 12 1 1 10 100 12 1 1 1 10 12 1 11 12 1 11 12 1 1 11 12 1 10 12 1 1 9 12 1 1 10 12 1 1 10 100 12 1 1 10 12 1 1 11 12 1 1 10 12 1 9 12 1 1 10 12 1 1 100 1 8 1 10 12 1 10 7 12 1 1 1 100 1 1 1 1 1 1 1 1 1 1 1 1 1 1 1 1 1 1 100 1 1 1 1 1 1
staticfield java/lang/StackFrameInfo JLIA Ljdk/internal/access/JavaLangInvokeAccess; java/lang/invoke/MethodHandleImpl$1
ciInstanceKlass java/lang/LiveStackFrameInfo 0 0 97 10 100 12 1 1 1 9 100 12 1 1 1 9 12 1 9 12 1 9 12 1 9 12 1 1 100 1 10 12 1 1 10 12 1 8 1 10 12 1 1 8 1 8 1 8 1 10 100 1 10 12 1 100 1 10 12 1 100 1 100 1 1 1 3 1 3 1 1 1 1 1 1 1 1 1 1 1 1 1 1 1 1 1 1 1 1 1 1 1 1 1 1 1 100 1 1
ciInstanceKlass java/lang/Character 1 1 576 7 1 100 1 100 1 9 12 1 1 8 1 9 12 1 1 100 1 9 12 1 1 10 100 12 1 1 1 10 100 12 1 1 1 10 100 12 1 1 1 10 7 12 1 1 1 9 7 12 1 1 1 10 12 1 10 12 1 1 10 12 1 1 10 7 12 1 1 10 12 1 1 3 3 3 3 3 10 12 1 1 10 12 1 3 11 7 12 1 1 1 11 12 1 1 10 12 1 1 10 12 1 1 100 1 10 10 12 1 3 10 12 1 1 10 12 1 10 12 1 1 100 1 8 1 10 12 1 1 10 12 1 10 12 1 10 12 1 10 12 1 10 12 1 1 10 12 1 10 7 12 1 1 10 10 12 1 10 10 12 1 10 12 1 1 10 12 1 10 10 12 1 10 12 1 10 12 1 10 12 1 10 12 1 10 12 1 10 12 1 10 12 10 10 12 10 10 12 1 10 10 12 1 10 10 12 1 10 10 12 1 10 10 12 1 10 10 12 1 10 10 12 1 1 10 10 12 1 10 5 0 10 12 1 10 12 1 10 10 12 1 10 10 12 1 1 10 10 12 1 10 10 12 1 9 12 1 1 100 1 10 10 12 1 10 12 1 1 3 10 100 12 1 1 1 10 12 1 10 100 12 1 1 100 1 10 10 12 1 1 10 12 1 1 10 12 1 1 8 1 10 12 1 9 100 12 1 1 1 10 12 1 10 10 12 1 10 12 1 1 10 12 1 10 10 12 1 1 10 10 12 1 1 100 1 8 1 10 12 1 1 10 7 12 1 1 1 8 1 10 12 1 1 9 12 1 1 100 1 100 1 100 1 1 1 1 3 1 3 1 3 1 3 1 1 1 1 1 3 1 1 3 1 3 1 3 1 3 1 3 1 3 1 3 1 3 1 3 1 3 1 3 1 3 1 3 1 3 1 3 1 3 1 3 1 3 1 3 1 3 1 3 1 3 1 3 1 3 1 3 1 3 1 3 1 3 1 1 1 1 1 1 1 1 1 1 1 1 1 1 1 1 1 1 1 3 1 1 1 1 1 1 1 3 1 1 3 1 1 1 1 1 3 1 1 5 0 1 1 1 1 1 1 1 1 1 1 1 1 1 1 1 1 1 1 1 1 1 1 1 1 1 1 1 1 1 1 1 1 1 1 1 1 1 1 1 1 1 1 1 1 1 1 1 1 1 1 1 1 1 1 1 1 1 1 1 1 1 1 1 1 1 1 1 1 1 1 1 1 1 1 1 1 1 1 1 1 1 1 1 1 1 1 1 1 1 100 1 100 1 1 1 1 1 1
staticfield java/lang/Character TYPE Ljava/lang/Class; java/lang/Class
staticfield java/lang/Character $assertionsDisabled Z 1
ciInstanceKlass java/lang/CharacterDataLatin1 1 1 130 9 7 12 1 1 1 9 12 1 1 10 12 1 1 10 12 1 10 12 1 1 3 3 3 10 12 1 9 12 1 100 1 3 3 9 12 1 1 10 7 12 1 1 1 10 9 12 1 1 3 3 3 3 3 3 3 3 3 3 3 3 3 3 3 3 3 3 3 3 3 3 3 3 3 3 3 3 3 3 3 3 3 3 3 1 1 1 1 1 1 1 1 1 1 1 1 1 1 1 1 1 1 1 1 1 1 1 1 1 1 1 1 1 1 1 1 1 1 1 1 1 1 1 1 1 100 1 1 1
staticfield java/lang/CharacterDataLatin1 DIGITS [B 256
staticfield java/lang/CharacterDataLatin1 instance Ljava/lang/CharacterDataLatin1; java/lang/CharacterDataLatin1
staticfield java/lang/CharacterDataLatin1 A [I 256
staticfield java/lang/CharacterDataLatin1 B [B 256
ciMethod java/lang/CharacterDataLatin1 toLowerCase (I)I 538 0 5802 0 192
ciMethod java/lang/CharacterDataLatin1 getProperties (I)I 576 0 31507 0 96
ciInstanceKlass java/lang/Float 1 1 223 7 1 100 1 10 100 12 1 1 1 10 100 12 1 1 1 4 100 1 10 12 1 1 10 12 1 1 8 1 8 1 10 100 12 1 1 1 10 12 1 1 10 12 1 1 10 4 4 4 10 7 12 1 1 9 12 1 1 10 12 1 1 10 12 1 10 12 1 10 12 1 1 10 12 1 10 12 1 3 10 12 1 1 10 12 1 1 10 12 1 10 100 12 1 1 1 10 12 1 1 10 12 1 1 8 1 10 7 12 1 1 1 9 12 1 1 100 1 100 1 100 1 1 1 1 1 4 1 1 1 4 1 1 3 1 3 1 3 1 3 1 1 1 1 5 0 1 1 1 1 1 1 1 1 1 1 100 1 1 1 1 1 1 1 1 1 1 1 1 1 3 1 1 1 1 1 1 1 1 1 1 1 1 1 1 1 1 1 1 1 1 1 1 1 1 1 1 1 1 1 1 1 1 1 1 1 1 1 1 100 1 1 1 1 1 1 1 100 1 100 1 1
staticfield java/lang/Float TYPE Ljava/lang/Class; java/lang/Class
instanceKlass java/util/concurrent/atomic/Striped64
instanceKlass java/math/BigDecimal
instanceKlass java/math/BigInteger
instanceKlass java/util/concurrent/atomic/AtomicLong
instanceKlass java/util/concurrent/atomic/AtomicInteger
instanceKlass java/lang/Long
instanceKlass java/lang/Integer
instanceKlass java/lang/Short
instanceKlass java/lang/Byte
instanceKlass java/lang/Double
instanceKlass java/lang/Float
ciInstanceKlass java/lang/Number 1 1 37 10 7 12 1 1 1 10 100 12 1 1 1 100 1 1 1 1 5 0 1 1 1 1 1 1 1 1 1 1 1 1 1 1 1 1 1
ciInstanceKlass java/lang/Double 1 1 285 7 1 100 1 10 7 12 1 1 1 10 12 1 1 10 12 1 100 1 10 12 1 1 10 100 12 1 1 1 6 0 8 1 10 12 1 1 8 1 10 12 1 1 8 1 6 0 10 12 1 1 100 1 5 0 5 0 8 1 8 1 10 100 12 1 1 1 10 100 12 1 1 1 8 1 10 12 1 1 8 1 8 1 8 1 10 12 1 1 10 12 1 10 12 1 1 10 12 1 10 12 1 10 12 1 1 10 12 1 10 6 0 6 0 6 0 10 7 12 1 1 9 12 1 1 10 12 1 10 12 1 10 12 1 10 12 1 5 0 10 12 1 1 10 12 1 10 12 1 10 100 12 1 1 1 10 12 1 1 10 12 1 1 8 1 10 7 12 1 1 1 9 12 1 1 100 1 100 1 100 1 1 1 1 1 6 0 1 1 1 6 0 1 1 3 1 3 1 3 1 3 1 1 1 1 5 0 1 1 1 1 1 1 1 1 1 1 1 1 1 1 1 1 100 1 1 1 1 1 1 1 1 1 1 1 1 3 1 1 1 1 1 1 1 1 1 1 1 1 1 1 1 1 1 1 1 1 1 1 1 1 1 1 1 1 1 1 1 1 1 1 100 1 1 1 1 1 1 1 100 1 100 1 1
staticfield java/lang/Double TYPE Ljava/lang/Class; java/lang/Class
ciInstanceKlass java/lang/Byte 1 1 215 7 1 100 1 10 100 12 1 1 1 9 12 1 1 8 1 9 12 1 1 100 1 10 12 1 1 10 12 1 1 10 100 12 1 1 1 10 100 12 1 1 1 9 7 12 1 1 1 10 12 1 1 100 1 100 1 10 12 1 1 8 1 10 12 1 1 8 1 10 12 1 10 12 1 10 12 1 10 12 1 1 10 12 1 10 12 1 10 12 1 1 10 8 1 8 1 10 7 1 9 12 1 1 10 12 1 10 12 1 1 10 12 1 1 10 12 1 1 10 12 1 5 0 10 12 1 1 8 1 10 7 12 1 1 1 9 12 1 1 100 1 100 1 1 1 3 1 3 1 1 1 1 3 1 3 1 1 5 0 1 1 1 1 1 1 1 1 1 1 1 1 1 1 1 1 1 1 1 1 1 1 1 1 1 1 1 1 1 1 1 1 1 1 1 1 1 1 1 1 1 1 1 1 1 1 1 1 1 1 1 1 1 1 1
staticfield java/lang/Byte TYPE Ljava/lang/Class; java/lang/Class
ciInstanceKlass java/lang/Short 1 1 224 7 1 100 1 100 1 10 100 12 1 1 1 10 12 1 1 100 1 100 1 10 12 1 1 8 1 10 12 1 1 8 1 10 12 1 10 12 1 10 12 1 10 12 1 1 10 12 1 1 10 12 1 9 12 1 1 8 1 9 12 1 1 100 1 10 12 1 1 10 12 1 10 100 12 1 1 1 10 100 12 1 1 1 9 7 12 1 1 1 10 12 1 10 12 1 1 10 8 1 8 1 10 7 1 9 12 1 1 10 12 1 10 12 1 1 10 12 1 1 10 12 1 1 10 12 1 3 3 5 0 10 12 1 1 8 1 10 7 12 1 1 1 9 12 1 1 100 1 100 1 1 1 3 1 3 1 1 1 1 3 1 3 1 1 5 0 1 1 1 1 1 1 1 1 1 1 1 1 1 1 1 1 1 1 1 1 1 1 1 1 1 1 1 3 1 1 1 1 1 1 1 1 1 1 1 1 1 1 1 1 1 1 1 1 1 1 1 1 1 1 1 1 1
staticfield java/lang/Short TYPE Ljava/lang/Class; java/lang/Class
ciInstanceKlass java/lang/Integer 1 1 445 7 1 100 1 7 1 7 1 10 12 1 1 9 12 1 1 9 12 1 1 10 100 12 1 1 1 10 12 1 1 10 100 12 1 1 1 10 10 12 1 1 10 100 12 1 1 1 10 12 1 10 12 1 1 10 7 12 1 1 1 10 12 1 1 10 12 1 1 10 12 1 10 12 1 10 12 1 1 10 10 12 1 9 12 1 1 9 12 1 100 1 8 1 10 12 1 100 1 10 12 1 8 1 10 12 1 1 10 12 1 8 1 10 12 1 8 1 10 12 1 1 3 10 12 1 1 3 10 12 1 1 10 12 1 1 10 7 12 1 1 1 11 7 1 100 1 10 11 10 12 1 1 8 1 10 12 1 1 8 1 100 1 10 12 1 1 10 12 1 1 5 0 8 1 10 12 1 10 12 1 10 12 1 10 12 1 1 7 1 9 12 1 1 9 12 1 1 10 12 1 10 7 1 9 12 1 10 12 1 10 12 1 10 12 1 1 10 7 12 1 1 1 100 1 100 1 10 12 1 1 10 12 1 1 8 1 8 1 10 12 1 1 8 1 8 1 8 1 8 1 8 1 8 1 10 12 1 10 12 1 10 12 1 5 0 3 3 3 3 10 12 1 3 10 12 1 10 100 12 1 1 1 10 12 1 1 10 12 1 1 8 1 10 7 12 1 1 1 9 12 1 1 3 3 3 3 3 3 9 12 1 1 100 1 100 1 100 1 1 1 1 1 1 1 3 1 3 1 1 5 0 1 1 1 1 1 1 1 1 1 100 1 1 1 1 1 1 1 1 1 1 1 1 1 1 1 1 1 1 1 1 1 1 1 1 1 1 1 1 1 1 1 1 1 1 1 1 1 1 1 3 1 1 1 1 1 1 1 1 1 1 1 1 1 1 1 1 100 1 1 1 1 1 1 1 1 1 1 1 1 1 1 1 1 1 1 1 1 1 1 1 1 1 1 1 1 1 1 1 100 1 1 1 1 1 1 1 1 1 100 1 100 1 1
staticfield java/lang/Integer TYPE Ljava/lang/Class; java/lang/Class
staticfield java/lang/Integer digits [C 36
staticfield java/lang/Integer DigitTens [B 100
staticfield java/lang/Integer DigitOnes [B 100
staticfield java/lang/Integer sizeTable [I 10
ciInstanceKlass java/lang/Long 1 1 506 7 1 100 1 7 1 100 1 10 12 1 1 9 12 1 1 9 7 12 1 1 1 10 100 12 1 1 1 10 12 1 1 10 100 12 1 1 1 10 10 12 10 12 1 10 12 1 10 12 1 5 0 5 0 100 1 10 12 1 1 10 12 1 1 10 12 1 10 12 1 10 12 1 10 12 1 1 10 100 12 1 1 10 12 1 10 12 1 1 10 12 1 1 10 12 1 1 10 12 1 1 10 100 12 1 1 1 10 12 1 1 10 12 1 10 12 1 10 12 1 10 12 1 1 10 10 12 1 5 0 5 0 9 12 1 1 9 12 1 5 0 100 1 8 1 10 12 1 8 1 10 12 1 8 1 8 1 10 12 1 1 5 0 10 12 1 1 5 0 10 12 1 1 10 12 1 1 10 100 12 1 1 1 11 100 1 100 1 10 11 10 12 1 1 8 1 10 12 1 1 8 1 100 1 10 12 1 1 10 12 1 8 1 8 1 11 12 1 1 10 12 1 10 12 1 10 12 1 5 0 5 0 9 7 12 1 1 1 10 12 1 10 12 1 1 8 1 8 1 10 12 1 1 8 1 8 1 8 1 8 1 8 1 8 1 10 12 1 10 12 1 10 12 1 1 10 7 1 9 12 1 1 10 12 1 10 12 1 1 10 7 12 1 1 1 100 1 100 1 10 12 1 1 10 12 1 1 5 0 10 12 1 10 12 1 5 0 5 0 5 0 10 12 1 1 5 0 5 0 10 12 1 10 12 1 10 100 12 1 1 1 10 12 1 1 10 12 1 1 8 1 10 7 12 1 1 1 9 12 1 1 100 1 100 1 100 1 1 1 1 5 0 1 1 1 1 3 1 3 1 5 0 1 1 1 1 1 1 1 1 1 100 1 1 1 1 1 1 1 1 1 1 1 1 1 1 1 1 1 1 1 1 1 1 1 1 1 1 1 1 1 1 1 1 1 1 1 1 1 1 1 1 1 1 1 1 1 1 1 1 1 1 1 1 1 1 3 1 1 1 1 1 1 1 1 1 1 1 1 1 1 1 100 1 1 1 1 1 1 1 1 1 1 1 1 1 1 1 1 1 1 1 1 1 1 1 1 1 1 1 100 1 1 1 1 1 1 1 1 1 100 1 100 1 1
staticfield java/lang/Long TYPE Ljava/lang/Class; java/lang/Class
instanceKlass java/lang/ref/PhantomReference
instanceKlass java/lang/ref/FinalReference
instanceKlass java/lang/ref/WeakReference
instanceKlass java/lang/ref/SoftReference
ciInstanceKlass java/lang/ref/Reference 1 1 195 9 7 12 1 1 1 9 7 12 1 1 10 12 1 1 10 12 1 1 9 12 1 1 10 12 1 1 9 12 1 1 9 12 1 1 7 1 10 12 1 10 7 12 1 1 10 12 1 10 12 1 1 10 12 1 9 12 1 10 12 1 1 10 12 1 10 12 1 9 12 1 100 1 100 1 10 12 1 9 12 1 9 12 1 100 1 10 10 12 1 10 10 7 12 1 1 10 7 12 1 1 1 10 12 1 1 10 7 12 1 1 7 1 8 1 10 12 1 10 12 1 1 10 12 1 1 10 12 1 7 1 10 10 7 12 1 1 1 1 1 1 1 1 1 1 1 1 1 1 1 1 1 1 1 100 1 1 1 100 1 1 1 1 1 1 1 1 1 1 1 1 1 1 1 1 1 1 1 1 1 1 1 1 1 1 1 1 1 1 1 1 1 1 1
staticfield java/lang/ref/Reference processPendingLock Ljava/lang/Object; java/lang/Object
staticfield java/lang/ref/Reference $assertionsDisabled Z 1
instanceKlass sun/security/util/MemoryCache$SoftCacheEntry
instanceKlass org/aspectj/apache/bcel/util/ClassLoaderRepository$SoftHashMap$SpecialValue
instanceKlass java/util/ResourceBundle$BundleReference
instanceKlass sun/util/locale/provider/LocaleResources$ResourceReference
instanceKlass sun/util/resources/Bundles$BundleReference
instanceKlass sun/util/locale/LocaleObjectCache$CacheEntry
instanceKlass org/springframework/util/ConcurrentReferenceHashMap$SoftEntryReference
instanceKlass java/lang/invoke/LambdaFormEditor$Transform
ciInstanceKlass java/lang/ref/SoftReference 1 1 47 10 7 12 1 1 1 9 7 12 1 1 1 9 12 1 10 12 1 10 12 1 1 1 1 1 1 1 1 1 1 1 1 1 1 1 1 1 1 1 1 100 1 1 1 1 1
instanceKlass org/springframework/cglib/core/WeakCacheKey
instanceKlass java/util/ResourceBundle$KeyElementReference
instanceKlass java/util/logging/LogManager$LoggerWeakRef
instanceKlass java/util/logging/Level$KnownLevel
instanceKlass java/lang/WeakPairMap$WeakRefPeer
instanceKlass java/lang/ClassValue$Entry
instanceKlass java/lang/invoke/MethodType$ConcurrentWeakInternSet$WeakEntry
instanceKlass java/lang/ThreadLocal$ThreadLocalMap$Entry
instanceKlass java/util/WeakHashMap$Entry
ciInstanceKlass java/lang/ref/WeakReference 1 1 31 10 7 12 1 1 1 10 12 1 100 1 1 1 1 1 1 1 1 1 1 1 1 1 1 1 1 1 1 1 1
instanceKlass java/lang/ref/Finalizer
ciInstanceKlass java/lang/ref/FinalReference 1 1 47 10 7 12 1 1 1 10 100 12 1 1 1 10 12 1 1 100 1 8 1 10 12 1 1 1 1 1 1 1 1 1 1 1 1 1 1 1 1 1 1 1 1 1 1 1 1
ciInstanceKlass java/lang/ref/Finalizer 1 1 152 9 7 12 1 1 1 10 7 12 1 1 1 9 12 1 1 9 12 1 1 9 12 1 9 12 1 10 12 1 10 12 1 1 9 12 1 1 100 1 10 12 1 100 1 11 100 12 1 1 100 1 10 12 1 100 1 10 12 1 10 100 12 1 1 1 10 100 12 1 1 1 100 1 10 10 12 1 10 7 12 1 1 1 7 1 10 7 1 10 10 7 12 1 1 1 10 12 1 1 10 7 12 1 1 7 1 10 12 1 10 12 1 1 10 12 1 1 10 12 1 1 1 1 1 1 1 1 1 1 1 1 1 1 1 1 1 1 1 1 1 1 1 1 1 1 1 1 1 1 1 1
staticfield java/lang/ref/Finalizer lock Ljava/lang/Object; java/lang/Object
staticfield java/lang/ref/Finalizer $assertionsDisabled Z 1
instanceKlass com/mysql/cj/jdbc/AbandonedConnectionCleanupThread$ConnectionFinalizerPhantomReference
instanceKlass jdk/internal/ref/PhantomCleanable
instanceKlass jdk/internal/ref/Cleaner
ciInstanceKlass java/lang/ref/PhantomReference 1 1 39 10 100 12 1 1 1 10 7 12 1 1 1 1 1 1 1 1 1 1 1 1 1 1 1 1 1 1 1 1 1 1 1 1 1 1 1 1 1
instanceKlass java/lang/reflect/Executable
instanceKlass java/lang/reflect/Field
ciInstanceKlass java/lang/reflect/AccessibleObject 1 1 398 10 7 12 1 1 1 9 100 12 1 1 1 10 100 12 1 1 1 10 7 12 1 1 10 7 12 1 1 1 10 100 12 1 1 1 10 12 1 1 10 12 1 1 9 12 1 1 100 1 10 7 12 1 1 1 11 12 1 100 1 10 12 1 7 1 100 1 10 12 1 10 12 1 1 7 1 10 100 12 1 1 1 10 12 1 1 100 1 10 12 1 1 100 1 10 10 10 7 12 1 1 1 10 12 1 1 10 12 1 10 12 1 10 12 1 1 10 12 1 8 1 100 1 10 10 12 1 1 8 1 10 12 1 10 12 1 8 1 8 1 8 1 8 1 8 1 8 1 100 1 10 12 1 10 12 1 9 12 1 1 10 12 1 1 10 12 1 10 11 100 1 100 1 8 1 10 10 12 1 10 12 1 1 8 1 10 12 1 8 1 10 12 1 1 10 100 1 8 1 10 11 7 12 1 1 10 12 1 1 10 12 1 1 10 12 1 1 9 12 1 1 100 1 10 12 1 7 1 10 12 1 10 12 1 1 10 100 1 10 12 1 10 12 10 12 1 10 12 1 1 10 12 1 10 12 1 1 10 12 1 9 12 1 10 100 12 1 1 8 1 10 100 12 1 1 1 8 1 10 100 12 1 1 1 9 12 1 100 1 10 7 1 10 10 7 12 1 1 1 7 1 10 10 7 12 1 1 1 7 1 9 12 1 1 1 1 1 1 1 1 1 1 1 1 1 1 1 1 1 1 1 1 1 1 1 1 1 1 1 1 1 1 1 1 1 1 1 1 1 1 1 1 1 1 1 1 1 1 1 1 1 1 1 1 1 1 1 1 1 1 1 1 1 1 1 1 1 1 1 1 1 1 1 1 1 1 1 1 1 1 1 1 1 1 1 1 1
staticfield java/lang/reflect/AccessibleObject reflectionFactory Ljdk/internal/reflect/ReflectionFactory; jdk/internal/reflect/ReflectionFactory
instanceKlass java/lang/reflect/Constructor
instanceKlass java/lang/reflect/Method
ciInstanceKlass java/lang/reflect/Executable 1 1 548 10 7 12 1 1 1 10 7 12 1 1 1 10 7 12 1 1 1 11 7 12 1 1 1 10 7 12 1 1 1 10 12 1 1 10 7 12 1 1 1 10 7 12 1 1 1 10 12 1 8 1 10 10 12 1 1 10 12 1 1 10 100 12 1 1 1 18 12 1 1 11 100 12 1 1 1 8 1 8 1 8 1 10 100 12 1 1 1 11 12 1 1 7 1 8 1 8 1 10 12 1 100 1 8 1 10 12 1 8 1 11 100 12 1 1 1 100 1 10 12 1 1 11 12 1 8 1 18 8 1 10 12 1 10 12 1 1 18 8 1 10 12 1 100 1 10 12 1 10 12 1 11 100 12 1 1 10 12 1 1 8 1 8 1 10 12 1 1 10 12 1 1 10 10 12 1 100 1 10 10 12 1 10 12 1 1 10 7 12 1 1 10 12 1 10 12 1 10 12 1 1 10 7 12 1 1 10 12 1 10 12 1 10 7 12 1 1 1 10 12 1 8 1 10 12 1 10 12 1 3 100 1 8 1 10 12 1 10 12 1 10 10 12 1 10 12 1 1 8 1 8 1 8 1 9 12 1 10 12 1 100 1 8 1 9 12 1 10 12 1 10 12 1 1 10 12 1 1 10 12 1 10 12 10 12 1 7 1 10 12 1 10 12 1 1 100 1 10 100 12 1 1 1 7 1 10 7 12 1 1 1 10 12 1 1 11 7 12 1 1 10 7 12 1 1 10 100 12 1 1 1 10 12 1 1 9 12 1 10 12 1 1 10 12 1 10 12 1 1 9 7 12 1 1 1 10 7 12 1 1 1 10 12 1 10 12 1 1 9 12 1 10 10 10 10 100 12 1 1 1 10 12 1 9 12 1 10 12 1 1 9 12 1 100 1 100 1 1 1 1 1 1 1 1 1 1 1 1 1 1 1 1 1 1 1 1 1 1 1 1 1 1 1 1 1 1 1 1 1 1 100 1 1 1 1 1 1 1 1 100 1 1 1 1 1 1 1 1 1 1 1 1 100 1 1 1 1 1 1 1 1 1 1 1 1 1 1 1 1 1 1 1 1 1 1 1 1 1 1 1 1 1 1 1 1 1 1 1 1 1 1 1 1 1 100 1 1 1 1 1 1 1 1 1 1 1 1 1 1 1 1 1 1 1 1 1 100 1 100 1 1 15 10 100 12 1 1 1 16 15 16 1 16 1 15 10 12 16 1 100 1 1 100 1 100 1 1
ciInstanceKlass java/lang/reflect/Constructor 1 1 429 10 7 12 1 1 1 10 7 12 1 1 9 7 12 1 1 1 10 12 1 1 10 12 1 1 10 7 12 1 1 9 12 1 1 10 7 12 1 1 1 9 12 1 1 9 12 1 1 9 12 1 9 12 1 1 9 12 1 9 12 1 1 9 12 1 1 9 12 1 100 1 8 1 10 12 1 10 12 1 9 12 1 1 10 7 12 1 1 10 7 12 1 1 1 10 12 1 1 10 12 1 1 10 12 1 7 1 100 1 8 1 10 10 12 1 10 12 1 10 12 1 1 10 12 1 1 100 1 10 7 12 1 1 10 12 1 1 10 12 1 10 12 1 1 10 7 12 1 1 1 10 100 12 1 1 10 12 1 1 10 12 1 10 100 12 1 1 1 8 1 10 10 12 1 100 1 8 1 10 12 1 10 12 1 1 10 12 1 1 10 12 1 10 12 1 10 12 1 1 10 12 1 1 9 12 1 1 10 12 1 1 10 12 1 1 10 12 1 8 1 10 12 1 1 11 7 12 1 1 1 10 12 1 1 10 12 1 10 12 1 9 12 1 1 10 7 12 1 1 1 10 12 1 1 10 12 1 1 10 12 1 1 10 12 1 1 10 12 1 9 100 12 1 1 10 12 1 10 12 1 10 12 1 100 1 8 1 10 10 12 1 1 10 12 1 10 10 12 1 1 10 12 1 1 10 100 12 1 1 1 11 100 12 1 1 1 10 12 1 1 9 100 12 1 1 1 10 100 12 1 1 1 10 12 1 1 1 1 1 1 1 1 1 1 1 1 1 1 1 1 1 1 1 1 1 1 1 1 1 1 1 1 1 1 1 1 1 1 1 1 1 1 1 1 1 1 1 1 1 1 1 1 1 1 1 100 1 100 1 100 1 100 1 1 1 1 1 1 1 1 1 1 1 1 1 1 1 1 1 1 1 1 1 1 1 1 1 1 1 1 1 1 1 1 1 100 1 1
ciInstanceKlass java/lang/reflect/Method 1 1 446 9 7 12 1 1 1 10 7 12 1 1 1 10 7 12 1 1 9 12 1 1 10 12 1 1 10 12 1 1 10 7 12 1 1 10 7 12 1 1 1 9 12 1 1 9 12 1 9 12 1 1 9 12 1 9 12 1 9 12 1 1 9 12 1 9 12 1 1 9 12 1 9 12 1 9 12 1 1 100 1 8 1 10 12 1 10 12 1 9 12 1 1 8 1 10 7 12 1 1 10 7 12 1 1 1 10 12 1 1 10 12 1 1 10 12 1 10 12 1 1 10 12 1 1 7 1 10 12 1 1 10 12 10 7 12 1 1 10 12 1 1 10 12 1 10 12 1 10 12 1 10 7 12 1 1 1 10 12 1 1 10 7 1 10 7 12 1 1 1 10 7 12 1 1 10 12 1 1 10 12 1 1 10 12 1 10 7 12 1 1 1 10 12 1 10 8 1 10 12 1 10 12 1 7 1 8 1 8 1 8 1 10 12 1 10 12 1 1 10 12 1 1 10 10 12 1 1 10 12 1 11 100 1 9 12 1 1 10 12 1 1 10 12 1 10 12 1 1 10 12 1 1 11 7 12 1 1 1 10 12 1 10 12 1 10 12 1 10 12 1 10 12 1 9 12 1 1 10 7 12 1 1 1 10 12 1 1 10 7 12 1 1 1 10 7 12 1 1 1 10 7 12 1 1 1 11 7 12 1 1 1 10 7 12 1 1 1 7 1 100 1 100 1 10 12 1 10 12 1 1 10 12 1 100 1 8 1 10 12 1 10 10 12 1 1 10 12 1 1 10 12 1 1 10 12 1 1 8 1 10 12 1 1 1 1 1 1 1 1 1 1 1 1 1 1 1 1 1 1 1 1 1 1 1 1 1 1 1 1 1 1 1 1 1 1 1 1 1 1 1 1 1 1 1 1 1 1 1 1 1 1 1 1 1 100 1 100 1 100 1 1 1 1 1 1 1 1 1 1 1 1 1 1 1 1 1 1 1 1 1 1 1 1 1 1
ciInstanceKlass java/lang/reflect/Field 1 1 437 9 7 12 1 1 1 10 12 1 1 10 100 12 1 1 1 10 100 12 1 1 9 12 1 1 10 12 1 1 10 12 1 1 10 100 12 1 1 10 7 12 1 1 1 9 12 1 1 9 12 1 9 12 1 9 12 1 1 9 12 1 1 9 12 1 9 12 1 1 9 12 1 1 100 1 8 1 10 12 1 10 12 1 9 12 1 1 9 12 1 10 12 1 10 7 12 1 1 10 12 1 1 10 12 1 1 10 12 1 10 12 1 1 7 1 10 12 1 1 10 12 1 1 10 12 1 1 10 12 1 10 12 1 10 7 1 10 7 12 1 1 100 1 10 8 1 10 12 1 1 10 12 1 1 8 1 10 12 10 12 1 8 1 8 1 10 11 100 1 9 12 1 10 12 1 1 10 12 1 1 11 7 12 1 1 1 11 12 1 1 11 12 1 1 11 12 1 1 11 12 1 1 11 12 1 1 11 12 1 1 11 12 1 1 11 12 1 1 11 12 1 1 11 12 1 1 11 12 1 1 11 12 1 1 11 12 1 1 11 12 1 1 11 12 1 1 11 12 1 1 11 12 1 1 10 12 1 10 100 12 1 1 10 12 1 10 12 1 1 10 12 9 12 1 1 10 7 12 1 1 1 10 12 1 1 10 7 12 1 1 10 12 1 1 11 7 1 10 12 1 100 1 10 100 12 1 1 1 10 7 12 1 1 1 9 12 1 10 7 12 1 1 1 11 7 12 1 1 1 10 12 1 1 10 12 1 1 9 100 12 1 1 1 10 100 12 1 1 1 10 12 1 1 100 1 1 1 1 1 1 1 1 1 1 1 1 1 1 1 1 1 1 1 1 1 1 1 1 1 1 1 1 1 1 1 1 1 1 1 100 1 1 1 1 1 1 1 1 1 1 1 1 1 1 1 1 1 1 1 1 1 1 1 1 1 1 1 1 1 1 1 1 1 1 100 1 1 1 1 1 1 1 1 100 1 1
ciInstanceKlass java/lang/reflect/Parameter 1 1 226 10 7 12 1 1 1 9 7 12 1 1 1 9 12 1 1 9 12 1 1 9 12 1 10 12 1 1 10 12 1 1 10 7 12 1 1 1 100 1 10 10 12 1 1 11 100 12 1 1 1 10 12 1 10 100 12 1 1 1 10 12 1 1 10 12 1 10 12 1 8 1 8 1 10 7 12 1 1 1 10 12 1 10 12 10 12 1 8 1 10 12 1 9 12 1 1 10 12 1 1 9 12 1 1 10 12 1 1 10 12 1 1 10 12 1 1 10 12 1 10 10 12 1 10 7 12 1 1 1 10 12 1 1 11 7 12 1 1 10 7 12 1 1 100 1 10 100 12 1 1 1 10 12 1 1 10 12 1 1 10 12 1 1 10 12 1 1 9 12 1 7 1 10 11 12 1 1 11 12 1 1 100 1 1 1 1 1 1 1 1 1 1 1 1 1 1 1 1 1 1 1 1 1 1 1 1 1 1 1 1 1 1 1 1 1 1 1 1 1 1 100 1 1 1 1
ciInstanceKlass java/lang/reflect/Array 1 1 83 10 100 12 1 1 1 10 7 12 1 1 1 10 12 1 1 1 1 1 1 1 1 1 1 1 1 1 1 1 100 1 1 1 1 1 100 1 1 1 1 1 1 1 1 100 1 1 1 1 1 1 1 1 1 1 1 1 1 1 1 1 1 1 1 1 1 1 1 1 1 1 1 1 1 1 1 1 1 1 1 1 1
ciMethod java/lang/reflect/Array newInstance (Ljava/lang/Class;I)Ljava/lang/Object; 184 0 14954 0 -1
ciInstanceKlass java/lang/StringBuffer 1 1 470 10 7 12 1 1 1 10 12 1 10 12 1 10 12 1 1 9 7 12 1 1 1 10 12 1 1 10 12 1 10 12 1 1 9 12 1 1 10 12 1 10 12 1 1 10 12 1 1 10 12 1 10 12 1 1 10 12 1 10 12 1 1 10 12 1 1 10 100 12 1 1 1 10 12 1 1 10 12 1 10 12 1 10 12 1 10 12 1 10 12 1 10 12 1 10 12 1 10 12 1 10 12 1 10 12 1 10 12 1 10 12 1 10 12 1 10 12 1 1 10 12 1 10 12 1 1 10 12 1 1 10 10 12 1 1 10 12 1 10 12 1 10 12 1 10 12 1 10 12 1 10 12 1 10 12 10 12 1 10 12 1 10 12 1 10 12 1 1 10 12 1 10 12 1 10 10 12 1 1 10 12 1 1 9 12 1 1 10 7 12 1 1 1 10 100 1 10 10 100 12 1 1 1 10 10 12 1 10 8 10 100 12 1 1 1 8 10 12 1 8 1 10 12 1 10 12 1 10 100 12 1 1 1 10 100 12 1 1 1 7 1 10 12 100 1 8 1 10 10 12 1 1 10 12 1 1 10 12 1 1 10 12 1 10 12 1 10 12 1 10 12 1 10 12 1 10 12 1 10 12 1 10 12 1 10 12 1 10 12 1 10 12 1 10 12 1 10 12 1 10 12 1 10 12 1 10 12 1 10 12 10 12 10 12 1 10 12 1 10 12 1 10 12 10 12 1 10 12 1 10 12 1 10 12 1 10 12 1 10 12 1 10 12 1 10 12 1 10 12 1 10 12 1 10 12 1 7 1 10 12 1 9 7 12 1 1 1 9 7 1 9 12 1 1 100 1 100 1 100 1 1 1 1 5 0 1 1 1 1 1 1 1 1 1 1 1 1 1 1 1 1 1 1 1 1 1 1 1 1 1 1 1 1 1 1 1 1 1 1 1 1 1 1 1 1 1 1 1 1 1 1 1 1 1 1 1 1 1 1 1 1 1 1 1 1 100 1 1 1 1 1 100 1 1 1 1 1 1 1 1 1 1 1 1 1 1 1 1 1
staticfield java/lang/StringBuffer serialPersistentFields [Ljava/io/ObjectStreamField; 3 [Ljava/io/ObjectStreamField;
instanceKlass java/lang/StringBuilder
instanceKlass java/lang/StringBuffer
ciInstanceKlass java/lang/AbstractStringBuilder 1 1 547 7 1 7 1 10 7 12 1 1 1 9 7 12 1 1 1 9 12 1 9 12 1 1 9 12 1 1 10 7 12 1 1 1 10 12 1 1 3 3 10 12 1 10 12 1 1 11 7 1 100 1 100 1 10 8 1 10 12 1 10 12 1 10 12 1 1 10 12 1 10 12 1 10 12 1 9 12 1 1 10 12 1 1 10 7 12 1 1 1 10 10 12 1 10 12 1 10 12 1 1 10 12 1 1 10 7 12 1 1 1 10 7 12 1 1 1 100 1 8 1 10 10 12 1 1 100 1 10 12 10 12 1 1 10 10 12 1 1 10 12 1 1 10 12 1 1 10 12 1 1 100 1 10 10 12 1 10 100 12 1 1 1 10 12 1 1 10 12 1 10 12 1 1 10 10 12 1 1 10 12 10 12 1 10 12 1 1 10 12 1 1 10 12 1 1 10 12 1 10 10 12 1 1 10 12 1 10 12 1 1 8 1 10 12 1 1 10 12 1 10 12 1 10 12 1 10 12 1 10 12 1 10 12 1 10 7 12 1 1 10 12 1 10 12 1 10 100 12 1 1 1 10 12 1 10 12 1 10 12 1 10 12 1 10 12 1 1 10 12 1 10 12 1 1 10 12 1 1 10 10 7 12 1 1 1 10 12 1 10 12 1 10 12 1 1 10 12 1 10 12 1 10 12 1 10 12 1 10 12 1 10 12 1 10 12 1 10 12 1 10 12 1 1 10 12 1 10 12 1 10 12 10 12 1 1 18 12 1 1 100 1 10 100 12 1 1 1 18 10 12 1 1 10 12 1 10 12 1 1 11 12 1 10 12 1 10 12 1 10 10 12 1 10 8 1 8 1 8 1 10 10 100 1 10 12 1 100 1 10 100 1 10 100 1 1 1 3 1 1 1 1 1 1 1 1 1 1 100 1 1 1 1 1 1 1 1 1 1 1 1 1 1 1 1 1 1 1 1 1 1 1 1 1 1 1 1 1 1 1 1 1 1 1 1 1 1 1 1 1 1 1 1 1 1 1 1 1 1 1 1 1 1 1 1 1 1 1 1 1 1 1 1 1 1 1 1 1 1 1 1 1 1 1 1 1 1 1 1 1 1 1 1 1 1 1 1 1 1 1 1 1 1 1 1 1 100 1 1 100 1 1 1 1 1 100 1 1 1 1 1 1 15 10 100 12 1 1 1 16 1 15 10 12 16 15 10 12 1 1 1 1 100 1 100 1 1
staticfield java/lang/AbstractStringBuilder EMPTYVALUE [B 0
ciMethod java/lang/AbstractStringBuilder append (Ljava/lang/String;)Ljava/lang/AbstractStringBuilder; 668 0 6628 0 1600
ciMethod java/lang/AbstractStringBuilder <init> (I)V 330 0 5298 0 512
ciMethod java/lang/AbstractStringBuilder inflate ()V 0 0 6 0 -1
ciMethod java/lang/AbstractStringBuilder isLatin1 ()Z 462 0 137509 0 0
ciMethod java/lang/AbstractStringBuilder getCoder ()B 770 0 5567 0 0
ciMethod java/lang/AbstractStringBuilder newCapacity (I)I 296 0 430 0 0
ciMethod java/lang/AbstractStringBuilder ensureCapacityInternal (I)V 818 0 6047 0 1088
ciMethod java/lang/AbstractStringBuilder appendNull ()Ljava/lang/AbstractStringBuilder; 0 0 1 0 -1
ciMethod java/lang/AbstractStringBuilder putStringAt (ILjava/lang/String;)V 770 0 5545 0 352
ciMethod java/lang/AbstractStringBuilder putStringAt (ILjava/lang/String;II)V 770 0 5545 0 0
ciInstanceKlass java/lang/SecurityManager 0 0 576 10 100 12 1 1 1 9 100 12 1 1 1 10 100 12 1 1 1 100 1 8 1 10 12 1 10 12 1 1 10 100 12 1 1 1 10 100 1 10 100 1 10 9 100 12 1 1 1 10 100 12 1 1 1 10 12 1 1 10 100 12 1 1 100 1 8 1 10 9 12 1 1 9 12 1 8 1 9 12 1 100 1 10 8 1 10 12 1 1 10 12 1 10 12 1 1 100 1 10 10 12 1 1 100 1 8 1 10 12 1 8 1 8 1 8 1 8 1 8 1 8 1 10 12 1 8 1 8 1 8 1 8 1 8 1 10 100 12 1 1 1 10 12 1 1 8 1 100 1 8 1 10 8 1 8 1 8 1 8 1 8 1 10 100 12 1 1 8 1 100 1 8 1 8 1 10 8 1 10 12 1 100 1 8 1 10 10 12 1 1 10 12 1 10 12 1 10 12 1 10 100 12 1 1 1 10 12 1 10 100 12 1 1 11 100 12 1 1 1 18 12 1 1 11 100 12 1 1 1 18 12 1 1 11 12 1 1 18 18 11 12 1 18 12 1 11 12 1 1 9 12 1 1 9 12 1 9 12 1 9 12 1 100 1 10 100 12 1 1 10 12 1 10 12 1 18 12 1 18 10 100 12 1 1 1 18 12 1 10 12 1 18 18 8 1 10 12 1 9 12 1 1 11 100 12 1 1 1 8 1 100 1 10 12 1 10 12 1 1 10 12 1 1 9 12 1 1 10 12 1 10 12 1 1 8 1 100 1 10 9 12 1 8 1 10 12 1 8 1 100 1 10 10 100 12 1 1 10 100 1 9 100 12 1 1 1 11 12 1 1 10 12 1 11 12 1 10 12 1 100 1 10 10 12 1 1 10 12 1 1 1 1 1 1 1 1 1 1 1 100 1 1 1 1 1 1 1 1 1 1 1 1 1 1 1 1 1 1 1 1 1 1 1 1 1 1 1 1 1 1 1 1 1 1 1 1 1 1 1 1 1 1 1 1 1 1 1 1 1 1 1 1 1 1 1 1 3 1 1 1 1 1 1 1 1 1 1 100 1 1 1 1 1 1 1 1 1 1 1 1 1 1 1 1 1 1 1 1 1 1 1 1 1 1 1 1 1 1 1 1 1 1 1 1 1 1 15 10 100 12 1 1 1 16 15 10 100 12 1 1 1 16 1 16 15 10 12 16 1 15 10 12 16 15 11 100 1 16 1 16 1 15 10 12 16 15 10 12 16 15 10 12 1 16 1 15 11 12 1 15 10 12 16 15 10 16 1 1 1 1 100 1 100 1 1
ciInstanceKlass java/security/AccessControlContext 1 1 373 9 7 12 1 1 1 9 12 1 1 10 7 12 1 1 1 8 1 10 7 12 1 1 1 10 7 12 1 1 1 9 12 1 9 12 1 1 9 12 1 1 10 7 12 1 1 100 1 10 12 1 11 100 12 1 1 1 11 12 1 11 12 1 11 12 1 1 7 1 11 12 1 1 10 12 1 10 7 12 1 1 1 9 100 12 1 1 1 10 100 12 1 1 1 11 100 12 1 1 1 10 7 1 100 1 8 1 10 12 1 10 12 1 1 7 1 10 7 12 1 1 1 9 12 1 9 12 1 9 12 1 9 12 1 1 9 12 1 1 9 12 1 9 12 1 10 7 12 1 1 1 9 12 1 10 12 1 1 10 12 1 1 8 1 10 12 1 1 10 12 1 1 10 100 12 1 1 1 7 1 10 10 12 1 1 10 100 12 1 1 1 10 8 1 10 100 12 1 1 8 1 10 100 12 1 1 8 1 8 1 10 12 1 8 1 10 12 1 8 1 10 12 1 10 12 1 10 12 1 1 8 1 8 1 100 1 10 12 1 10 12 1 1 7 1 10 12 1 8 1 10 12 1 10 12 1 10 8 1 10 12 1 1 10 12 1 1 10 12 1 1 10 12 1 1 10 12 1 10 12 1 10 12 1 10 12 1 1 10 10 10 12 1 1 1 1 1 1 1 1 1 1 1 1 1 1 1 1 1 1 1 1 1 1 1 1 100 1 1 1 1 1 1 1 1 1 1 1 1 1 1 1 1 1 1 1 1 1 1 1 1 1 1 1 1 1 1 1 1 1 1 1 1 1 1 1 1 1 1 1 1 1 1 1 1 1 1 1 1 3 1 1
ciInstanceKlass java/net/URL 1 1 743 10 7 12 1 1 1 10 12 1 10 7 12 1 1 9 12 1 1 9 12 1 10 7 12 1 1 1 10 12 1 1 10 12 1 1 9 12 1 1 10 7 12 1 1 1 8 1 10 12 1 1 7 1 10 10 12 1 1 8 1 10 12 1 1 9 12 1 7 1 8 1 10 12 1 10 12 1 8 1 9 12 1 10 12 1 1 9 12 1 10 12 1 10 12 1 9 12 1 9 12 1 8 1 9 12 1 10 12 1 1 8 1 9 12 1 1 10 12 1 1 10 7 12 1 1 1 8 1 10 12 1 7 1 10 12 1 10 12 1 10 12 1 10 12 1 1 10 12 1 1 8 1 10 12 1 1 10 12 1 8 1 9 12 1 8 1 10 12 1 10 7 12 1 1 1 100 1 10 12 1 10 12 1 1 10 7 12 1 1 1 7 1 8 1 10 10 12 1 8 1 10 12 1 1 10 12 1 10 12 1 10 12 1 10 12 1 10 12 1 8 1 10 12 1 10 10 7 12 1 1 1 10 12 1 9 100 12 1 1 1 10 100 12 1 1 1 9 12 1 1 10 12 1 10 100 12 1 1 1 100 1 100 1 10 12 1 10 12 1 10 12 1 10 12 1 10 12 1 10 12 10 10 10 12 1 100 1 10 12 1 10 12 1 1 8 1 9 100 12 1 1 1 10 100 12 1 1 1 10 12 1 1 9 100 12 1 1 1 10 12 1 1 100 1 10 12 1 10 12 1 10 10 12 1 1 10 12 1 1 10 12 1 10 12 1 10 12 1 10 7 12 1 1 1 10 12 1 1 10 12 1 9 12 1 1 9 12 1 1 100 1 8 1 10 10 12 1 9 12 1 1 10 7 12 1 1 8 1 10 7 12 1 1 8 1 10 12 1 1 10 12 1 8 1 8 1 10 7 12 1 1 1 100 1 10 100 12 1 1 1 10 12 1 10 12 1 100 1 10 9 12 1 1 10 7 12 1 1 8 1 10 12 1 1 100 1 10 10 100 12 1 1 1 8 9 100 12 1 1 1 10 12 1 10 12 1 10 12 1 10 12 1 10 100 12 1 1 11 7 12 1 1 10 12 1 10 12 1 9 12 1 10 12 1 1 10 100 12 1 1 10 100 12 1 1 1 8 10 100 12 1 1 100 1 10 8 8 10 12 1 8 8 8 100 1 10 12 1 9 12 1 1 10 12 1 10 12 1 1 10 12 1 10 12 10 12 1 1 10 12 1 1 10 10 10 12 1 10 12 1 10 12 1 10 12 1 10 12 1 10 10 12 1 100 1 8 1 10 10 10 12 1 1 10 12 1 10 12 1 1 8 1 7 1 10 10 10 7 1 10 12 1 9 7 12 1 1 1 9 12 1 1 7 1 10 10 7 12 1 1 1 100 1 1 1 1 1 5 0 1 1 1 1 1 1 1 1 1 1 1 1 1 1 1 1 1 1 1 1 1 1 1 1 1 1 1 1 1 1 1 1 1 1 1 1 1 1 1 100 1 1 1 1 1 1 1 1 1 1 1 1 1 1 1 1 1 1 1 1 1 1 1 1 1 1 1 1 1 1 1 1 1 1 1 1 1 100 1 1 1 1 1 1 1 1 1 1 1 1 1 1 1 1 100 1 1 1 1 1 1 1 1 1 1 1 1 1 1 1 1 1 1
staticfield java/net/URL defaultFactory Ljava/net/URLStreamHandlerFactory; java/net/URL$DefaultFactory
staticfield java/net/URL streamHandlerLock Ljava/lang/Object; java/lang/Object
staticfield java/net/URL serialPersistentFields [Ljava/io/ObjectStreamField; 7 [Ljava/io/ObjectStreamField;
ciMethod java/net/URL <init> (Ljava/net/URL;Ljava/lang/String;Ljava/net/URLStreamHandler;)V 8986 23684 9638 0 -1
ciMethod java/net/URL <init> (Ljava/net/URL;Ljava/lang/String;)V 512 0 5473 0 0
ciMethod java/net/URL toLowerCase (Ljava/lang/String;)Ljava/lang/String; 470 0 924 0 -1
ciMethod java/net/URL checkSpecifyHandler (Ljava/lang/SecurityManager;)V 0 0 1 0 -1
ciMethod java/net/URL getURLStreamHandler (Ljava/lang/String;)Ljava/net/URLStreamHandler; 268 0 823 0 -1
ciMethod java/net/URL isValidProtocol (Ljava/lang/String;)Z 2196 6512 1356 0 -1
ciMethod java/net/URL getHost ()Ljava/lang/String; 258 0 129 0 0
ciMethod java/net/URL getPort ()I 258 0 129 0 0
ciMethod java/net/URL getDefaultPort ()I 606 0 8310 0 0
ciMethod java/net/URL getProtocol ()Ljava/lang/String; 260 0 130 0 0
ciMethod java/net/URL getFile ()Ljava/lang/String; 258 0 129 0 0
ciInstanceKlass java/util/jar/Manifest 1 1 336 10 7 12 1 1 1 7 1 10 9 7 12 1 1 1 7 1 10 9 12 1 1 9 12 1 1 10 12 1 10 12 1 1 10 12 1 1 10 12 1 1 10 12 1 1 11 7 1 11 12 1 1 10 12 1 1 10 100 12 1 1 1 100 1 100 1 10 8 1 10 12 1 1 10 12 1 1 10 12 1 10 12 1 11 100 1 10 12 1 10 12 1 1 11 12 1 1 10 12 1 11 12 1 1 11 100 12 1 1 1 11 100 12 1 1 11 12 1 1 100 1 10 12 1 8 1 11 12 1 7 1 10 12 1 1 11 12 1 10 12 1 10 12 1 10 100 12 1 1 1 8 1 10 12 1 1 10 9 7 12 1 1 1 10 12 1 1 10 100 12 1 10 12 1 10 12 1 9 100 12 1 1 1 8 1 10 12 1 8 1 8 1 7 1 10 12 1 10 12 1 10 12 1 1 100 1 8 1 10 12 1 1 8 1 10 10 12 1 1 8 1 10 12 1 1 10 100 12 1 1 1 10 12 1 10 11 12 1 1 10 12 1 10 7 12 1 1 1 10 12 1 1 10 12 1 1 11 10 12 1 11 10 12 1 100 1 1 1 1 1 1 1 1 1 1 1 1 1 1 1 1 1 1 1 1 1 1 1 1 1 1 1 1 1 1 1 1 1 1 1 1 1 1 1 1 1 1 1 100 1 1 1 1 1 1 1 1 1 1 1 1 1 1 100 1 1 1 1 1 1 1 1 1 1 1
instanceKlass org/apache/tomcat/util/collections/ManagedConcurrentWeakHashMap
instanceKlass java/util/concurrent/ConcurrentSkipListMap
instanceKlass org/aspectj/apache/bcel/util/ClassLoaderRepository$SoftHashMap
instanceKlass com/fasterxml/jackson/databind/util/internal/PrivateMaxEntriesMap
instanceKlass org/hibernate/validator/internal/util/ConcurrentReferenceHashMap
instanceKlass sun/util/PreHashedMap
instanceKlass org/springframework/util/ConcurrentReferenceHashMap
instanceKlass java/util/Collections$SingletonMap
instanceKlass java/util/EnumMap
instanceKlass java/util/TreeMap
instanceKlass java/util/IdentityHashMap
instanceKlass java/util/WeakHashMap
instanceKlass java/util/Collections$EmptyMap
instanceKlass java/util/HashMap
instanceKlass java/util/ImmutableCollections$AbstractImmutableMap
instanceKlass java/util/concurrent/ConcurrentHashMap
ciInstanceKlass java/util/AbstractMap 1 1 192 10 7 12 1 1 1 10 7 12 1 1 1 11 7 12 1 1 1 10 11 12 1 1 11 7 12 1 1 1 11 12 1 1 7 1 11 12 1 10 12 1 1 11 12 1 100 1 10 11 12 1 11 7 1 10 12 1 1 11 12 1 9 12 1 1 7 1 10 12 1 9 12 1 1 100 1 10 11 11 12 1 1 11 12 1 100 1 100 1 11 12 1 8 1 100 1 10 10 12 1 1 8 1 10 12 1 10 12 1 1 10 12 1 1 1 1 1 1 1 1 1 1 1 1 1 1 1 1 1 1 1 1 1 1 1 1 1 1 1 1 1 1 1 1 1 1 1 1 1 1 1 1 100 1 1 1 1 1 1 1 1 1 1 1 1 1 1 1 1 100 1 1 1 1 1 1 1 1 1 100 1 100 1 100 1 100 1 1 1 1 1
instanceKlass net/bytebuddy/matcher/FilterableList$AbstractBase
instanceKlass net/bytebuddy/matcher/FilterableList$Empty
instanceKlass sun/security/jca/ProviderList$ServiceList
instanceKlass java/util/AbstractList$SubList
instanceKlass java/util/Collections$CopiesList
instanceKlass sun/security/jca/ProviderList$3
instanceKlass java/util/ArrayList$SubList
instanceKlass java/util/Collections$SingletonList
instanceKlass java/util/AbstractSequentialList
instanceKlass java/util/Vector
instanceKlass java/util/Arrays$ArrayList
instanceKlass java/util/Collections$EmptyList
instanceKlass java/util/ArrayList
ciInstanceKlass java/util/AbstractList 1 1 218 10 7 12 1 1 1 9 7 12 1 1 1 10 12 1 1 10 12 1 1 100 1 10 10 12 1 1 11 7 12 1 1 1 11 12 1 1 11 12 1 10 7 12 1 1 1 10 12 1 11 12 1 11 12 1 11 12 1 10 12 1 1 10 12 1 1 11 100 12 1 1 1 11 7 1 11 7 1 10 12 1 7 1 10 12 1 10 12 1 1 7 1 7 1 10 12 1 100 1 10 100 1 100 1 10 8 1 10 12 1 1 10 12 1 10 12 1 1 10 12 1 8 1 100 1 8 1 8 1 8 1 10 7 1 11 10 10 12 1 11 12 1 10 12 1 1 8 1 8 1 1 1 1 1 1 1 1 1 1 1 1 1 1 1 1 1 1 1 1 1 1 1 1 1 1 1 1 1 1 1 1 1 1 1 1 1 1 1 1 1 1 1 1 1 1 1 1 1 1 1 1 1 1 1 1 1 1 100 1 100 1 1 1 1 1 1 1
instanceKlass java/util/LinkedList
ciInstanceKlass java/util/AbstractSequentialList 1 1 110 10 7 12 1 1 1 10 7 12 1 1 1 11 100 12 1 1 1 100 1 100 1 100 1 10 8 1 10 12 1 1 10 12 1 10 12 1 1 10 12 1 11 12 1 1 11 12 1 11 12 1 11 100 12 1 1 1 11 100 12 1 1 1 11 10 12 1 1 1 1 1 1 1 1 1 1 1 1 1 1 1 1 1 1 1 1 1 1 1 1 1 1 1 1 1 1 1 1 1 1 1 1 1 1 1 1 1 1 1
ciInstanceKlass java/lang/AssertionStatusDirectives 0 0 24 10 100 12 1 1 1 100 1 1 1 1 1 1 1 1 1 1 1 1 1 1 1 1
ciInstanceKlass java/lang/invoke/MethodHandleNatives$CallSiteContext 1 1 49 10 7 12 1 1 1 7 1 10 10 7 12 1 1 1 10 7 12 1 1 1 10 7 12 1 1 1 100 1 1 1 1 1 1 1 1 1 1 1 1 1 1 1 1 1 100 1 1
ciInstanceKlass jdk/internal/invoke/NativeEntryPoint 0 0 92 10 100 12 1 1 1 9 100 12 1 1 1 10 100 12 1 1 1 100 1 9 12 1 9 12 1 9 12 1 1 9 12 1 1 9 12 1 1 100 1 8 1 10 12 1 11 100 12 1 1 1 10 12 1 1 10 12 1 11 100 12 1 1 11 12 1 10 12 1 1 10 12 1 1 1 1 1 1 1 1 1 1 1 1 1 1 1 1 1 1 1
instanceKlass java/lang/invoke/VolatileCallSite
instanceKlass java/lang/invoke/MutableCallSite
instanceKlass java/lang/invoke/ConstantCallSite
ciInstanceKlass java/lang/invoke/CallSite 1 1 302 10 7 12 1 1 1 10 7 12 1 1 1 9 7 12 1 1 1 10 12 1 1 9 12 1 1 10 7 12 1 1 1 10 12 1 100 1 10 12 1 1 10 12 1 1 9 100 12 1 1 1 10 100 12 1 1 10 12 1 1 100 1 100 1 10 10 100 12 1 1 1 10 12 1 1 8 1 10 12 1 10 12 1 1 10 12 1 10 12 1 1 10 12 1 1 10 10 100 12 1 1 10 12 1 1 9 12 1 9 100 12 1 1 1 8 1 10 7 12 1 1 1 10 12 1 1 100 1 10 12 1 1 9 12 1 8 1 100 1 10 12 1 10 12 1 100 1 8 1 10 10 12 1 10 12 1 1 100 1 10 12 1 1 10 12 1 10 12 1 10 12 1 1 10 12 1 1 9 12 1 1 8 10 12 1 1 9 12 1 1 100 1 10 10 12 1 10 100 12 1 1 1 10 12 1 1 10 12 1 1 10 12 1 10 7 12 1 1 1 100 1 8 1 10 10 12 10 12 1 1 100 1 100 1 100 1 8 1 10 12 1 10 7 12 1 1 1 1 1 1 1 1 1 1 1 1 1 1 1 1 1 1 1 1 1 1 1 1 1 1 1 1 1 1 1 1 1 1 1 1 1 1 1 1 1 1 1 1 1 1 1 1 1 1 1 1 1 1 1 1 1
staticfield java/lang/invoke/CallSite $assertionsDisabled Z 1
ciInstanceKlass java/lang/invoke/VolatileCallSite 0 0 37 10 100 12 1 1 1 10 12 1 10 100 12 1 1 1 10 12 1 10 12 1 1 1 1 1 1 1 1 1 1 1 1 1 1 1 1
ciInstanceKlass java/lang/invoke/MethodType 1 1 771 7 1 10 7 12 1 1 1 9 12 1 1 9 12 1 1 9 12 1 1 10 7 12 1 1 1 9 7 12 1 1 8 1 10 100 12 1 1 1 9 7 1 9 7 1 10 12 1 1 100 1 10 8 1 10 12 1 1 10 12 1 10 12 1 1 100 1 8 1 10 12 1 100 1 10 10 12 1 10 12 1 1 10 12 1 1 11 7 12 1 1 1 9 12 1 11 12 1 1 7 7 1 10 7 12 1 1 1 10 12 1 9 12 1 1 10 7 12 1 1 10 12 1 1 10 7 12 1 1 1 10 7 12 1 1 1 10 12 1 9 12 1 1 10 12 1 1 7 1 10 12 1 1 10 12 1 1 10 12 1 1 10 12 1 1 10 12 1 1 10 12 1 10 12 1 10 12 1 1 10 12 1 8 1 8 1 10 12 1 1 9 12 1 1 100 1 10 10 12 1 1 10 12 1 10 12 1 1 10 12 1 1 10 12 1 10 12 1 1 10 12 1 8 1 10 12 1 1 10 7 12 1 1 1 10 12 1 10 12 1 1 10 12 1 10 12 1 10 12 1 1 10 12 1 10 12 1 9 12 1 10 12 1 10 10 12 1 1 10 12 1 9 12 1 1 10 12 1 1 10 12 1 1 10 12 1 1 10 12 1 1 7 1 10 12 10 12 1 10 12 1 100 1 8 1 8 1 8 1 10 12 1 10 12 1 10 12 1 10 11 12 1 1 11 12 1 10 100 12 1 1 1 9 12 1 10 12 1 10 12 1 1 10 12 1 1 10 12 1 10 12 1 10 100 12 1 1 1 10 12 1 1 10 12 1 10 12 1 10 12 1 10 9 12 1 1 7 1 10 12 1 10 12 1 1 9 100 12 1 1 1 10 100 12 1 1 1 10 100 12 1 1 1 10 12 1 1 10 7 12 1 1 1 10 12 1 1 8 1 10 7 12 1 1 1 11 12 1 1 9 12 1 1 10 12 1 1 10 12 1 10 12 1 1 10 12 1 1 10 100 12 1 1 100 1 10 12 1 1 11 100 12 1 1 1 18 12 1 1 11 12 1 1 18 12 1 11 12 1 100 1 11 100 12 1 1 10 12 1 100 1 10 12 1 10 100 12 1 1 10 12 1 1 9 12 1 1 9 100 12 1 1 1 10 100 12 1 1 1 9 12 1 10 100 12 1 1 10 12 1 100 10 12 1 1 10 12 1 10 7 1 7 1 9 12 1 1 100 1 100 1 100 1 1 1 5 0 1 1 1 1 1 1 1 3 1 3 1 3 1 1 1 1 1 1 1 1 1 1 1 1 1 1 1 1 1 1 1 1 1 1 1 1 1 1 1 1 1 1 1 1 1 1 1 1 1 1 1 1 1 1 1 1 1 1 1 1 1 1 1 1 1 1 1 1 1 1 1 1 1 1 1 1 1 1 1 1 1 1 1 1 1 1 1 1 1 1 1 1 1 1 1 1 1 1 1 1 1 1 1 1 1 1 1 1 1 1 1 1 1 1 1 1 1 1 1 1 1 1 1 1 1 1 1 1 1 1 1 1 1 1 1 1 1 1 1 100 1 100 1 1 1 1 1 1 1 1 1 1 1 1 1 100 1 1 1 100 1 1 1 1 1 1 1 1 1 1 1 1 1 1 1 1 1 1 1 1 1 15 10 100 12 1 1 1 16 15 10 12 16 16 15 10 12 16 1 1 1 1 100 1 1 100 1 1 100 1 100 1 1
staticfield java/lang/invoke/MethodType internTable Ljava/lang/invoke/MethodType$ConcurrentWeakInternSet; java/lang/invoke/MethodType$ConcurrentWeakInternSet
staticfield java/lang/invoke/MethodType NO_PTYPES [Ljava/lang/Class; 0 [Ljava/lang/Class;
staticfield java/lang/invoke/MethodType objectOnlyTypes [Ljava/lang/invoke/MethodType; 20 [Ljava/lang/invoke/MethodType;
staticfield java/lang/invoke/MethodType METHOD_HANDLE_ARRAY [Ljava/lang/Class; 1 [Ljava/lang/Class;
staticfield java/lang/invoke/MethodType serialPersistentFields [Ljava/io/ObjectStreamField; 0 [Ljava/io/ObjectStreamField;
staticfield java/lang/invoke/MethodType $assertionsDisabled Z 1
ciInstanceKlass java/lang/BootstrapMethodError 0 0 45 10 100 12 1 1 1 10 12 1 10 12 1 10 100 12 1 1 1 10 100 12 1 1 1 1 1 1 5 0 1 1 1 1 1 1 1 1 1 1 1 100 1 1 1
instanceKlass jdk/net/UnixDomainPrincipal
instanceKlass org/springframework/beans/factory/support/MethodDescriptor
instanceKlass jdk/internal/misc/ThreadTracker$ThreadRef
instanceKlass org/springframework/boot/ssl/jks/JksSslStoreDetails
instanceKlass org/springframework/cglib/core/MethodWrapper$MethodWrapperKey
instanceKlass org/springframework/cglib/proxy/Enhancer$EnhancerKey
instanceKlass org/springframework/util/ConcurrentLruCache$CacheEntry
ciInstanceKlass java/lang/Record 1 1 22 10 7 12 1 1 1 100 1 1 1 1 1 1 1 1 1 1 1 1 1 1
ciInstanceKlass java/lang/ClassNotFoundException 1 1 96 7 1 10 7 12 1 1 1 10 12 1 10 12 1 1 10 100 12 1 1 1 8 1 10 100 12 1 1 1 10 7 12 1 1 10 100 12 1 1 1 10 100 12 1 1 1 10 12 1 1 7 1 10 12 1 9 12 1 1 1 1 1 5 0 1 1 1 1 1 1 1 1 1 1 1 1 1 1 1 1 1 1 100 1 1 1 1 1 1 1 1 1 1 1 1
staticfield java/lang/ClassNotFoundException serialPersistentFields [Ljava/io/ObjectStreamField; 1 [Ljava/io/ObjectStreamField;
ciInstanceKlass jdk/internal/loader/ClassLoaders$AppClassLoader 1 1 119 8 1 10 7 12 1 1 1 10 7 12 1 1 1 10 100 12 1 1 1 10 12 1 1 10 100 12 1 1 1 10 12 1 1 10 12 1 1 7 1 8 1 10 12 10 7 12 1 1 1 10 100 12 1 1 10 12 1 1 10 12 1 1 10 7 12 1 1 1 100 1 10 12 1 1 1 1 1 1 1 1 1 1 1 1 1 1 1 1 1 1 1 1 1 100 1 1 1 1 1 1 1 1 1 1 1 1 1 1 1 1 1 1 1 100 1 1 1
ciInstanceKlass jdk/internal/loader/ClassLoaders$PlatformClassLoader 1 1 42 8 1 10 7 12 1 1 1 10 7 12 1 1 1 100 1 10 12 1 100 1 1 1 1 1 1 1 1 1 1 1 1 1 1 100 1 1 1 100 1 1
ciInstanceKlass java/lang/ArithmeticException 1 1 26 10 100 12 1 1 1 10 12 1 100 1 1 1 1 5 0 1 1 1 1 1 1 1 1 1
ciInstanceKlass java/lang/NullPointerException 1 1 52 10 100 12 1 1 1 10 12 1 9 100 12 1 1 1 10 12 1 1 9 12 1 1 10 12 1 1 10 12 1 1 1 1 5 0 1 1 1 1 1 1 1 1 100 1 100 1 100 1 1 1
ciInstanceKlass java/lang/IllegalMonitorStateException 1 1 26 10 100 12 1 1 1 10 12 1 100 1 1 1 1 5 0 1 1 1 1 1 1 1 1 1
ciInstanceKlass java/lang/OutOfMemoryError 1 1 26 10 100 12 1 1 1 10 12 1 100 1 1 1 1 5 0 1 1 1 1 1 1 1 1 1
ciInstanceKlass java/lang/InternalError 0 0 34 10 100 12 1 1 1 10 12 1 10 12 1 10 12 1 100 1 1 1 1 5 0 1 1 1 1 1 1 1 1 1 1 1
ciInstanceKlass java/lang/ClassCastException 1 1 26 10 100 12 1 1 1 10 12 1 100 1 1 1 1 5 0 1 1 1 1 1 1 1 1 1
ciInstanceKlass java/lang/NoClassDefFoundError 1 1 26 10 7 12 1 1 1 10 12 1 100 1 1 1 1 5 0 1 1 1 1 1 1 1 1 1
instanceKlass java/nio/IntBuffer
instanceKlass java/nio/CharBuffer
instanceKlass java/nio/LongBuffer
instanceKlass java/nio/ByteBuffer
ciInstanceKlass java/nio/Buffer 1 1 224 100 1 10 7 12 1 1 1 9 7 12 1 1 1 9 12 1 9 12 1 1 9 12 1 9 12 1 1 10 12 1 1 10 12 1 1 10 12 100 1 100 1 10 8 1 10 12 1 1 10 12 1 8 1 8 1 10 12 1 1 10 12 1 8 1 9 12 1 1 100 1 8 1 10 12 1 8 1 8 1 9 12 10 12 1 8 1 8 1 8 1 10 12 1 8 1 8 1 8 1 100 1 10 100 1 10 100 1 10 100 1 10 10 100 12 1 1 1 10 11 100 12 1 1 10 7 12 1 1 1 10 7 12 1 1 1 9 12 1 1 10 7 12 1 1 1 9 12 1 1 7 1 10 10 7 12 1 1 1 1 1 3 1 1 1 1 1 1 1 1 1 1 1 1 1 1 1 1 1 1 100 1 1 1 1 1 1 1 1 1 1 1 1 1 1 1 1 1 1 1 1 1 1 1 1 1 1 1 1 1 1 1 1 1 1 1 1 1 1 1 1 1 1
staticfield java/nio/Buffer UNSAFE Ljdk/internal/misc/Unsafe; jdk/internal/misc/Unsafe
staticfield java/nio/Buffer SCOPED_MEMORY_ACCESS Ljdk/internal/misc/ScopedMemoryAccess; jdk/internal/misc/ScopedMemoryAccess
staticfield java/nio/Buffer $assertionsDisabled Z 1
ciInstanceKlass jdk/internal/util/ArraysSupport 1 1 271 7 1 100 1 8 1 10 12 1 1 10 12 1 1 10 100 12 1 1 9 7 12 1 1 1 9 12 1 1 10 7 12 1 1 1 9 12 1 1 10 100 12 1 1 1 9 12 1 10 12 9 12 1 10 12 1 1 10 12 9 12 1 9 12 1 10 12 1 1 9 12 1 9 12 1 9 12 1 9 12 1 9 12 1 9 12 1 9 12 1 10 12 1 1 10 100 12 1 1 1 9 12 1 9 12 1 10 12 1 1 10 12 1 9 12 1 10 12 1 10 100 12 1 1 1 9 12 1 9 12 1 10 12 1 10 12 1 10 7 12 1 1 1 3 10 12 1 100 1 100 1 10 8 1 10 12 1 1 10 12 1 8 1 8 1 10 12 1 1 10 10 12 1 1 10 12 1 1 9 12 1 10 12 1 9 12 1 9 12 1 9 12 1 9 12 1 9 12 1 9 12 1 9 12 1 100 1 1 1 1 1 1 1 1 1 1 1 1 1 1 1 1 1 1 1 1 1 1 1 1 1 1 1 1 1 1 1 1 1 1 1 1 1 1 1 1 1 1 1 1 1 1 1 1 1 1 1 1 1 1 1 1 1 1 1 1 1 1 1 1
staticfield jdk/internal/util/ArraysSupport U Ljdk/internal/misc/Unsafe; jdk/internal/misc/Unsafe
staticfield jdk/internal/util/ArraysSupport BIG_ENDIAN Z 0
staticfield jdk/internal/util/ArraysSupport LOG2_ARRAY_BOOLEAN_INDEX_SCALE I 0
staticfield jdk/internal/util/ArraysSupport LOG2_ARRAY_BYTE_INDEX_SCALE I 0
staticfield jdk/internal/util/ArraysSupport LOG2_ARRAY_CHAR_INDEX_SCALE I 1
staticfield jdk/internal/util/ArraysSupport LOG2_ARRAY_SHORT_INDEX_SCALE I 1
staticfield jdk/internal/util/ArraysSupport LOG2_ARRAY_INT_INDEX_SCALE I 2
staticfield jdk/internal/util/ArraysSupport LOG2_ARRAY_LONG_INDEX_SCALE I 3
staticfield jdk/internal/util/ArraysSupport LOG2_ARRAY_FLOAT_INDEX_SCALE I 2
staticfield jdk/internal/util/ArraysSupport LOG2_ARRAY_DOUBLE_INDEX_SCALE I 3
staticfield jdk/internal/util/ArraysSupport LOG2_BYTE_BIT_SIZE I 3
ciMethod jdk/internal/util/ArraysSupport newLength (III)I 518 0 1580 0 0
ciMethod jdk/internal/util/ArraysSupport hugeLength (II)I 0 0 1 0 -1
ciInstanceKlass jdk/internal/misc/UnsafeConstants 1 1 34 10 100 12 1 1 1 9 7 12 1 1 1 9 12 1 9 12 1 1 9 12 1 9 12 1 1 1 1 1 1 1 1 1
staticfield jdk/internal/misc/UnsafeConstants ADDRESS_SIZE0 I 8
staticfield jdk/internal/misc/UnsafeConstants PAGE_SIZE I 4096
staticfield jdk/internal/misc/UnsafeConstants BIG_ENDIAN Z 0
staticfield jdk/internal/misc/UnsafeConstants UNALIGNED_ACCESS Z 1
staticfield jdk/internal/misc/UnsafeConstants DATA_CACHE_LINE_FLUSH_SIZE I 0
instanceKlass java/lang/invoke/DelegatingMethodHandle
instanceKlass java/lang/invoke/BoundMethodHandle
instanceKlass java/lang/invoke/DirectMethodHandle
ciInstanceKlass java/lang/invoke/MethodHandle 1 1 644 100 1 9 7 12 1 1 1 10 7 12 1 1 1 10 7 12 1 1 1 7 1 7 1 10 12 1 1 9 12 1 1 10 12 1 10 12 1 1 10 12 1 1 10 100 12 1 1 1 10 12 1 1 10 12 1 1 11 100 12 1 1 1 10 12 1 1 10 12 1 10 12 1 9 12 1 1 10 12 1 1 100 1 100 1 10 8 1 10 12 1 1 10 12 1 8 1 10 12 1 1 10 12 1 10 7 12 1 1 1 10 12 1 10 12 1 1 10 12 1 1 10 12 1 1 10 12 1 1 10 7 12 1 1 1 10 7 12 1 1 1 7 1 10 12 1 1 10 12 1 1 10 12 1 1 8 1 10 7 12 1 1 1 8 1 10 12 1 1 10 12 1 1 10 12 1 1 10 12 1 8 1 10 12 1 1 8 1 10 12 1 8 1 10 100 12 1 1 1 9 12 1 1 100 1 10 9 100 12 1 1 1 9 100 1 8 1 10 12 1 1 10 12 1 10 12 1 1 10 12 1 10 12 1 1 10 12 1 10 12 1 1 10 12 1 10 12 1 1 10 12 1 1 8 1 10 12 1 1 8 1 10 12 1 10 12 1 1 10 12 1 10 12 1 10 12 1 1 9 100 12 1 1 1 10 12 1 1 11 12 1 10 12 1 10 12 1 1 10 100 12 1 1 1 100 1 11 12 1 10 100 1 11 12 1 100 1 10 12 1 11 12 1 9 100 12 1 1 1 11 12 1 1 11 100 12 1 1 1 10 12 1 1 9 12 1 11 12 1 9 12 1 9 12 1 9 12 1 11 12 1 1 9 12 1 9 12 1 9 12 1 9 12 1 9 12 1 9 12 1 9 12 1 8 1 10 12 1 10 12 1 8 1 10 12 1 10 12 1 10 10 7 12 1 1 10 12 1 1 100 1 8 1 10 12 1 1 10 12 1 1 10 12 1 10 12 1 100 1 10 100 12 1 1 1 10 12 1 9 7 12 1 1 1 10 12 1 1 10 12 1 1 8 1 9 12 1 9 12 1 1 9 12 1 1 10 12 1 7 1 10 12 1 10 12 1 1 9 12 1 1 9 12 1 1 10 7 12 1 1 1 11 7 12 1 1 9 12 1 10 12 1 1 10 12 1 9 12 1 10 12 1 8 10 12 1 1 8 1 1 1 1 1 1 100 1 1 1 1 1 1 1 1 1 1 1 1 1 1 1 1 1 1 1 1 1 1 1 1 1 1 1 1 1 1 1 1 1 1 1 1 1 1 1 1 1 1 1 1 1 1 1 1 1 1 1 1 1 1 1 1 1 1 1 1 1 1 1 1 1 1 1 1 1 100 1 1 1 1 1 1 1 1 1 100 1 1 1 1 1 1 1 1 1 1 1 1 1 1 1 1 1 1 1 1 1 1 1 1 1 1 1 100 1 1 100 1 1 100 1 1 1 1
staticfield java/lang/invoke/MethodHandle FORM_OFFSET J 20
staticfield java/lang/invoke/MethodHandle UPDATE_OFFSET J 13
staticfield java/lang/invoke/MethodHandle $assertionsDisabled Z 1
ciInstanceKlass jdk/internal/reflect/CallerSensitive 0 0 17 100 1 100 1 100 1 1 1 1 1 1 1 1 1 1 1
ciInstanceKlass jdk/internal/reflect/NativeConstructorAccessorImpl 1 1 126 10 7 12 1 1 1 9 7 12 1 1 1 9 12 1 1 10 7 12 1 1 1 10 7 12 1 1 1 10 7 12 1 1 1 9 12 1 9 12 1 1 9 12 1 1 10 7 12 1 1 1 7 1 10 10 12 1 1 10 12 1 10 12 1 10 12 1 1 9 12 1 1 10 7 12 1 1 1 100 1 10 12 1 1 10 12 1 1 8 10 12 1 1 1 1 1 1 1 1 1 1 1 1 1 1 1 1 1 1 1 1 1 1 100 1 100 1 100 1 1 1 1 1 1 1
staticfield jdk/internal/reflect/NativeConstructorAccessorImpl U Ljdk/internal/misc/Unsafe; jdk/internal/misc/Unsafe
staticfield jdk/internal/reflect/NativeConstructorAccessorImpl GENERATED_OFFSET J 16
instanceKlass java/lang/ProcessEnvironment
instanceKlass java/util/LinkedHashMap
ciInstanceKlass java/util/HashMap 1 1 610 10 7 12 1 1 1 100 1 10 12 1 1 100 1 10 7 12 1 1 1 100 1 11 12 1 1 11 12 1 11 12 1 1 10 7 12 1 1 1 7 1 3 10 7 12 1 1 1 100 1 100 1 10 8 1 10 12 1 1 10 12 1 10 12 1 1 10 12 1 10 7 12 1 1 1 8 1 10 12 1 9 12 1 1 10 12 1 9 12 1 1 4 10 12 1 10 12 1 1 11 7 12 1 1 9 12 1 1 4 10 12 1 1 11 12 1 1 11 7 12 1 1 1 11 7 12 1 1 1 11 12 1 1 7 1 11 12 1 11 12 1 10 12 1 10 12 1 1 9 12 10 12 1 1 9 7 12 1 1 1 9 12 9 12 1 10 12 1 1 9 12 1 7 1 10 12 1 1 10 12 1 1 10 12 1 1 10 12 1 1 10 12 1 1 9 12 1 10 12 1 1 3 10 12 1 1 10 12 1 1 9 12 1 1 9 10 12 1 1 10 12 1 1 10 12 1 1 10 12 1 9 12 1 1 7 1 10 12 1 10 12 1 10 7 12 1 1 1 7 1 9 12 1 1 7 1 10 9 12 7 1 10 100 1 10 11 7 12 1 1 1 100 1 10 11 100 12 1 1 11 7 12 1 1 1 10 12 1 100 1 100 1 10 12 1 10 12 1 10 12 1 10 100 12 1 1 10 12 1 1 10 12 1 1 10 100 12 1 1 1 8 10 100 12 1 1 1 100 1 10 4 10 100 12 1 1 1 4 10 12 1 10 100 12 1 1 1 10 12 1 8 1 4 10 100 12 1 1 1 100 1 11 100 12 1 1 1 10 12 1 10 12 1 10 10 12 1 1 100 1 100 1 1 1 1 5 0 1 3 1 1 1 3 1 3 1 3 1 1 1 1 1 1 1 1 1 1 1 1 1 1 1 1 1 1 1 1 1 1 100 1 1 1 1 1 1 1 1 1 1 1 1 1 1 1 1 1 1 1 1 1 1 1 1 1 1 1 1 1 1 1 1 100 1 1 1 1 1 1 1 1 1 1 1 1 1 1 1 1 1 1 1 1 1 1 1 1 1 1 1 1 1 1 1 1 1 1 1 1 1 1 1 1 1 1 1 1 1 1 1 1 1 1 100 1 1 1 1 1 1 1 1 1 1 1 1 1 1 1 1 1 1 1 1 1 1 1 1 1 1 1 1 1 1 1 1 1 1 1 1 1 1 1 1 1 1 1 1 1 1 1 1 100 1 1 1 1 1 1 1 1 100 1 1 1 1 1 1 1 1 1 1 1 1 1 1 100 1 100 1 100 1 100 1 100 1 100 1 100 1 100 1 1 1 1 1 1 1 1 1 1 1 1 1 1 1 1 1 1
instanceKlass com/mysql/cj/util/LRUCache
instanceKlass org/springframework/beans/factory/support/ManagedMap
instanceKlass org/springframework/boot/autoconfigure/template/TemplateAvailabilityProviders$1
instanceKlass org/apache/tomcat/util/res/StringManager$1
instanceKlass org/springframework/util/LinkedCaseInsensitiveMap$1
instanceKlass com/fasterxml/classmate/util/LRUTypeCache$CacheMap
instanceKlass org/springframework/core/type/classreading/CachingMetadataReaderFactory$LocalResourceCache
instanceKlass org/springframework/core/annotation/AnnotationAttributes
instanceKlass ch/qos/logback/classic/pattern/NamedConverter$NameCache
ciInstanceKlass java/util/LinkedHashMap 1 1 289 9 7 12 1 1 1 9 12 1 9 7 12 1 1 9 12 1 10 7 12 1 1 1 10 12 1 1 10 12 1 1 9 12 1 1 9 12 1 1 9 12 1 10 12 1 1 100 1 10 10 12 1 1 10 12 1 10 12 1 1 9 12 1 1 9 12 1 10 100 12 1 1 1 10 12 1 10 12 1 10 12 10 12 1 1 10 100 12 1 1 1 10 12 1 1 10 12 1 1 9 7 1 10 12 1 9 12 1 1 7 1 10 12 1 9 12 1 1 7 1 10 9 12 1 7 1 10 100 1 10 11 7 12 1 1 1 100 1 10 11 7 12 1 1 1 100 1 1 1 1 5 0 1 1 1 1 1 1 1 1 1 1 1 1 1 1 1 1 1 1 1 1 1 1 1 1 1 1 1 1 1 1 1 1 1 1 1 1 1 1 1 1 1 1 1 1 1 1 1 1 1 1 1 100 1 1 1 1 1 1 1 1 1 1 1 1 1 1 1 1 1 1 1 1 1 1 1 1 1 100 1 1 1 1 1 1 1 1 100 1 1 1 1 1 100 1 1 1 1 1 1 1 1 1 1 1 1 1 1 1 1 1 1 1 1 1 1 100 1 100 1 100 1 100 1 1 1 1 1 100 1 1 1 1 1 1 1 1
ciMethod java/util/HashMap get (Ljava/lang/Object;)Ljava/lang/Object; 5708 0 10667 0 704
ciMethod java/util/HashMap put (Ljava/lang/Object;Ljava/lang/Object;)Ljava/lang/Object; 6988 0 11183 0 3776
instanceKlass java/lang/invoke/DirectMethodHandle$Special
instanceKlass java/lang/invoke/DirectMethodHandle$Interface
instanceKlass java/lang/invoke/DirectMethodHandle$Constructor
instanceKlass java/lang/invoke/DirectMethodHandle$Accessor
ciInstanceKlass java/lang/invoke/DirectMethodHandle 1 1 940 7 1 7 1 100 1 7 1 7 1 10 7 12 1 1 1 10 7 12 1 1 1 100 1 10 12 1 10 12 1 1 10 7 12 1 1 10 12 1 1 10 12 1 10 12 1 7 1 10 12 1 1 10 12 1 1 10 12 1 10 12 1 1 10 7 12 1 1 1 10 12 1 9 12 1 1 100 1 10 9 12 1 1 9 12 1 10 12 1 10 12 1 10 12 1 1 10 12 1 10 12 1 10 12 1 10 7 12 1 1 1 10 12 1 10 12 1 1 8 1 10 12 1 1 7 1 10 12 1 7 1 10 10 12 1 10 12 1 10 12 1 10 7 12 1 1 1 10 12 1 1 100 1 10 12 1 10 12 1 7 1 10 12 1 10 12 1 1 10 12 1 1 10 12 1 8 10 100 12 1 1 1 10 12 1 10 12 1 10 12 1 1 10 12 1 9 7 12 1 1 1 7 1 10 12 1 10 7 12 1 1 1 10 12 1 10 12 1 1 9 12 1 1 100 1 10 8 1 10 12 1 1 10 12 1 10 12 1 10 10 12 1 10 12 1 10 12 1 10 12 1 10 12 1 1 10 12 1 10 12 1 1 10 12 1 10 12 1 1 10 10 7 12 1 1 1 10 12 1 10 12 1 1 10 12 1 10 12 1 1 8 1 9 7 12 1 1 1 8 1 9 12 1 9 12 1 8 1 9 12 1 9 12 1 8 1 9 12 1 9 12 1 8 1 10 12 1 10 12 1 1 9 12 1 1 7 1 10 12 1 1 100 1 10 7 12 1 1 1 10 12 1 1 10 12 1 10 12 1 1 7 1 10 12 1 1 10 12 1 10 12 1 1 7 1 10 12 1 1 10 7 12 1 1 1 10 12 1 10 12 1 10 12 1 9 12 1 1 10 7 1 9 12 9 12 1 10 7 12 1 1 1 10 12 1 7 1 7 1 7 1 9 12 1 1 10 7 12 1 10 12 1 1 10 12 1 7 1 10 12 1 10 12 1 1 9 7 12 1 1 1 10 12 1 1 100 1 10 100 12 1 1 1 10 12 1 10 12 1 8 1 9 12 1 9 12 1 10 12 1 9 12 1 1 10 7 12 1 1 1 9 12 1 1 9 12 1 1 10 12 1 10 12 1 10 12 1 10 12 1 10 12 1 1 10 12 1 10 7 12 1 1 9 12 1 10 12 1 10 12 1 10 12 1 10 12 1 1 10 12 1 1 9 12 1 1 10 12 1 1 9 7 12 1 1 1 9 12 1 9 12 1 9 12 1 9 12 1 9 12 1 9 12 1 9 12 1 9 12 1 9 12 1 9 12 1 9 12 1 9 12 1 9 12 1 9 12 1 9 12 1 9 12 1 9 12 1 9 12 1 9 12 1 9 12 1 9 12 1 9 12 1 9 12 1 9 12 1 9 12 1 9 12 1 9 12 1 9 12 1 9 12 1 9 12 1 9 12 1 9 12 1 9 12 1 9 12 1 9 12 1 9 12 1 8 1 9 12 1 1 9 12 1 1 10 12 1 10 12 1 1 9 7 1 10 12 1 9 12 1 1 10 12 10 12 1 10 12 1 10 12 1 10 8 1 8 1 8 1 8 1 10 12 1 1 9 12 1 1 10 12 1 10 100 12 1 1 1 8 9 12 1 1 10 12 1 1 8 1 8 8 9 12 1 8 1 8 8 8 8 8 1 8 10 12 1 10 12 1 8 1 8 1 10 12 1 10 12 1 10 12 1 10 12 1 1 7 1 1 1 1 3 1 3 1 3 1 3 1 3 1 3 1 3 1 3 1 3 1 3 1 1 1 1 1 1 1 1 1 1 3 1 3 1 1 1 1 3 1 1 1 1 1 1 1 1 1 1 1 1 1 1 1 1 1 1 1 1 1 1 1 1 1 1 1 1 1 1 1 1 1 1 1 1 1 1 1 1 1 1 1 1 1 1 1 1 1 1 1 1 1 1 1 1 100 1 1 1 1 1 1 1 1 1 1 1 1 100 1 1 1 1 1 1 1 1 1 1 1 1 1 1 1 1 1 1 1 1 1 1 1 1 1 1 1 1 1 1 1 1 1 1 1 1 1 1 1 1 1 1 1 1 1 1 1 1 1 1 1
staticfield java/lang/invoke/DirectMethodHandle IMPL_NAMES Ljava/lang/invoke/MemberName$Factory; java/lang/invoke/MemberName$Factory
staticfield java/lang/invoke/DirectMethodHandle FT_UNCHECKED_REF I 8
staticfield java/lang/invoke/DirectMethodHandle ACCESSOR_FORMS [Ljava/lang/invoke/LambdaForm; 132 [Ljava/lang/invoke/LambdaForm;
staticfield java/lang/invoke/DirectMethodHandle ALL_WRAPPERS [Lsun/invoke/util/Wrapper; 10 [Lsun/invoke/util/Wrapper;
staticfield java/lang/invoke/DirectMethodHandle NFS [Ljava/lang/invoke/LambdaForm$NamedFunction; 12 [Ljava/lang/invoke/LambdaForm$NamedFunction;
staticfield java/lang/invoke/DirectMethodHandle OBJ_OBJ_TYPE Ljava/lang/invoke/MethodType; java/lang/invoke/MethodType
staticfield java/lang/invoke/DirectMethodHandle LONG_OBJ_TYPE Ljava/lang/invoke/MethodType; java/lang/invoke/MethodType
staticfield java/lang/invoke/DirectMethodHandle $assertionsDisabled Z 1
ciInstanceKlass java/lang/invoke/LambdaForm 1 1 1052 100 1 9 7 12 1 1 1 10 7 12 1 1 1 10 7 12 1 1 9 12 1 1 9 12 1 1 10 12 1 1 100 1 10 9 12 1 10 12 1 1 9 12 1 10 7 12 1 1 1 9 12 1 9 12 1 9 12 1 1 9 12 1 10 12 1 1 7 1 10 12 1 10 100 12 1 1 1 10 100 12 1 1 1 10 12 1 10 12 1 1 9 100 12 1 1 1 10 12 1 1 9 12 1 10 12 1 1 10 12 1 10 12 1 1 10 12 1 1 10 100 12 1 1 1 7 1 10 10 12 1 1 8 1 10 12 1 10 12 1 10 12 1 1 7 1 10 7 12 1 1 1 10 12 1 1 10 12 1 10 12 1 1 9 12 1 1 9 12 1 9 12 1 1 10 12 1 9 12 1 10 100 12 1 1 1 10 12 1 1 10 12 1 9 12 1 1 10 100 12 1 1 1 10 12 1 10 12 1 10 12 1 10 12 1 10 12 1 10 12 1 1 10 12 1 10 12 1 1 8 1 10 12 1 10 12 1 8 1 8 1 9 12 1 9 12 1 9 12 1 1 10 12 1 1 10 12 1 9 12 1 10 12 1 1 10 7 12 1 1 1 10 12 1 1 10 12 1 10 12 1 10 12 1 1 9 12 1 10 12 1 8 1 8 1 8 1 8 1 8 1 8 1 8 1 8 1 10 12 1 9 12 1 7 1 10 12 1 1 9 12 1 10 12 1 10 12 1 1 10 12 10 12 1 10 12 1 1 10 12 1 1 10 10 12 1 1 10 12 1 1 7 1 8 1 10 12 1 1 10 12 1 10 12 1 1 10 8 1 10 12 1 1 8 1 8 1 8 1 10 12 1 9 12 1 1 10 12 1 1 10 12 1 1 100 1 10 12 1 1 10 12 1 10 7 12 1 1 1 10 12 1 1 9 12 1 1 8 1 10 100 12 1 1 1 10 7 12 1 1 10 12 10 10 12 1 1 9 12 1 8 10 12 1 1 100 1 10 12 1 1 10 12 1 9 7 12 1 1 9 12 1 1 8 1 10 100 12 1 1 10 12 1 1 100 1 100 1 10 10 12 1 1 10 12 1 1 8 1 8 1 100 1 8 1 10 12 10 12 1 10 12 1 10 12 1 1 8 1 8 1 9 100 12 1 1 1 10 12 1 10 12 1 1 8 1 8 1 8 1 100 1 8 1 100 1 8 1 100 1 8 1 10 12 1 8 1 9 10 7 12 1 1 1 10 12 1 9 12 1 1 10 12 1 10 10 12 1 10 12 1 10 12 1 10 12 1 1 10 12 1 10 12 1 1 10 12 1 1 10 12 1 1 8 1 100 10 12 1 10 12 1 9 12 1 1 10 7 12 1 1 8 1 8 1 100 1 8 1 8 1 8 1 8 1 8 1 8 1 8 1 8 1 10 12 1 1 10 12 1 1 10 12 1 10 12 1 8 1 8 1 8 1 10 12 1 8 1 10 12 1 8 1 8 1 8 1 8 1 8 1 10 12 1 10 12 1 10 12 1 1 10 7 12 1 1 1 10 12 1 10 12 1 10 12 1 10 12 1 10 12 1 10 12 1 10 12 1 9 12 1 1 8 1 10 12 1 1 9 12 1 1 10 12 1 1 9 12 1 9 12 1 1 9 12 1 9 12 1 1 7 1 10 7 12 1 1 1 9 12 1 10 12 1 10 12 1 8 1 10 12 1 9 12 1 1 7 1 10 7 12 1 1 1 8 1 100 1 10 12 1 9 12 1 9 12 1 10 12 1 10 12 1 10 7 12 1 1 1 10 12 1 9 7 12 1 1 10 12 1 1 10 12 1 10 12 1 9 12 10 12 1 10 10 12 1 9 9 12 1 7 9 12 1 1 10 12 1 1 9 12 1 10 12 1 10 7 1 9 1 1 1 1 3 1 3 1 3 1 1 1 1 1 1 1 1 1 1 1 1 1 1 1 1 1 1 1 1 1 1 1 1 1 1 1 1 1 1 1 1 1 1 1 1 1 1 1 1 1 1 1 1 1 1 1 1 1 1 1 1 1 1 1 1 100 1 1 1 1 1 1 1 1 1 1 1 1 1 1 1 1 1 1 1 1 1 1 1 1 1 1 1 1 1 1 1 1 1 1 1 1 1 1 1 1 1 1 1 1 1 1 1 1 1 1 1 1 1 1 1 1 1 1 1 100 1 1 1 1 1 1 1 1 1 1 1 1 1 1 1 1 1 1 1 1 1 1 1 1 1 1 1 1 1 1 1 1 1 1 100 1 1 1 1 1 1 1 1 1 1 1 1 1 1 1 1 1 1 1 1 1 1 100 1 1 1 100 1 1 100 1 1 1 1 1 1 1 1 1 1 1
staticfield java/lang/invoke/LambdaForm COMPILE_THRESHOLD I 0
staticfield java/lang/invoke/LambdaForm INTERNED_ARGUMENTS [[Ljava/lang/invoke/LambdaForm$Name; 5 [[Ljava/lang/invoke/LambdaForm$Name;
staticfield java/lang/invoke/LambdaForm IMPL_NAMES Ljava/lang/invoke/MemberName$Factory; java/lang/invoke/MemberName$Factory
staticfield java/lang/invoke/LambdaForm LF_identity [Ljava/lang/invoke/LambdaForm; 6 [Ljava/lang/invoke/LambdaForm;
staticfield java/lang/invoke/LambdaForm LF_zero [Ljava/lang/invoke/LambdaForm; 6 [Ljava/lang/invoke/LambdaForm;
staticfield java/lang/invoke/LambdaForm NF_identity [Ljava/lang/invoke/LambdaForm$NamedFunction; 6 [Ljava/lang/invoke/LambdaForm$NamedFunction;
staticfield java/lang/invoke/LambdaForm NF_zero [Ljava/lang/invoke/LambdaForm$NamedFunction; 6 [Ljava/lang/invoke/LambdaForm$NamedFunction;
staticfield java/lang/invoke/LambdaForm createFormsLock Ljava/lang/Object; java/lang/Object
staticfield java/lang/invoke/LambdaForm DEBUG_NAME_COUNTERS Ljava/util/HashMap; null
staticfield java/lang/invoke/LambdaForm DEBUG_NAMES Ljava/util/HashMap; null
staticfield java/lang/invoke/LambdaForm TRACE_INTERPRETER Z 0
staticfield java/lang/invoke/LambdaForm $assertionsDisabled Z 1
ciInstanceKlass java/lang/invoke/MethodHandleNatives 1 1 684 100 1 10 7 12 1 1 1 9 7 12 1 1 1 10 12 1 1 100 1 10 10 12 1 1 10 12 1 10 12 1 8 1 8 1 8 1 8 1 8 1 8 1 8 1 8 1 8 1 8 1 10 12 1 1 7 1 10 7 12 1 1 1 10 100 12 1 1 1 7 1 10 10 12 1 1 8 1 10 12 1 8 1 10 12 1 1 8 1 10 12 1 1 9 100 12 1 1 1 8 1 10 100 12 1 1 1 100 1 10 12 100 1 100 1 8 1 7 1 10 10 12 1 7 1 9 7 12 1 1 10 12 1 1 10 12 1 10 7 12 1 1 1 7 1 10 12 1 1 10 7 12 1 1 1 10 12 1 10 12 1 1 10 12 1 1 9 12 1 8 1 10 12 1 8 1 10 12 1 8 1 8 1 8 1 100 1 10 12 1 8 1 10 12 1 1 10 12 1 10 100 12 1 1 1 100 1 8 1 10 100 12 1 1 1 7 1 8 1 10 12 1 8 1 8 1 8 1 8 1 8 1 10 12 1 1 10 12 1 1 10 12 1 10 12 1 1 10 12 1 1 7 1 10 12 1 100 1 100 1 10 12 1 10 12 1 8 1 8 1 10 10 12 1 1 10 12 1 1 8 1 10 100 12 1 1 1 8 1 8 1 10 12 1 1 10 7 12 1 1 1 100 1 10 12 1 1 7 1 9 12 1 1 10 7 12 1 1 1 10 10 12 1 9 12 1 10 12 1 1 9 12 1 9 12 1 10 12 1 1 10 12 1 10 12 1 1 7 1 7 1 10 12 1 1 10 12 1 10 12 1 1 10 7 12 1 1 1 10 12 1 8 1 10 12 1 10 12 1 10 12 1 1 10 12 1 10 7 12 1 1 1 10 12 1 1 100 1 8 1 10 9 7 12 1 1 1 10 12 1 1 10 12 1 1 100 1 10 12 1 1 10 12 1 1 100 1 100 1 10 10 100 1 100 1 10 100 1 10 10 12 1 1 10 100 1 10 12 1 10 12 1 10 12 1 1 10 12 1 1 10 12 1 1 10 12 1 10 12 1 1 10 8 1 100 1 10 12 1 10 12 1 10 12 1 10 12 1 10 12 1 1 10 12 1 9 12 1 1 10 7 12 1 1 1 9 12 1 1 11 7 12 1 1 1 10 12 1 10 12 1 10 10 12 1 10 7 12 1 1 1 1 1 1 1 1 1 1 1 1 1 1 1 100 1 1 1 1 1 1 1 1 1 1 1 1 1 1 1 1 1 1 1 1 1 1 1 1 1 1 1 1 1 1 1 1 1 1 1 1 1 1 1 1 1 1 1 1 1 1 1 1 1 1 1 1 1 1 1 1 1 1 1 1 1 1 1 1 1 1 1 1 1 1 1 1 1 1 1 1 1 1 1 1 1 1 1 1 1 1 1 1 1 1 1 1 1 1 1 1 1 1 100 1 1 1 1 1 1 1 1 1 1 1 1 1 1 1 1 1 1 1 1 1 1 1 1 1 1 1 1 100 1 1 1 1 1 1 1 100 1 1 1
staticfield java/lang/invoke/MethodHandleNatives JLA Ljdk/internal/access/JavaLangAccess; java/lang/System$2
staticfield java/lang/invoke/MethodHandleNatives $assertionsDisabled Z 1
ciInstanceKlass jdk/internal/reflect/ConstantPool 1 1 142 10 100 12 1 1 1 9 7 12 1 1 1 10 12 1 1 10 12 1 1 10 12 1 10 12 1 1 10 12 1 1 10 12 1 10 12 1 1 10 12 1 10 12 1 1 10 12 1 10 12 1 10 12 1 10 12 1 1 10 12 1 1 10 12 1 1 10 12 1 1 10 12 1 10 12 1 1 10 100 12 1 1 1 8 11 7 12 1 1 1 10 7 12 1 1 1 1 1 1 1 1 1 1 1 1 1 1 1 1 1 1 1 1 1 1 1 1 1 1 1 1 1 1 1 1 1 1 1 1 1 1 1 1 1 1 1 1 1 1 1 1
instanceKlass jdk/internal/reflect/UnsafeStaticObjectFieldAccessorImpl
instanceKlass jdk/internal/reflect/UnsafeQualifiedStaticFieldAccessorImpl
ciInstanceKlass jdk/internal/reflect/UnsafeStaticFieldAccessorImpl 1 1 47 10 7 12 1 1 1 9 7 12 1 1 1 10 7 12 1 1 1 9 12 1 1 8 11 7 12 1 1 1 10 7 12 1 1 1 1 1 1 1 1 1 1 1 1 1 1
instanceKlass jdk/internal/reflect/UnsafeFieldAccessorImpl
ciInstanceKlass jdk/internal/reflect/FieldAccessorImpl 1 1 59 10 7 12 1 1 1 100 1 100 1 1 1 1 1 1 1 1 1 100 1 1 1 1 1 1 1 1 1 1 1 1 1 1 1 1 1 1 1 100 1 1 1 1 1 1 1 1 1 1 1 1 1 1 1 1 1 1 1
instanceKlass jdk/internal/reflect/UnsafeStaticFieldAccessorImpl
ciInstanceKlass jdk/internal/reflect/UnsafeFieldAccessorImpl 1 1 254 10 7 12 1 1 1 9 7 12 1 1 1 10 7 12 1 1 1 10 7 12 1 1 1 9 12 1 1 10 7 12 1 1 1 9 12 1 1 10 12 1 10 12 1 9 12 1 10 12 1 1 10 100 12 1 1 10 100 12 1 1 1 10 12 1 1 100 1 10 10 12 1 1 10 12 1 1 8 1 10 10 12 1 100 1 8 1 10 12 1 8 1 10 12 1 8 1 10 12 1 100 1 10 12 1 1 10 8 1 10 12 1 1 8 1 10 100 12 1 1 8 1 10 100 12 1 1 8 1 10 100 12 1 1 8 1 10 100 12 1 1 8 1 10 100 12 1 1 8 1 10 100 12 1 1 8 1 10 100 12 1 1 8 1 10 100 12 1 1 10 12 1 1 8 1 8 1 8 1 8 1 8 1 8 1 10 100 12 1 1 1 8 1 8 1 8 1 10 12 10 12 1 1 1 1 1 1 1 1 1 1 1 1 1 1 1 1 1 1 1 1 1 1 1 1 1 1 1 1 1 1 1 1 1 1 1 1 1 1 1 1 1 1 1 1 1 1 1 1 1 1 1 1
staticfield jdk/internal/reflect/UnsafeFieldAccessorImpl unsafe Ljdk/internal/misc/Unsafe; jdk/internal/misc/Unsafe
ciInstanceKlass java/lang/invoke/ConstantCallSite 1 1 65 10 7 12 1 1 1 9 7 12 1 1 1 9 12 1 1 10 7 12 1 1 1 10 12 1 100 1 10 12 9 12 1 1 100 1 10 10 12 1 1 10 12 1 1 1 1 1 1 1 1 1 1 1 1 1 100 1 1 1 1 1 1 1 1
staticfield java/lang/invoke/ConstantCallSite UNSAFE Ljdk/internal/misc/Unsafe; jdk/internal/misc/Unsafe
ciInstanceKlass java/lang/invoke/MutableCallSite 0 0 63 10 100 12 1 1 1 10 12 1 9 100 12 1 1 1 10 12 1 10 12 1 1 9 12 1 1 10 100 12 1 1 1 10 100 12 1 1 1 10 12 1 1 1 1 1 1 1 1 1 1 1 1 1 1 1 1 1 1 100 1 1 1
instanceKlass java/lang/invoke/VarHandleLongs$FieldInstanceReadOnly
instanceKlass java/lang/invoke/VarHandleReferences$FieldStaticReadOnly
instanceKlass java/lang/invoke/VarHandleByteArrayAsLongs$ByteArrayViewVarHandle
instanceKlass java/lang/invoke/VarHandleByteArrayAsInts$ByteArrayViewVarHandle
instanceKlass java/lang/invoke/VarHandleReferences$Array
instanceKlass java/lang/invoke/VarHandleLongs$Array
instanceKlass java/lang/invoke/VarHandleReferences$FieldInstanceReadOnly
instanceKlass java/lang/invoke/VarHandleInts$FieldInstanceReadOnly
ciInstanceKlass java/lang/invoke/VarHandle 1 1 390 10 7 12 1 1 1 10 7 12 1 1 9 12 1 1 9 12 1 1 100 1 10 8 1 10 12 1 1 10 7 12 1 1 1 10 12 1 1 10 100 12 1 1 1 9 100 12 1 1 1 10 12 1 1 10 100 12 1 1 1 10 12 1 1 9 12 1 10 12 1 9 12 1 1 10 100 12 1 1 10 12 1 9 100 12 1 1 1 9 12 1 1 10 12 1 1 100 1 100 1 10 8 1 10 12 1 1 10 12 1 8 1 10 12 1 10 12 1 10 12 1 1 9 7 12 1 1 1 10 12 1 10 12 1 1 10 12 1 10 10 100 12 1 1 1 10 12 1 1 10 12 1 1 10 100 12 1 1 1 10 100 12 1 1 1 10 100 12 1 1 1 9 12 1 1 10 9 12 1 1 10 12 1 10 12 1 10 12 1 1 10 12 1 10 100 12 1 1 1 9 12 1 1 10 12 1 1 9 12 1 10 12 1 10 12 1 10 100 12 1 1 100 1 10 9 7 12 1 1 1 9 12 1 1 10 7 12 1 1 1 10 12 1 10 12 1 10 12 1 10 12 1 10 12 1 10 12 1 1 7 1 10 10 7 12 1 1 1 9 12 1 1 8 10 12 1 1 7 1 10 12 1 1 100 1 1 1 1 1 1 1 1 1 1 1 1 1 1 1 1 1 1 1 1 1 1 1 1 1 1 1 1 1 1 1 1 1 1 1 1 1 1 1 1 1 1 1 1 1 1 1 1 1 1 1 1 1 1 1 1 1 1 1 1 1 1 1 1 1 1 1 1 1 1 1 1 1 1 1 1 1 1 1 1 1 1 1 1 1 1 1 1 1 100 1 100 1 100 1 1 1 1 1 1 1 100 1 1 1
staticfield java/lang/invoke/VarHandle AIOOBE_SUPPLIER Ljava/util/function/BiFunction; jdk/internal/util/Preconditions$1
staticfield java/lang/invoke/VarHandle VFORM_OFFSET J 16
staticfield java/lang/invoke/VarHandle $assertionsDisabled Z 1
ciInstanceKlass java/lang/invoke/MemberName 1 1 757 7 1 7 1 100 1 9 12 1 1 10 7 12 1 1 1 9 12 1 1 10 12 1 1 10 12 1 1 10 12 1 1 10 12 1 10 12 1 1 10 7 12 1 1 1 10 12 1 9 100 12 1 1 10 12 1 100 1 100 1 10 12 1 8 1 10 12 1 1 10 12 1 10 12 1 1 10 12 1 9 12 1 1 8 1 10 100 12 1 1 1 7 1 10 10 12 1 1 100 1 100 1 10 12 1 1 9 12 1 1 100 1 8 1 10 12 1 10 12 1 10 12 1 10 12 1 10 12 1 1 10 12 1 10 12 1 10 12 1 1 10 12 1 1 10 12 1 8 1 8 1 8 1 10 100 12 1 1 1 10 12 1 9 12 1 1 3 10 12 1 10 12 1 10 12 1 10 10 7 12 1 1 1 10 12 1 10 12 1 10 12 1 10 12 1 7 1 8 10 12 1 1 10 12 1 1 8 1 9 100 1 8 9 100 1 10 12 1 1 10 12 1 10 12 1 8 1 10 12 1 1 10 12 1 10 12 1 10 12 1 10 12 1 1 100 1 10 12 1 1 10 12 1 8 1 10 12 1 10 12 1 8 1 10 12 1 1 10 12 1 1 7 1 10 12 1 1 10 12 8 1 8 1 100 1 10 12 1 10 100 12 1 1 1 100 1 10 12 10 12 1 10 12 1 10 12 1 10 12 1 10 10 12 1 10 12 1 10 12 1 3 10 12 1 3 10 12 1 3 3 3 3 3 3 3 100 1 10 12 1 10 7 12 1 1 1 10 12 1 3 9 12 1 10 12 1 1 3 10 12 1 10 10 7 12 1 1 1 10 12 1 1 10 7 1 10 10 12 1 10 12 1 10 12 1 10 10 12 1 1 10 12 1 10 12 1 10 12 1 100 1 10 10 10 12 100 1 10 10 10 12 1 1 10 12 1 1 10 10 12 1 8 10 100 1 10 12 1 10 100 1 10 12 1 10 12 1 10 12 1 10 10 12 1 10 12 1 1 10 12 1 1 10 12 1 10 12 1 10 12 1 100 1 10 12 1 1 100 1 8 1 10 7 1 10 12 1 10 12 10 12 1 1 10 12 1 10 12 1 8 1 8 1 8 1 8 1 10 12 1 10 12 1 10 12 1 1 8 1 8 1 10 12 1 8 1 10 10 12 1 10 12 1 8 1 8 1 10 10 12 1 8 1 10 100 12 1 1 1 8 1 10 12 1 10 12 1 1 10 12 1 8 1 8 1 8 1 8 1 100 1 10 8 1 8 1 8 1 8 1 10 12 1 100 1 100 1 100 1 10 100 1 10 100 1 10 100 12 1 1 1 9 7 12 1 1 1 100 1 100 1 1 1 1 1 1 1 3 1 3 1 3 1 3 1 3 1 3 1 1 1 1 1 1 1 1 3 1 3 1 1 1 1 3 1 1 1 1 1 1 1 1 1 1 1 1 1 1 1 1 1 1 1 1 1 1 1 1 1 1 1 1 1 1 1 1 1 1 1 1 1 1 1 1 1 1 1 1 1 1 1 1 1 1 1 1 1 1 1 1 1 1 1 1 1 1 1 1 1 1 1 1 1 1 1 1 1 1 1 1 1 1 1 1 1 1 1 1 1 1 1 1 1 1 1 1 1 1 1 1 1 1 1 1 1 1 1 1 1 1 100 1 1 1 1 1 1 1 1 1 1 1 1 1 1 1
staticfield java/lang/invoke/MemberName $assertionsDisabled Z 1
ciInstanceKlass java/lang/invoke/ResolvedMethodName 1 1 16 10 100 12 1 1 1 100 1 1 1 1 1 1 1 1
ciInstanceKlass java/lang/StackWalker 1 1 235 9 7 12 1 1 1 10 7 12 1 1 1 7 1 10 7 12 1 1 1 10 12 1 1 11 7 12 1 1 1 10 12 1 1 10 12 1 1 10 12 1 1 100 1 8 1 10 12 1 10 12 1 10 12 1 10 7 12 1 1 9 12 1 1 9 12 1 1 9 12 1 1 9 12 1 1 10 12 1 1 9 12 1 1 10 7 12 1 1 1 11 12 1 1 100 1 8 1 10 10 100 12 1 1 9 12 1 1 10 12 1 1 10 7 12 1 1 1 10 7 12 1 1 1 18 12 1 1 100 1 8 1 10 10 12 1 1 10 100 12 1 1 1 9 7 12 1 1 11 100 12 1 1 1 10 12 1 1 1 1 1 1 1 1 1 1 1 1 1 1 1 1 1 1 1 1 1 1 1 1 1 1 1 1 1 1 1 1 1 1 1 1 1 1 1 1 1 1 1 1 1 1 1 1 1 1 1 100 1 1 15 10 100 12 1 1 1 16 15 10 12 16 1 1 1 1 1 1 1 100 1 100 1 1
staticfield java/lang/StackWalker DEFAULT_EMPTY_OPTION Ljava/util/EnumSet; java/util/RegularEnumSet
staticfield java/lang/StackWalker DEFAULT_WALKER Ljava/lang/StackWalker; java/lang/StackWalker
instanceKlass java/lang/StackStreamFactory$StackFrameTraverser
ciInstanceKlass java/lang/StackStreamFactory$AbstractStackWalker 1 1 306 7 1 100 1 3 10 7 12 1 1 1 10 7 12 1 1 10 7 12 1 1 1 9 12 1 1 10 12 1 1 9 12 1 1 9 12 1 1 9 12 1 1 9 12 1 9 7 12 1 1 1 10 7 12 1 1 1 10 12 1 1 9 12 1 1 10 7 12 1 1 1 10 12 1 1 9 12 1 1 9 100 12 1 1 1 100 1 10 8 1 10 12 1 1 10 12 1 8 1 10 12 1 1 10 100 12 1 1 1 100 1 8 1 10 12 1 8 1 10 12 9 7 12 1 1 1 10 7 12 1 1 9 12 1 8 1 5 0 8 1 8 1 9 12 1 1 10 12 1 1 10 12 1 1 10 12 1 9 12 1 10 12 1 10 12 1 10 12 1 10 12 1 1 10 12 1 10 12 1 1 8 1 10 12 1 10 12 1 10 12 1 10 12 1 1 8 1 10 12 1 1 10 12 1 1 10 12 1 1 10 12 1 10 12 1 10 100 12 1 1 1 9 12 1 8 1 10 12 1 10 12 1 10 12 1 10 12 1 10 12 1 10 12 1 10 12 1 1 10 12 1 1 10 12 1 1 10 12 1 8 1 1 1 1 1 1 1 1 1 1 1 1 1 1 1 1 1 1 100 1 1 1 1 100 1 1 1 1 1 1 1 1 1 1 1 1 1 1 1 1 1 1 1 1 1
ciInstanceKlass jdk/internal/module/Modules 1 1 504 10 100 12 1 1 1 9 7 12 1 1 1 11 7 12 1 1 1 11 12 1 1 11 12 1 1 11 12 1 1 11 12 1 11 12 1 11 12 1 11 12 1 11 12 1 1 10 100 12 1 1 1 10 100 12 1 1 1 18 12 1 1 10 100 12 1 1 1 100 1 10 100 12 1 1 1 10 100 12 1 1 1 10 100 12 1 1 10 12 1 1 11 12 1 9 12 1 1 11 100 12 1 1 1 10 12 1 1 10 10 12 1 10 9 12 1 1 10 7 12 1 1 10 12 1 1 10 100 12 1 1 100 1 11 100 12 1 1 1 10 100 12 1 1 1 11 100 12 1 1 10 12 1 1 10 100 12 1 1 10 100 12 1 1 1 10 12 1 1 10 12 1 1 11 12 1 1 18 12 1 1 11 100 12 1 1 10 100 12 1 1 1 11 100 12 1 1 1 100 1 11 12 1 1 11 100 12 1 1 1 11 12 1 1 10 12 1 1 10 100 12 1 1 18 12 1 1 11 12 1 1 18 12 1 1 11 12 1 1 10 12 1 18 18 10 12 1 1 9 12 1 1 11 100 12 1 1 1 100 1 10 11 12 1 11 12 1 1 11 12 1 1 10 100 1 10 12 1 1 10 100 12 1 1 10 12 1 1 11 12 10 12 1 1 100 1 10 18 12 1 10 12 1 1 100 1 8 1 10 12 1 10 100 12 1 1 18 12 1 11 11 12 10 12 1 10 10 100 1 18 12 1 10 10 10 7 12 1 1 10 7 12 1 1 1 10 12 1 1 1 1 1 1 1 1 1 1 1 1 1 1 1 1 1 1 1 1 1 1 1 1 1 1 1 1 1 1 1 1 1 100 1 1 1 1 1 1 1 1 1 1 1 1 1 1 1 1 1 1 1 1 1 1 1 1 1 1 1 1 1 1 1 1 1 1 1 100 1 1 1 1 1 1 1 1 1 1 1 1 1 1 1 1 1 1 1 1 1 1 1 15 10 100 12 1 1 1 16 15 10 12 1 16 16 15 10 12 1 16 1 16 1 15 10 12 1 16 1 16 1 15 10 12 16 1 15 10 16 1 15 10 12 16 1 15 10 12 16 15 10 12 16 15 10 12 1 1 1 100 1 100 1 1
staticfield jdk/internal/module/Modules JLA Ljdk/internal/access/JavaLangAccess; java/lang/System$2
staticfield jdk/internal/module/Modules JLMA Ljdk/internal/access/JavaLangModuleAccess; java/lang/module/ModuleDescriptor$1
staticfield jdk/internal/module/Modules $assertionsDisabled Z 1
ciInstanceKlass java/util/Locale 1 1 1155 9 7 12 1 1 1 7 1 10 12 1 1 9 12 1 1 11 7 12 1 1 1 10 7 12 1 1 9 12 1 1 9 12 1 1 100 1 10 10 12 1 1 8 1 10 12 1 1 10 12 1 1 10 12 1 10 12 1 10 12 1 11 12 1 1 9 7 12 1 1 1 10 100 1 10 9 12 1 1 10 7 12 1 1 9 7 12 1 1 1 9 12 1 10 12 1 1 9 12 1 1 9 12 1 100 1 8 1 10 12 1 9 12 1 10 12 1 10 12 1 1 10 7 12 1 1 1 8 1 8 1 10 7 12 1 1 1 8 1 10 12 10 7 12 1 1 1 10 12 1 1 10 12 1 8 1 8 1 8 1 8 1 10 12 1 1 10 7 12 1 1 100 1 9 12 1 1 10 12 1 1 9 12 1 10 12 1 9 12 1 10 12 1 9 12 1 10 12 1 9 12 1 10 12 1 1 10 7 12 1 1 1 10 12 1 1 7 1 10 10 12 1 1 10 100 1 10 12 1 1 10 12 1 1 8 1 10 12 1 8 1 10 100 12 1 1 1 100 1 8 1 10 12 1 10 100 12 1 1 1 9 100 12 1 1 1 10 12 1 1 8 1 10 100 12 1 1 1 9 12 1 1 100 1 8 1 10 12 1 1 10 12 1 1 10 100 12 1 1 1 9 12 1 8 1 10 12 1 10 10 10 12 1 10 10 12 1 1 10 12 1 1 100 1 7 1 10 8 1 10 12 1 1 10 12 1 10 12 1 10 10 100 12 1 1 1 10 12 1 1 10 100 12 1 1 1 10 12 1 10 12 1 10 12 1 8 1 10 12 1 10 12 1 10 12 10 12 1 10 8 1 9 12 1 10 7 12 1 1 1 10 10 12 1 10 8 1 10 12 1 10 10 12 1 10 12 1 1 11 7 12 1 1 1 11 7 12 1 1 11 12 1 1 10 12 1 10 12 1 10 12 1 10 8 1 10 12 1 1 10 12 1 1 10 12 1 1 10 12 1 100 1 8 1 8 1 10 8 1 10 8 1 8 1 10 12 1 1 10 12 1 10 12 1 1 10 12 1 1 10 12 1 10 12 1 100 1 10 12 1 1 8 1 9 100 12 1 1 1 10 7 12 1 1 10 12 1 1 10 12 1 10 100 12 1 1 1 10 12 1 1 10 12 1 1 8 1 10 100 12 1 1 10 12 1 1 10 12 1 8 1 100 1 10 12 1 10 12 1 1 10 100 12 1 1 1 10 12 1 1 11 100 12 1 1 1 18 12 1 1 11 100 12 1 1 1 18 12 1 1 11 12 1 1 18 12 1 10 12 1 10 12 1 10 12 1 1 11 12 1 1 100 100 1 10 10 12 1 1 8 1 10 12 1 100 1 100 1 10 12 1 9 12 1 1 10 12 1 10 10 12 1 10 100 1 8 1 10 10 12 1 10 12 1 10 10 8 1 8 1 8 1 9 12 1 10 12 1 10 12 1 8 1 10 12 1 10 12 1 10 100 12 1 1 18 12 1 10 12 1 8 1 10 12 1 10 12 1 8 1 10 100 12 1 1 1 11 12 1 1 18 12 1 11 12 1 1 10 12 1 10 100 12 1 1 1 8 1 10 100 12 1 1 8 1 8 1 8 1 8 1 8 1 10 12 1 10 12 1 10 100 12 1 1 1 10 100 12 1 1 100 1 10 12 1 10 10 12 1 10 12 1 10 8 1 10 12 1 1 8 1 8 1 9 12 1 8 1 8 1 9 12 1 10 100 12 1 1 1 9 100 12 1 1 1 10 10 12 1 10 10 12 1 1 10 12 1 1 100 1 10 12 1 1 10 12 1 1 10 7 12 1 1 7 1 10 10 12 1 1 9 12 1 9 12 1 9 12 1 9 12 1 9 12 1 9 12 1 9 12 1 9 12 1 9 12 1 9 12 1 9 12 1 9 12 1 9 12 1 9 12 1 9 12 1 9 12 1 9 12 1 9 12 1 9 12 1 9 12 1 9 12 1 10 12 7 1 10 12 1 9 12 1 1 9 12 1 1 100 1 100 1 1 1 1 1 1 3 1 3 1 1 5 0 1 3 1 3 1 3 1 3 1 3 1 3 1 1 1 1 1 1 1 1 1 1 1 1 1 1 1 1 1 1 1 1 1 1 1 1 1 1 1 1 1 1 1 1 1 1 1 1 1 1 1 1 1 1 1 1 1 1 1 1 1 1 1 1 1 1 1 1 1 1 1 1 100 1 1 1 1 1 1 1 1 1 1 1 1 1 1 1 1 1 1 1 1 1 1 1 1 1 1 1 1 1 1 1 1 1 1 1 1 1 1 1 100 1 1 1 1 1 1 1 1 1 1 1 1 1 1 1 1 1 1 100 1 1 1 1 1 1 1 1 100 1 1 100 1 1 1 1 1 1 1 1 1 1 1 1 1 1 1 1 1 1 1 1 1 1 1 1 1 1 1 1 1 1 100 1 100 1 100 1 100 1 100 1 1 15 10 100 12 1 1 1 16 15 10 12 16 16 15 16 15 10 12 15 10 12 16 15 10 12 16 1 1 1 1 1 1 100 1 1 1 1 1 1 1 100 1 100 1 1
staticfield java/util/Locale ENGLISH Ljava/util/Locale; java/util/Locale
staticfield java/util/Locale FRENCH Ljava/util/Locale; java/util/Locale
staticfield java/util/Locale GERMAN Ljava/util/Locale; java/util/Locale
staticfield java/util/Locale ITALIAN Ljava/util/Locale; java/util/Locale
staticfield java/util/Locale JAPANESE Ljava/util/Locale; java/util/Locale
staticfield java/util/Locale KOREAN Ljava/util/Locale; java/util/Locale
staticfield java/util/Locale CHINESE Ljava/util/Locale; java/util/Locale
staticfield java/util/Locale SIMPLIFIED_CHINESE Ljava/util/Locale; java/util/Locale
staticfield java/util/Locale TRADITIONAL_CHINESE Ljava/util/Locale; java/util/Locale
staticfield java/util/Locale FRANCE Ljava/util/Locale; java/util/Locale
staticfield java/util/Locale GERMANY Ljava/util/Locale; java/util/Locale
staticfield java/util/Locale ITALY Ljava/util/Locale; java/util/Locale
staticfield java/util/Locale JAPAN Ljava/util/Locale; java/util/Locale
staticfield java/util/Locale KOREA Ljava/util/Locale; java/util/Locale
staticfield java/util/Locale UK Ljava/util/Locale; java/util/Locale
staticfield java/util/Locale US Ljava/util/Locale; java/util/Locale
staticfield java/util/Locale CANADA Ljava/util/Locale; java/util/Locale
staticfield java/util/Locale CANADA_FRENCH Ljava/util/Locale; java/util/Locale
staticfield java/util/Locale ROOT Ljava/util/Locale; java/util/Locale
staticfield java/util/Locale CONSTANT_LOCALES Ljava/util/Map; java/util/HashMap
staticfield java/util/Locale CHINA Ljava/util/Locale; java/util/Locale
staticfield java/util/Locale PRC Ljava/util/Locale; java/util/Locale
staticfield java/util/Locale TAIWAN Ljava/util/Locale; java/util/Locale
staticfield java/util/Locale serialPersistentFields [Ljava/io/ObjectStreamField; 6 [Ljava/io/ObjectStreamField;
staticfield java/util/Locale $assertionsDisabled Z 1
ciMethod java/util/Locale getDefault ()Ljava/util/Locale; 514 0 17397 0 0
ciMethod java/util/Locale getLanguage ()Ljava/lang/String; 90 0 4606 0 0
instanceKlass java/util/LinkedHashSet
ciInstanceKlass java/util/HashSet 1 1 285 10 7 12 1 1 1 7 1 10 9 7 12 1 1 1 11 7 12 1 1 1 4 10 7 12 1 1 1 10 12 1 10 12 1 1 10 12 1 7 1 10 10 12 1 1 11 7 12 1 1 1 10 10 12 1 1 10 12 1 1 9 12 1 1 10 12 1 1 10 12 1 1 10 12 1 10 7 12 1 1 1 10 100 1 100 1 10 12 1 10 100 12 1 1 10 12 1 10 12 1 10 12 1 1 10 12 1 1 11 100 12 1 1 11 12 1 10 12 1 1 10 100 12 1 1 1 10 12 1 100 1 100 1 10 8 1 10 12 1 1 10 12 1 10 12 1 1 10 12 1 10 12 1 10 100 12 1 1 1 8 1 10 12 1 4 10 12 1 4 10 12 1 8 1 4 10 100 12 1 1 1 100 1 10 12 1 1 11 100 12 1 1 1 100 1 10 12 1 7 1 10 12 1 10 12 1 1 10 12 1 10 100 1 100 1 1 1 1 5 0 1 1 1 1 1 1 1 1 1 1 1 1 1 1 1 1 1 1 1 1 1 1 1 1 1 1 1 1 1 1 1 1 1 1 100 1 1 1 1 100 1 1 1 1 1 1 1 1 1 1 1 1 1 1 1 100 1 1 100 1 100 1 1 1
staticfield java/util/HashSet PRESENT Ljava/lang/Object; java/lang/Object
instanceKlass java/util/concurrent/ConcurrentSkipListMap$KeySet
instanceKlass java/util/concurrent/ConcurrentSkipListSet
instanceKlass java/lang/ProcessEnvironment$CheckedKeySet
instanceKlass java/util/concurrent/CopyOnWriteArraySet
instanceKlass java/lang/ProcessEnvironment$CheckedEntrySet
instanceKlass java/util/Hashtable$KeySet
instanceKlass java/util/EnumSet
instanceKlass java/util/IdentityHashMap$EntrySet
instanceKlass java/util/LinkedHashMap$LinkedEntrySet
instanceKlass java/util/Collections$SingletonSet
instanceKlass java/util/TreeMap$EntrySet
instanceKlass java/util/LinkedHashMap$LinkedKeySet
instanceKlass java/util/TreeMap$KeySet
instanceKlass java/util/TreeSet
instanceKlass java/util/IdentityHashMap$KeySet
instanceKlass java/util/HashMap$KeySet
instanceKlass java/util/AbstractMap$1
instanceKlass java/util/WeakHashMap$KeySet
instanceKlass java/util/Collections$SetFromMap
instanceKlass java/util/HashSet
instanceKlass java/util/Collections$EmptySet
instanceKlass java/util/HashMap$EntrySet
instanceKlass java/util/ImmutableCollections$MapN$1
ciInstanceKlass java/util/AbstractSet 1 1 96 10 7 12 1 1 1 7 1 7 1 11 12 1 1 10 7 1 10 12 1 1 100 1 100 1 10 12 1 1 11 7 12 1 1 1 11 12 1 1 10 7 12 1 1 10 7 12 1 1 1 11 10 12 1 1 11 12 1 11 12 1 1 1 1 1 1 1 1 1 1 1 1 1 1 1 1 100 1 1 1 1 1 1 1 1 1 1 1 1 1 1 1 1 1 1
ciMethod java/util/HashSet add (Ljava/lang/Object;)Z 1024 0 19665 0 192
ciInstanceKlass sun/net/www/protocol/jar/Handler 1 1 223 10 7 12 1 1 1 7 1 10 12 1 10 7 12 1 1 1 10 12 1 1 10 12 1 1 10 7 12 1 1 1 8 1 10 12 1 1 10 12 1 7 1 8 1 10 12 1 1 10 12 1 1 10 12 1 1 10 12 1 10 12 1 100 1 10 12 1 10 8 1 10 12 1 1 8 1 10 12 10 12 1 1 100 1 10 10 12 1 10 12 1 1 10 12 1 10 12 1 1 8 1 10 12 1 1 8 1 7 1 10 8 1 10 12 1 1 8 1 10 12 1 8 1 10 12 1 8 1 10 12 1 1 8 1 8 1 10 12 1 8 1 10 12 1 10 12 1 8 1 8 1 8 1 10 12 1 8 1 1 1 1 1 1 1 1 1 1 1 1 1 1 100 1 1 1 1 1 1 1 1 1 1 1 1 1 1 1 1 1 1 1 1 1 1 1 1 1 1 1 1 1 1 1 1 1 1 1 1 1 1 1 1 1 1 1 1 1 1 1 1 1 1
ciInstanceKlass java/util/Enumeration 1 1 32 100 1 10 12 1 1 100 1 100 1 1 1 1 1 1 1 1 1 1 1 1 1 1 1 1 1 1 1 1 1 1
ciMethod java/util/Enumeration hasMoreElements ()Z 0 0 1 0 -1
ciMethod java/util/Enumeration nextElement ()Ljava/lang/Object; 0 0 1 0 -1
instanceKlass java/util/LinkedHashMap$Entry
ciInstanceKlass java/util/HashMap$Node 1 1 95 10 7 12 1 1 1 9 7 12 1 1 1 9 12 1 1 9 12 1 9 12 1 1 100 1 10 10 12 1 1 8 1 10 12 1 10 12 1 1 10 7 12 1 1 1 100 1 11 12 1 1 10 12 1 1 11 12 1 1 1 1 1 1 1 1 1 1 1 1 1 1 1 1 1 1 1 1 1 1 1 1 1 1 1 1 1 1 100 1 1 1 100 1 1
instanceKlass java/util/HashMap$TreeNode
ciInstanceKlass java/util/LinkedHashMap$Entry 1 1 41 10 7 12 1 1 1 100 1 1 1 1 1 1 1 1 1 1 1 1 1 1 1 1 1 1 1 1 1 1 1 1 1 1 100 1 1 100 1 1 1
ciInstanceKlass java/util/HashMap$TreeNode 0 0 250 100 1 10 100 12 1 1 1 9 100 12 1 1 1 9 12 1 1 9 12 1 9 12 1 1 9 12 1 1 10 12 1 1 100 1 10 12 1 9 12 1 9 12 1 9 12 1 1 10 100 12 1 1 1 10 12 1 1 10 12 1 1 10 12 1 1 10 12 1 1 10 12 1 1 10 100 12 1 1 1 10 100 12 1 1 1 10 100 12 1 1 1 9 12 1 10 12 1 1 10 12 1 1 10 12 1 1 10 12 1 1 9 100 1 10 12 1 1 10 12 1 1 10 12 1 10 12 1 1 10 12 1 10 12 1 10 12 1 1 1 1 1 1 1 1 1 1 1 1 1 1 1 1 1 1 1 1 1 1 1 1 1 1 100 1 1 1 1 1 1 1 1 1 1 1 1 1 1 1 1 1 1 1 1 1 1 1 1 1 1 1 1 1 1 1 1 1 1 1 1 1 1 1 1 1 1 1 1 1 1 1 1 1 1 1 1 1 1 1 1 1 1 1 1 1 1 1 1 1 1 1 1 1 1 1 1 1 1 1 1 1 1 1 1 100 1 1 1 1
ciInstanceKlass java/security/PrivilegedExceptionAction 1 0 17 100 1 100 1 1 1 1 100 1 1 1 1 1 1 1 1
ciInstanceKlass sun/net/util/URLUtil 1 1 130 10 100 12 1 1 1 7 1 10 10 7 12 1 1 1 10 7 12 1 1 10 12 1 1 8 1 10 12 1 10 12 1 1 10 12 1 8 1 10 12 1 10 12 1 10 12 1 10 8 1 10 12 1 1 8 1 10 100 12 1 1 1 8 1 8 1 8 1 10 12 1 1 10 12 1 10 12 1 1 10 12 1 10 12 1 1 10 100 12 1 1 1 10 12 1 10 12 1 100 1 10 1 1 1 1 1 1 1 1 1 1 1 1 1 1 1 1 1 1 1 1 1 1 1 1 100 1 1 1
ciMethod sun/net/util/URLUtil urlNoFragString (Ljava/net/URL;)Ljava/lang/String; 94 0 8306 0 0
instanceKlass org/apache/catalina/webresources/CachedResource$CachedResourceURLStreamHandler
instanceKlass org/apache/catalina/webresources/ClasspathURLStreamHandler
instanceKlass org/apache/catalina/webresources/war/Handler
instanceKlass sun/net/www/protocol/jrt/Handler
instanceKlass sun/net/www/protocol/jar/Handler
instanceKlass sun/net/www/protocol/file/Handler
ciInstanceKlass java/net/URLStreamHandler 1 1 279 10 7 12 1 1 1 100 1 7 1 10 8 1 10 12 1 1 8 1 8 1 10 12 1 1 10 12 1 100 1 8 1 10 10 7 12 1 1 10 12 1 10 12 1 10 12 1 10 12 1 1 10 12 1 10 12 1 10 12 1 10 7 12 1 1 1 10 12 1 1 10 12 1 1 10 12 1 10 12 1 10 12 1 10 12 1 10 7 12 1 1 1 8 1 10 100 12 1 1 1 8 1 8 1 8 1 10 12 1 10 12 1 1 8 1 8 1 10 12 1 8 1 10 12 1 10 12 8 1 10 12 1 8 1 10 12 1 8 1 10 7 12 1 1 1 10 7 12 1 1 1 10 12 1 1 10 12 1 10 12 1 1 10 100 1 10 12 1 10 12 1 10 12 1 10 12 1 10 12 1 9 12 1 1 10 12 1 10 12 1 10 10 12 1 8 1 100 1 8 1 10 10 12 1 1 10 12 1 1 10 12 1 1 8 1 1 1 1 1 1 1 1 100 1 1 1 1 1 1 1 100 1 1 1 1 1 1 1 1 1 1 1 1 1 1 1 1 1 1 1 1 1 1 1 1 1 1 1 1 1 1 1 1 1 1 1 1 1 1 1 1 1 1 1 1 1 1 1
ciMethod java/net/URLStreamHandler parseURL (Ljava/net/URL;Ljava/lang/String;II)V 512 0 17396 0 -1
ciMethod java/net/URLStreamHandler getDefaultPort ()I 256 0 8137 0 0
instanceKlass java/util/jar/JarFile
ciInstanceKlass java/util/zip/ZipFile 1 1 565 7 1 7 1 7 1 10 12 1 1 7 1 10 12 1 9 7 12 1 1 1 10 12 1 10 7 12 1 1 100 1 7 1 10 8 1 10 12 1 1 10 100 12 1 1 1 10 12 1 1 10 10 12 1 10 7 12 1 1 1 10 100 12 1 1 10 12 1 8 1 10 7 12 1 1 1 9 12 1 1 10 12 1 1 7 1 10 7 12 1 1 1 10 12 1 9 12 1 1 10 7 12 1 1 1 10 12 1 1 10 12 1 10 12 1 10 12 1 9 12 1 1 9 7 12 1 1 1 9 12 1 1 10 12 1 8 10 12 1 1 10 12 1 1 8 1 9 12 1 1 9 12 1 9 10 12 1 1 9 12 1 1 7 1 9 12 1 10 12 1 10 12 1 1 11 7 12 1 1 1 10 12 1 1 5 0 5 0 5 0 5 0 7 1 10 12 1 100 1 8 1 10 7 1 9 12 1 10 12 1 100 1 18 12 1 1 10 12 1 10 100 12 1 1 1 10 12 1 10 12 1 1 100 1 10 12 1 18 18 10 12 1 10 12 1 10 7 12 1 1 1 10 12 1 1 8 1 10 12 1 1 10 12 1 7 1 9 12 1 1 11 7 12 1 1 1 10 10 12 1 9 12 1 10 12 1 9 12 1 1 10 12 1 9 12 1 9 12 1 10 12 1 9 12 1 9 12 1 10 12 1 10 12 1 3 9 12 1 10 7 12 1 1 1 10 12 1 1 9 12 9 12 1 1 10 12 1 100 1 10 12 1 1 100 1 8 1 10 8 1 8 1 9 12 1 1 9 12 1 100 1 10 10 12 1 11 100 1 11 12 1 1 9 12 1 9 12 1 8 1 10 7 12 1 1 1 8 1 10 12 1 100 1 10 12 1 9 12 1 7 1 10 10 7 12 1 1 1 8 1 10 7 12 1 1 8 1 10 12 1 1 9 12 1 100 1 1 1 1 1 3 1 3 1 3 1 3 1 1 1 1 1 1 100 1 1 1 1 1 1 1 1 1 1 100 1 1 1 1 100 1 1 1 1 1 1 1 1 1 1 1 1 1 100 1 1 1 1 1 1 1 1 1 1 1 1 1 1 1 1 1 1 1 100 1 1 1 1 1 1 1 1 1 1 1 100 1 1 1 1 1 1 1 1 1 1 1 1 1 1 1 1 1 100 1 100 1 100 1 1 15 10 100 12 1 1 1 16 1 15 10 12 16 15 16 15 10 12 16 1 1 1 1 1 1 1 1 1 1 100 1 100 1 1
staticfield java/util/zip/ZipFile DISABLE_ZIP64_EXTRA_VALIDATION Z 0
instanceKlass sun/net/www/protocol/jar/URLJarFile
ciInstanceKlass java/util/jar/JarFile 1 1 764 7 1 9 12 1 1 9 12 1 100 1 10 12 1 1 7 1 10 12 1 10 12 1 10 12 1 9 12 1 1 10 7 12 1 1 1 9 12 1 10 7 12 1 1 1 9 12 1 9 12 1 1 10 7 12 1 1 1 10 12 1 1 9 12 1 10 12 1 1 9 12 9 12 1 10 12 1 1 100 1 10 12 1 1 9 12 1 1 10 7 12 1 1 1 7 1 10 12 1 1 10 12 1 1 9 12 1 9 12 1 1 11 7 12 1 1 1 7 1 10 7 12 1 1 1 10 12 1 9 12 1 1 9 12 1 1 8 1 10 100 12 1 1 7 1 10 12 1 10 10 12 1 10 12 1 1 10 12 1 10 7 12 1 1 100 1 10 12 1 1 10 12 1 10 12 1 1 10 12 1 1 10 11 12 1 1 11 12 1 1 11 12 1 18 12 1 1 11 100 12 1 1 1 18 12 1 1 11 12 1 1 11 12 1 1 18 18 10 12 7 1 10 12 1 8 1 10 7 12 1 1 1 10 12 1 10 12 1 1 10 12 1 1 100 1 10 12 1 8 1 11 12 1 1 7 1 10 12 10 12 1 1 10 12 1 8 1 10 12 10 12 1 1 10 12 1 11 12 1 1 10 12 1 11 12 1 1 11 100 12 1 1 1 11 100 12 1 1 11 12 1 10 12 1 1 100 1 8 1 10 100 1 9 12 1 1 10 12 1 8 1 10 12 1 9 12 1 1 10 12 1 1 10 12 1 1 100 1 8 1 10 100 12 1 1 10 12 1 8 1 10 12 1 8 1 10 7 12 1 1 1 9 7 12 1 1 8 1 10 12 1 8 1 10 8 1 8 1 10 3 10 12 1 1 10 12 1 1 100 1 8 1 8 1 10 10 12 1 10 12 1 100 1 10 12 1 1 10 12 1 10 12 1 1 9 12 1 1 9 12 1 10 7 12 1 1 9 12 1 9 12 1 9 12 1 9 12 1 10 12 1 1 9 12 1 9 12 1 9 12 1 7 1 10 7 1 10 12 1 10 12 1 1 9 7 12 1 1 1 10 12 1 1 10 7 12 1 1 100 1 10 12 9 12 1 1 9 12 1 1 10 7 12 1 1 9 12 1 10 10 12 1 10 12 1 10 12 1 1 10 100 12 1 1 1 10 12 1 1 10 100 12 1 1 10 12 1 1 100 1 10 12 1 10 12 1 1 11 100 12 1 1 10 12 1 1 10 12 100 1 10 9 12 1 10 12 1 1 10 12 1 10 12 1 1 10 12 1 1 100 1 10 10 7 1 10 10 7 12 1 1 1 10 12 1 1 8 1 10 7 12 1 1 1 10 7 12 1 1 10 12 1 8 1 8 1 10 12 1 10 12 1 8 1 10 12 1 1 8 1 1 1 1 1 1 1 1 1 1 1 1 1 1 1 1 1 1 1 1 1 1 1 1 1 1 1 1 1 1 1 1 100 1 1 1 1 1 1 1 1 1 1 1 1 1 1 1 1 100 1 1 1 1 1 1 1 1 1 1 1 1 1 1 1 1 1 1 1 1 1 1 1 1 1 1 1 1 100 1 1 1 1 1 1 1 1 1 100 1 1 1 1 1 1 1 1 1 1 100 1 1 1 1 1 1 1 1 1 1 1 15 10 100 12 1 1 1 16 15 10 12 16 16 15 10 12 1 16 15 16 16 1 1 1 1 1 1 1 100 1 100 1 1
staticfield java/util/jar/JarFile BASE_VERSION Ljava/lang/Runtime$Version; java/lang/Runtime$Version
staticfield java/util/jar/JarFile BASE_VERSION_FEATURE I 8
staticfield java/util/jar/JarFile RUNTIME_VERSION Ljava/lang/Runtime$Version; java/lang/Runtime$Version
staticfield java/util/jar/JarFile MULTI_RELEASE_ENABLED Z 1
staticfield java/util/jar/JarFile MULTI_RELEASE_FORCED Z 0
staticfield java/util/jar/JarFile isInitializing Ljava/lang/ThreadLocal; java/lang/ThreadLocal
staticfield java/util/jar/JarFile JUZFA Ljdk/internal/access/JavaUtilZipFileAccess; java/util/zip/ZipFile$1
staticfield java/util/jar/JarFile CLASSPATH_CHARS [B 12
staticfield java/util/jar/JarFile CLASSPATH_LASTOCC [B 65
staticfield java/util/jar/JarFile CLASSPATH_OPTOSFT [B 12
staticfield java/util/jar/JarFile MULTIRELEASE_CHARS [B 19
staticfield java/util/jar/JarFile MULTIRELEASE_LASTOCC [B 65
staticfield java/util/jar/JarFile MULTIRELEASE_OPTOSFT [B 19
ciInstanceKlass java/util/zip/ZipFile$Source$Key 1 1 84 10 7 12 1 1 1 9 7 12 1 1 1 9 12 1 1 10 7 12 1 1 1 9 12 1 1 100 1 5 0 11 7 12 1 1 1 10 7 12 1 1 1 10 7 12 1 1 1 10 12 1 1 11 12 1 1 10 10 1 1 1 1 1 1 1 1 1 1 1 1 1 1 1 1 1 1 100 1 1 100 1 1 1
instanceKlass sun/net/www/protocol/jar/URLJarFile$URLJarFileEntry
instanceKlass java/util/jar/JarFile$JarFileEntry
ciInstanceKlass java/util/jar/JarEntry 1 1 60 10 7 12 1 1 1 10 12 1 10 7 1 9 12 1 1 9 12 1 1 9 12 1 1 10 100 12 1 1 10 100 10 12 1 1 1 1 1 1 1 1 1 1 1 1 1 1 1 1 100 1 1 1 1 1 1 1 1 1
instanceKlass java/util/jar/JarEntry
ciInstanceKlass java/util/zip/ZipEntry 1 1 327 100 1 7 1 10 7 12 1 1 1 5 0 9 7 12 1 1 1 9 12 1 9 12 1 9 12 1 9 12 1 1 9 12 1 1 9 12 1 9 12 1 8 1 10 7 12 1 1 1 10 7 12 1 1 1 3 100 1 8 1 10 12 1 9 12 1 8 1 9 12 1 1 9 12 1 9 12 1 9 12 1 1 9 12 1 10 12 1 1 5 0 5 0 10 12 1 1 10 100 12 1 1 9 100 12 1 1 1 10 100 12 1 1 1 10 12 1 1 10 12 1 10 12 1 10 12 1 10 12 1 10 12 1 10 12 1 5 0 10 12 1 3 10 100 12 1 1 1 10 100 12 1 1 1 10 12 1 1 10 12 1 10 10 12 1 1 5 0 5 0 5 0 5 0 5 0 5 0 10 12 1 8 1 10 12 1 1 10 12 1 8 1 8 1 8 1 8 1 8 1 10 12 1 1 8 1 10 12 1 1 10 12 1 1 5 0 10 12 1 1 10 7 12 1 1 1 10 12 1 10 12 1 8 1 10 12 1 1 10 12 1 1 10 12 1 10 12 1 1 10 100 100 1 100 1 10 12 1 100 1 100 1 1 1 3 1 3 1 1 1 1 1 1 1 1 1 1 1 1 1 1 1 1 1 1 1 1 1 1 1 1 1 1 1 1 1 1 1 1 1 1 1 1 1 1 1 1 1 1 1 1 1 1 1 1 1 1 1 1 1 1 1 1 1 1 1
ciInstanceKlass sun/util/locale/BaseLocale 1 1 274 10 7 12 1 1 1 10 7 12 1 1 1 10 7 12 1 1 1 9 7 12 1 1 1 10 12 1 9 12 1 10 12 1 9 12 1 9 12 1 8 1 10 12 1 10 12 1 1 9 12 1 1 10 12 1 10 12 1 1 10 12 1 10 12 1 7 1 10 9 7 12 1 1 1 10 12 1 1 10 12 1 1 8 1 8 1 8 1 8 1 8 1 8 1 9 12 1 1 100 1 8 1 10 12 1 100 1 10 8 1 10 12 1 1 10 12 1 10 12 1 1 8 1 8 1 8 1 10 9 12 1 1 10 7 12 1 1 1 8 1 10 12 1 1 8 1 8 1 8 1 8 1 8 1 8 1 8 1 8 1 8 1 8 1 8 1 8 1 8 1 8 1 8 1 8 1 10 7 12 1 1 1 8 1 8 1 10 7 12 1 1 1 8 1 10 12 1 1 1 1 1 1 1 3 1 3 1 3 1 3 1 3 1 3 1 3 1 3 1 3 1 3 1 3 1 3 1 3 1 3 1 3 3 1 3 1 3 1 3 1 3 1 8 1 1 1 1 1 1 1 1 1 1 1 1 1 100 1 1 1 1 1 1 1 1 1 1 1 1 1 1 1 1
staticfield sun/util/locale/BaseLocale OLD_ISO_CODES Z 0
ciMethod java/util/zip/ZipEntry getName ()Ljava/lang/String; 256 0 128 0 -1
ciInstanceKlass java/util/jar/JarFile$JarFileEntry 1 1 128 9 7 12 1 1 1 10 7 12 1 1 1 9 12 1 1 10 12 1 10 7 12 1 1 1 10 12 1 1 10 100 12 1 1 1 10 12 1 1 100 1 100 1 10 12 1 9 12 1 1 9 12 1 1 10 12 1 1 10 100 12 1 1 1 10 100 12 1 1 9 12 1 1 10 12 1 1 10 100 10 12 1 1 9 12 1 1 9 12 1 10 100 12 1 1 1 10 12 1 1 1 1 1 1 1 1 1 1 1 1 1 1 1 1 1 1 1 1 1 1 1 1 1 1 1 1 1
ciInstanceKlass java/util/LinkedList 1 1 330 10 7 12 1 1 1 9 7 12 1 1 1 10 10 12 1 1 9 12 1 1 7 1 10 12 1 9 12 1 9 12 1 9 12 1 9 12 1 9 12 1 1 100 1 10 10 12 1 1 10 12 1 10 12 1 1 10 12 1 10 12 1 1 10 12 1 10 7 12 1 1 1 10 12 1 10 12 1 1 11 100 12 1 1 1 10 12 1 1 10 12 1 10 12 1 1 100 1 10 8 1 10 12 1 1 10 12 1 8 1 10 12 1 1 10 12 1 1 100 1 10 12 1 1 10 12 1 10 12 1 10 12 1 1 10 12 1 10 12 1 10 12 1 10 12 1 10 12 1 7 1 10 12 1 100 1 10 12 1 10 12 1 100 1 100 1 10 12 1 10 12 1 1 10 12 1 1 10 100 12 1 1 10 100 12 1 1 1 100 1 10 100 12 1 1 10 12 1 10 12 1 10 100 12 1 1 10 12 1 1 10 12 1 7 1 10 12 1 100 1 100 1 100 1 100 1 1 1 1 1 1 5 0 1 1 1 1 1 1 1 1 1 1 1 1 1 1 1 1 1 1 1 1 1 1 1 1 1 1 1 1 1 1 1 1 1 1 1 1 1 1 1 1 1 1 1 1 1 1 1 1 1 1 1 1 1 1 1 1 1 1 1 1 1 1 1 1 1 1 1 1 1 1 1 1 1 1 1 1 1 1 100 1 1 1 100 1 1 1 1 1 1 1 1 1 1 1 1 1
ciMethod java/util/LinkedList size ()I 256 0 126 0 0
ciMethod java/util/LinkedList toArray ([Ljava/lang/Object;)[Ljava/lang/Object; 4 4 159 0 0
instanceKlass jdk/internal/loader/URLClassPath$JarLoader
instanceKlass jdk/internal/loader/URLClassPath$FileLoader
ciInstanceKlass jdk/internal/loader/URLClassPath$Loader 1 1 134 10 7 12 1 1 1 9 7 12 1 1 1 100 1 10 100 12 1 1 1 10 12 1 100 1 10 100 12 1 1 1 10 12 1 1 100 1 8 1 10 12 1 1 10 12 1 1 10 100 12 1 1 1 10 12 1 1 10 100 12 1 1 100 1 100 1 10 12 1 1 10 100 12 1 1 1 9 12 1 1 100 1 10 12 1 10 12 1 1 10 100 1 100 1 1 1 1 1 1 1 1 1 1 1 1 1 1 1 1 1 1 1 1 1 1 1 1 100 1 1 1 1 1 100 1 1 1 1 1 1 1 1 1
ciInstanceKlass jdk/internal/loader/URLClassPath$JarLoader 1 1 559 7 1 7 1 8 1 8 1 7 1 10 12 1 1 10 12 1 1 8 1 10 12 1 10 12 1 1 10 12 1 10 7 12 1 1 9 7 12 1 1 1 9 12 1 1 9 12 1 1 9 12 1 1 9 12 1 1 10 12 1 9 12 1 10 7 12 1 1 8 1 10 12 1 10 7 12 1 1 1 7 1 10 12 1 10 7 12 1 1 1 100 1 10 12 1 1 100 1 10 7 12 1 1 1 9 12 1 9 12 1 1 11 100 12 1 1 1 8 1 10 12 1 10 12 1 1 10 12 1 1 7 1 10 10 12 1 1 100 1 10 12 1 10 7 1 10 100 1 10 12 1 1 10 12 1 10 12 1 1 10 12 1 1 8 1 10 12 1 10 12 1 1 8 1 9 12 1 1 10 100 12 1 1 1 100 1 10 12 1 1 100 1 10 12 9 12 1 1 10 12 1 10 7 12 1 1 10 7 12 1 1 1 10 12 1 100 1 100 1 7 1 10 12 1 10 12 1 1 10 12 1 1 10 12 1 1 11 7 12 1 1 11 12 1 1 7 1 10 12 1 10 12 1 1 10 7 12 1 1 10 12 1 1 10 12 1 1 7 1 10 10 12 1 10 7 12 1 1 1 10 7 12 1 1 1 10 12 1 1 7 1 10 7 12 1 1 1 10 7 12 1 1 100 1 10 12 1 10 12 1 1 10 12 1 1 10 12 1 1 11 7 12 1 1 10 12 1 1 100 1 8 1 10 10 7 12 1 1 1 11 7 12 1 1 1 10 12 1 1 10 100 12 1 1 1 9 100 12 1 1 1 10 100 12 1 1 1 10 12 1 1 100 1 10 10 12 1 10 12 1 10 12 1 9 12 1 10 12 1 1 9 12 1 9 12 1 1 8 1 8 1 10 100 12 1 1 10 100 12 1 1 1 100 1 10 12 1 10 12 1 10 12 1 10 12 1 9 12 1 1 10 12 1 1 10 12 1 10 10 12 1 10 12 1 1 8 1 10 12 1 10 100 12 1 1 1 10 12 1 100 1 10 12 1 1 1 1 1 1 1 1 1 1 1 1 1 1 1 1 1 1 1 1 1 1 1 1 1 1 1 1 1 1 1 1 1 1 1 1 1 1 1 1 1 1 1 1 1 1 1 1 1 1 1 1 1 1 1 1 1 1 1 1 1 1 1 1 1 1 1 1 1 1 1 1 1 1 1 1 1 1 1 1 1 1 1 1 1 1 1 1 1 100 1 100 1 1 1
staticfield jdk/internal/loader/URLClassPath$JarLoader zipAccess Ljdk/internal/access/JavaUtilZipFileAccess; java/util/zip/ZipFile$1
ciMethod jdk/internal/loader/URLClassPath$JarLoader getResource (Ljava/lang/String;ZLjava/util/Set;)Ljdk/internal/loader/Resource; 76 0 17506 0 -1
ciMethod jdk/internal/loader/URLClassPath$JarLoader getIndex ()Ljdk/internal/util/jar/JarIndex; 0 0 1 0 -1
ciMethod jdk/internal/loader/URLClassPath$JarLoader checkResource (Ljava/lang/String;ZLjava/util/jar/JarEntry;)Ljdk/internal/loader/Resource; 42 0 419 0 -1
ciMethod jdk/internal/loader/URLClassPath$JarLoader validIndex (Ljava/lang/String;)Z 4 8 159 0 0
ciMethod jdk/internal/loader/URLClassPath$JarLoader ensureOpen ()V 542 0 6590 0 256
ciInstanceKlass jdk/internal/loader/URLClassPath$JarLoader$1 1 1 145 9 7 12 1 1 1 10 7 12 1 1 1 9 7 12 1 1 1 9 100 12 1 1 1 100 1 10 8 1 10 12 1 1 9 7 12 1 1 1 10 12 1 10 12 1 1 10 100 12 1 1 1 10 100 12 1 1 10 12 1 1 9 12 1 1 10 7 12 1 1 1 9 12 1 1 10 12 1 1 7 1 10 12 1 10 7 12 1 1 1 9 12 1 1 10 7 12 1 1 1 10 12 1 1 100 1 10 12 1 1 100 1 1 1 1 1 1 1 1 1 1 1 1 1 1 1 1 100 1 100 1 1 100 1 1 1 1 1 1 12 1 1 1 1
ciMethod jdk/internal/loader/URLClassPath$JarLoader$1 <init> (Ljdk/internal/loader/URLClassPath$JarLoader;)V 50 0 101 0 0
ciInstanceKlass sun/net/www/protocol/file/Handler 1 1 161 10 7 12 1 1 1 10 7 12 1 1 1 8 1 9 7 12 1 1 1 10 7 12 1 1 1 10 12 1 1 10 7 12 1 1 1 10 12 1 10 7 12 1 1 1 10 12 1 1 8 1 10 12 1 1 8 1 10 12 1 1 10 12 1 10 12 1 1 100 1 10 8 1 10 12 1 1 10 12 1 10 12 1 100 1 10 12 1 8 1 10 12 1 8 1 10 12 1 10 12 1 10 12 1 100 1 8 1 10 12 1 10 7 1 10 12 1 10 12 1 1 1 1 1 1 1 1 1 1 1 1 1 1 1 1 1 1 1 1 1 1 1 1 1 1 1 1 1 1 1 100 1 100 1 1 1 1 1 1 1
ciInstanceKlass java/util/LinkedList$Node 1 1 39 10 7 12 1 1 1 9 7 12 1 1 1 9 12 1 1 9 12 1 1 1 1 1 1 1 1 1 1 1 1 1 1 1 1 100 1 1 1
ciMethod java/util/Set add (Ljava/lang/Object;)Z 0 0 1 0 -1
ciMethod sun/util/locale/BaseLocale getLanguage ()Ljava/lang/String; 266 0 133 0 0
ciMethod java/util/jar/JarFile entries ()Ljava/util/Enumeration; 328 0 159 0 -1
ciMethod java/util/jar/JarFile getEntry (Ljava/lang/String;)Ljava/util/zip/ZipEntry; 520 0 44321 0 6496
ciMethod java/util/jar/JarFile getJarEntry (Ljava/lang/String;)Ljava/util/jar/JarEntry; 520 0 7767 0 0
ciMethod java/util/jar/JarFile isMultiRelease ()Z 530 0 45157 0 -1
ciMethod java/util/jar/JarFile getVersionedEntry (Ljava/lang/String;Ljava/util/jar/JarEntry;)Ljava/util/jar/JarEntry; 134 120 8017 0 -1
ciMethod java/util/zip/ZipFile getEntry (Ljava/lang/String;)Ljava/util/zip/ZipEntry; 562 0 54842 0 -1
ciMethod java/util/HashMap$TreeNode getTreeNode (ILjava/lang/Object;)Ljava/util/HashMap$TreeNode; 0 0 1 0 -1
ciMethod java/util/HashMap getNode (Ljava/lang/Object;)Ljava/util/HashMap$Node; 30386 644 20497 0 704
ciMethod java/util/HashMap putVal (ILjava/lang/Object;Ljava/lang/Object;ZZ)Ljava/lang/Object; 684 28 15393 0 -1
ciMethod java/util/HashMap hash (Ljava/lang/Object;)I 516 0 20848 0 192
ciMethod java/util/Arrays copyOfRange ([BII)[B 522 0 5396 0 736
ciMethod java/util/Arrays copyOf ([BI)[B 300 0 13666 0 672
ciMethod java/lang/Math max (II)I 564 0 46508 0 -1
ciMethod java/lang/Math min (II)I 512 0 81382 0 -1
ciMethod jdk/internal/reflect/Reflection getCallerClass ()Ljava/lang/Class; 512 0 256 0 -1
ciMethod java/lang/StringBuilder <init> ()V 330 0 58267 0 384
ciMethod java/lang/StringBuilder toString ()Ljava/lang/String; 336 0 78215 0 1056
ciMethod java/lang/StringBuilder append (Ljava/lang/String;)Ljava/lang/StringBuilder; 668 0 228466 0 1568
ciMethod java/lang/StringBuilder append (I)Ljava/lang/StringBuilder; 4 0 8429 0 -1
ciMethod java/lang/String charAt (I)C 608 0 1103136 0 -1
ciMethod java/lang/String length ()I 628 0 606707 0 96
ciMethod java/lang/String <init> ([BB)V 512 0 35087 0 0
ciMethod java/lang/String equals (Ljava/lang/Object;)Z 53368 0 32472 0 384
ciMethod java/lang/String hashCode ()I 556 0 5433 0 448
ciMethod java/lang/String indexOf (II)I 512 0 157217 0 -1
ciMethod java/lang/String coder ()B 572 0 802305 0 64
ciMethod java/lang/String isLatin1 ()Z 404 0 1414269 0 0
ciMethod java/lang/String checkBoundsBeginEnd (III)V 512 0 6401 0 160
ciMethod java/lang/String getBytes ([BIIBI)V 770 0 5545 0 0
ciMethod java/lang/String regionMatches (ZILjava/lang/String;II)Z 8674 0 11261 0 -1
ciMethod java/lang/String startsWith (Ljava/lang/String;)Z 512 0 278572 0 -1
ciMethod java/lang/String lastIndexOf (II)I 512 0 82128 0 0
ciMethod java/lang/String lastIndexOf (I)I 512 0 75030 0 288
ciMethod java/lang/String substring (II)Ljava/lang/String; 512 0 5405 0 1248
ciMethod java/lang/String toLowerCase ()Ljava/lang/String; 514 0 16890 0 0
ciMethod java/lang/String toLowerCase (Ljava/util/Locale;)Ljava/lang/String; 512 0 18931 0 0
ciMethod java/lang/String equalsIgnoreCase (Ljava/lang/String;)Z 352 0 12872 0 -1
ciMethod java/security/AccessController executePrivileged (Ljava/security/PrivilegedExceptionAction;Ljava/security/AccessControlContext;Ljava/lang/Class;)Ljava/lang/Object; 516 0 693 0 -1
ciMethod java/security/AccessController doPrivileged (Ljava/security/PrivilegedExceptionAction;Ljava/security/AccessControlContext;)Ljava/lang/Object; 102 0 203 0 0
ciMethod java/security/AccessController checkContext (Ljava/security/AccessControlContext;Ljava/lang/Class;)Ljava/security/AccessControlContext; 416 0 208 0 -1
ciMethod java/security/AccessController wrapException (Ljava/lang/Exception;)Ljava/security/PrivilegedActionException; 0 0 1 0 -1
ciMethod java/lang/Class getComponentType ()Ljava/lang/Class; 388 0 18487 0 -1
ciMethod java/lang/Object getClass ()Ljava/lang/Class; 512 0 256 0 -1
ciMethod java/lang/Object <init> ()V 1024 0 873795 0 128
instanceKlass javax/security/sasl/SaslException
instanceKlass java/io/EOFException
instanceKlass org/apache/coyote/BadRequestException
instanceKlass java/io/InterruptedIOException
instanceKlass java/net/SocketException
instanceKlass java/nio/charset/CharacterCodingException
instanceKlass com/fasterxml/jackson/core/JacksonException
instanceKlass java/io/CharConversionException
instanceKlass java/io/ObjectStreamException
instanceKlass java/util/zip/ZipException
instanceKlass java/io/UnsupportedEncodingException
instanceKlass java/net/UnknownHostException
instanceKlass java/nio/file/FileSystemException
instanceKlass java/io/FileNotFoundException
instanceKlass java/net/MalformedURLException
ciInstanceKlass java/io/IOException 1 1 34 10 7 12 1 1 1 10 12 1 10 12 1 10 12 1 100 1 1 1 1 5 0 1 1 1 1 1 1 1 1 1 1 1
ciInstanceKlass java/util/zip/ZipFile$ZipEntryIterator 1 1 89 9 7 12 1 1 1 10 7 12 1 1 1 9 12 1 1 9 12 1 10 12 1 1 10 12 1 1 10 7 12 1 1 100 1 10 9 12 1 1 9 7 12 1 1 1 10 7 12 1 1 1 10 12 1 1 10 12 1 100 1 100 1 1 1 1 1 1 1 1 1 1 1 1 1 100 1 1 1 1 1 1 1 1 1 1 1 1 1
ciInstanceKlass java/net/MalformedURLException 1 1 26 10 7 12 1 1 1 10 12 1 100 1 1 1 1 5 0 1 1 1 1 1 1 1 1 1
ciInstanceKlass sun/net/www/protocol/jrt/Handler 1 1 28 10 7 12 1 1 1 7 1 10 12 1 100 1 1 1 1 1 1 1 1 1 1 1 100 1 1 1
ciInstanceKlass org/springframework/boot/context/config/StandardConfigDataResource 1 1 131 10 7 12 1 1 1 10 7 12 1 1 8 1 10 7 12 1 1 1 8 1 9 12 1 1 9 12 1 1 9 12 1 1 10 7 12 1 1 1 10 7 12 1 1 1 10 12 1 1 10 12 1 1 10 12 1 1 10 12 1 1 10 7 1 10 12 1 1 10 7 1 7 1 11 7 12 1 1 1 18 12 1 1 100 1 10 12 1 7 1 10 12 1 1 1 1 1 1 1 1 1 1 1 1 1 1 1 1 1 1 1 1 1 1 1 1 15 10 100 12 1 1 8 1 1 100 1 100 1 1
ciInstanceKlass org/hibernate/validator/internal/metadata/raw/ConstrainedExecutable 1 1 293 10 100 12 1 1 1 10 12 1 1 10 7 12 1 1 1 11 7 12 1 1 1 10 7 12 1 1 9 12 1 1 11 7 12 1 1 1 11 12 1 9 12 1 1 11 100 12 1 1 1 10 7 12 1 1 1 9 12 1 1 10 12 1 1 9 12 1 1 10 12 1 1 11 7 12 1 1 1 9 12 1 11 12 1 1 11 12 1 1 7 1 10 12 1 18 12 1 1 11 12 1 1 11 7 12 1 1 11 12 1 1 10 10 12 1 1 11 12 1 1 10 12 1 1 10 12 1 1 10 100 1 10 12 1 9 12 1 1 10 100 12 1 1 1 10 12 1 1 10 12 1 1 11 12 1 10 12 1 1 11 12 1 1 9 12 1 100 1 9 12 1 10 12 1 9 12 1 1 10 12 1 10 12 1 11 100 1 100 1 10 12 1 1 11 10 12 1 10 7 1 10 10 12 1 1 10 10 7 12 1 1 1 10 7 12 1 1 1 1 1 1 1 1 1 1 1 1 1 1 1 1 1 1 1 1 1 1 1 1 1 1 1 1 1 1 1 1 1 1 1 1 1 1 1 1 1 1 1 1 1 1 1 1 1 1 1 1 1 1 1 1 1 1 1 1 15 10 100 12 1 1 8 1 1 100 1 100 1 1 100 1 1
staticfield org/hibernate/validator/internal/metadata/raw/ConstrainedExecutable LOG Lorg/hibernate/validator/internal/util/logging/Log; org/hibernate/validator/internal/util/logging/Log_$logger
ciInstanceKlass java/security/PrivilegedActionException 0 0 134 10 100 12 1 1 1 10 12 1 1 10 100 12 1 1 1 10 100 12 1 1 1 100 1 10 12 1 10 12 1 1 8 1 10 100 12 1 1 10 10 100 12 1 1 1 8 1 10 100 12 1 1 1 10 100 12 1 1 1 11 100 12 1 1 1 10 100 12 1 1 1 10 100 12 1 1 1 10 12 1 100 1 10 12 1 9 100 12 1 1 1 1 1 1 5 0 1 1 1 1 1 1 1 1 1 1 1 1 1 1 100 1 1 1 1 1 1 1 100 1 100 1 1 1 1 1 1 1 1 1 1 1 1
ciInstanceKlass java/lang/StringIndexOutOfBoundsException 0 0 45 10 100 12 1 1 1 10 12 1 100 1 10 8 1 10 12 1 1 10 12 1 10 12 1 1 100 1 1 1 1 5 0 1 1 1 1 1 1 1 1 1 1 1 1
ciMethodData java/lang/Object <init> ()V 2 873795 orig 80 1 0 0 0 0 0 0 0 0 0 0 0 254 127 0 0 0 0 0 0 0 0 0 0 0 0 0 0 0 0 0 0 0 0 0 0 0 0 0 0 0 0 0 0 0 0 0 0 0 0 0 0 0 0 0 0 0 0 0 0 0 0 0 0 0 0 0 0 0 0 0 0 0 0 0 0 0 0 0 0 data 4 0x0 0x9 0x1 0x0 oops 0 methods 0
ciMethodData java/lang/String hashCode ()I 2 5433 orig 80 0 0 0 0 0 0 0 0 0 0 0 0 254 127 0 0 0 0 0 0 0 0 0 0 0 0 0 0 0 0 0 0 0 0 0 0 0 0 0 0 0 0 0 0 0 0 0 0 0 0 0 0 0 0 0 0 0 0 0 0 0 0 0 0 0 0 0 0 0 0 0 0 0 0 0 0 0 0 0 0 data 42 0x60007 0xef9 0x108 0x52a 0xd0007 0x2e 0xe8 0x4fc 0x110005 0x4fc 0x0 0x0 0x0 0x0 0x0 0x140007 0x0 0x48 0x4fc 0x1b0002 0x4fc 0x1e0003 0x4fc 0x28 0x250002 0x0 0x2a0007 0x4fb 0x38 0x1 0x320003 0x1 0x18 0x0 0x0 0x0 0x0 0x0 0x0 0x9 0x1 0xe oops 0 methods 0
ciMethodData java/lang/String isLatin1 ()Z 2 1414272 orig 80 1 0 0 0 0 0 0 0 0 0 0 0 254 127 0 0 0 0 0 0 0 0 0 0 0 0 0 0 0 0 0 0 0 0 0 0 0 0 0 1 0 0 0 0 0 0 0 0 0 0 0 0 0 0 0 0 0 0 0 0 0 0 0 0 0 0 0 0 0 0 0 0 0 0 0 0 0 0 0 0 data 18 0x30007 0x0 0x58 0x1593cd 0x80000006000a0007 0x4 0x38 0x1593cc 0xe0003 0x1593cd 0x18 0x0 0x0 0x0 0x0 0x9 0x1 0x0 oops 0 methods 0
ciMethodData java/lang/StringLatin1 hashCode ([B)I 2 26652 orig 80 0 0 0 0 0 0 0 0 0 0 0 0 254 127 0 0 0 0 0 0 0 0 0 0 0 0 0 0 0 0 0 0 0 0 0 0 0 0 0 0 0 0 0 0 0 0 0 0 0 0 0 0 0 0 0 0 0 0 0 0 0 0 0 0 0 0 0 0 0 0 0 0 0 0 0 0 0 0 0 0 data 14 0xd0007 0x395 0x38 0x5ce7 0x250003 0x5ce7 0xffffffffffffffe0 0x0 0x0 0x0 0x0 0x9 0x1 0x0 oops 0 methods 0
ciMethodData java/lang/String equals (Ljava/lang/Object;)Z 2 32472 orig 80 1 0 0 0 0 0 0 0 0 0 0 0 254 127 0 0 0 0 0 0 4 0 0 0 0 0 0 0 0 0 0 0 0 0 0 0 0 0 0 0 0 0 0 0 0 0 0 0 0 0 0 0 0 0 0 0 0 0 0 0 0 0 0 0 0 0 0 0 0 0 0 0 0 0 0 0 0 0 0 0 data 49 0x20007 0x12f8 0x20 0x3a4 0x8000000400080104 0xfffffffffffffffa 0x0 0x218a6990b50 0x12f3 0x218a6990be0 0x6 0xb0007 0x9 0xe0 0x12f3 0xf0004 0x0 0x0 0x218a6990b50 0x12f3 0x0 0x0 0x160007 0x0 0x40 0x12f3 0x210007 0x0 0x68 0x12f3 0x2c0002 0x12f3 0x2f0007 0x10e8 0x38 0x20b 0x330003 0x20b 0x18 0x0 0x0 0x0 0x0 0x0 0x0 0x9 0x2 0x0 0x0 oops 3 7 java/lang/String 9 java/lang/Class 18 java/lang/String methods 0
ciMethodData java/lang/String coder ()B 2 802308 orig 80 0 0 0 0 0 0 0 0 0 0 0 0 254 127 0 0 0 0 0 0 0 0 0 0 0 0 0 0 0 0 0 0 0 0 0 0 0 0 0 0 0 0 0 0 0 0 0 0 0 0 0 0 0 0 0 0 0 0 0 0 0 0 0 0 0 0 0 0 0 0 0 0 0 0 0 0 0 0 0 0 data 14 0x30007 0x0 0x38 0xc3cfa 0xa0003 0xc3cff 0x18 0x0 0x0 0x0 0x0 0x9 0x1 0x0 oops 0 methods 0
ciMethodData java/lang/String length ()I 2 606707 orig 80 0 0 0 0 0 0 0 0 0 0 0 0 254 127 0 0 0 0 0 0 0 0 0 0 0 0 0 0 0 0 0 0 0 0 0 0 0 0 0 0 0 0 0 0 0 0 0 0 0 0 0 0 0 0 0 0 0 0 0 0 0 0 0 0 0 0 0 0 0 0 0 0 0 0 0 0 0 0 0 0 data 16 0x60005 0x940da 0x0 0x0 0x0 0x0 0x0 0x0 0x0 0x0 0x0 0x0 0x0 0x9 0x1 0x0 oops 0 methods 0
ciMethodData java/lang/StringLatin1 canEncode (I)Z 2 141756 orig 80 0 0 0 0 0 0 0 0 0 0 0 0 254 127 0 0 0 0 0 0 0 0 0 0 0 0 0 0 0 0 0 0 0 0 0 0 0 0 0 1 0 0 0 0 0 0 0 0 0 0 0 0 0 0 0 0 0 0 0 0 0 0 0 0 0 0 0 0 0 0 0 0 0 0 0 0 0 0 0 0 data 11 0x8000000600040007 0x6 0x38 0x228b7 0x80003 0x228b7 0x18 0x0 0x9 0x1 0x0 oops 0 methods 0
ciMethodData java/lang/String <init> ([BB)V 2 35087 orig 80 0 0 0 0 0 0 0 0 0 0 0 0 254 127 0 0 0 0 0 0 0 0 0 0 0 0 0 0 0 0 0 0 0 0 0 0 0 0 0 0 0 0 0 0 0 0 0 0 0 0 0 0 0 0 0 0 0 0 0 0 0 0 0 0 0 0 0 0 0 0 0 0 0 0 0 0 0 0 0 0 data 11 0x10002 0x880f 0x0 0x0 0x0 0x0 0x9 0x3 0xc 0x0 0x0 oops 0 methods 0
ciMethodData java/lang/StringLatin1 lastIndexOf ([BII)I 2 37469 orig 80 1 0 0 0 0 0 0 0 0 0 0 0 254 127 0 0 0 0 0 0 0 0 0 0 0 0 0 0 0 0 0 0 0 0 1 0 0 0 0 0 0 0 0 0 0 0 0 0 0 0 0 0 0 0 0 0 0 0 0 0 0 0 0 0 0 0 0 0 0 0 0 0 0 0 0 0 0 0 0 0 data 30 0x10002 0x391 0x40007 0x391 0x20 0x0 0xe0002 0x391 0x130007 0x98 0x58 0x6cff 0x1b0007 0x6a05 0x20 0x2fa 0x230003 0x6a05 0xffffffffffffffc0 0x0 0x0 0x0 0x0 0x0 0x0 0x9 0x3 0x0 0x0 0x0 oops 0 methods 0
ciMethodData java/util/HashMap hash (Ljava/lang/Object;)I 2 20848 orig 80 0 0 0 0 0 0 0 0 0 0 0 0 254 127 0 0 0 0 0 0 0 0 0 0 0 0 0 0 0 0 0 0 0 0 0 0 0 0 0 0 0 0 0 0 0 0 0 0 0 0 0 0 0 0 0 0 0 0 0 0 0 0 0 0 0 0 0 0 0 0 0 0 0 0 0 0 0 0 0 0 data 23 0x10007 0x5023 0x38 0x4b 0x50003 0x4b 0x50 0x90005 0x1a46 0x0 0x218a6990b50 0x35ca 0x218a6993b70 0x13 0x0 0x0 0x0 0x0 0x0 0x0 0x9 0x1 0xffffffffffffffff oops 2 10 java/lang/String 12 jdk/internal/loader/ClassLoaders$AppClassLoader methods 0
ciMethodData java/lang/StringLatin1 newString ([BII)Ljava/lang/String; 2 5464 orig 80 0 0 0 0 0 0 0 0 0 0 0 0 254 127 0 0 0 0 0 0 0 0 0 0 0 0 0 0 0 0 0 0 0 0 0 0 0 0 0 0 0 0 0 0 0 0 0 0 0 0 0 0 0 0 0 0 0 0 0 0 0 0 0 0 0 0 0 0 0 0 0 0 0 0 0 0 0 0 0 0 data 19 0x10007 0x1453 0x20 0x3 0x100002 0x1453 0x140002 0x1453 0x0 0x0 0x0 0x0 0x0 0x0 0x9 0x3 0x0 0x0 0x0 oops 0 methods 0
ciMethodData java/util/Arrays copyOfRange ([BII)[B 2 5396 orig 80 0 0 0 0 0 0 0 0 0 0 0 0 254 127 0 0 0 0 0 0 0 0 0 0 0 0 0 0 0 0 0 0 0 0 0 0 0 0 0 0 0 0 0 0 0 0 0 0 0 0 0 0 0 0 0 0 0 0 0 0 0 0 0 0 0 0 0 0 0 0 0 0 0 0 0 0 0 0 0 0 data 51 0x50007 0x140f 0x120 0x0 0x100002 0x0 0x140005 0x0 0x0 0x0 0x0 0x0 0x0 0x1a0005 0x0 0x0 0x0 0x0 0x0 0x0 0x1e0005 0x0 0x0 0x0 0x0 0x0 0x0 0x210005 0x0 0x0 0x0 0x0 0x0 0x0 0x240002 0x0 0x370002 0x140f 0x3a0002 0x140f 0x0 0x0 0x0 0x0 0x0 0x0 0x9 0x3 0xffffffffffffffff 0x0 0x0 oops 0 methods 0
ciMethodData java/lang/StringBuilder <init> ()V 2 58353 orig 80 0 0 0 0 0 0 0 0 0 0 0 0 254 127 0 0 0 0 0 0 0 0 0 0 0 0 0 0 0 0 0 0 0 0 0 0 0 0 0 0 0 0 0 0 0 0 0 0 0 0 0 0 0 0 0 0 0 0 0 0 0 0 0 0 0 0 0 0 0 0 0 0 0 0 0 0 0 0 0 0 data 7 0x30002 0xe34a 0x0 0x0 0x9 0x1 0xc oops 0 methods 0
ciMethodData java/lang/AbstractStringBuilder <init> (I)V 2 5298 orig 80 0 0 0 0 0 0 0 0 0 0 0 0 254 127 0 0 0 0 0 0 0 0 0 0 0 0 0 0 0 0 0 0 0 0 0 0 0 0 0 0 0 0 0 0 0 0 0 0 0 0 0 0 0 0 0 0 0 0 0 0 0 0 0 0 0 0 0 0 0 0 0 0 0 0 0 0 0 0 0 0 data 21 0x10002 0x140d 0x70007 0x0 0x38 0x140d 0x160003 0x140d 0x28 0x1b0002 0x0 0x0 0x0 0x0 0x0 0x0 0x0 0x9 0x2 0xc 0x0 oops 0 methods 0
ciMethodData java/lang/StringBuilder append (Ljava/lang/String;)Ljava/lang/StringBuilder; 2 228693 orig 80 0 0 0 0 0 0 0 0 0 0 0 0 254 127 0 0 0 0 0 0 0 0 0 0 0 0 0 0 0 0 0 0 0 0 0 0 0 0 0 0 0 0 0 0 0 0 0 0 0 0 0 0 0 0 0 0 0 0 0 0 0 0 0 0 0 0 0 0 0 0 0 0 0 0 0 0 0 0 0 0 data 9 0x20002 0x37c08 0x0 0x0 0x0 0x9 0x2 0xe 0x0 oops 0 methods 0
ciMethodData java/lang/AbstractStringBuilder append (Ljava/lang/String;)Ljava/lang/AbstractStringBuilder; 2 6628 orig 80 0 0 0 0 0 0 0 0 0 0 0 0 254 127 0 0 0 0 0 0 0 0 0 0 0 0 0 0 0 0 0 0 0 0 0 0 0 0 0 0 0 0 0 0 0 0 0 0 0 0 0 0 0 0 0 0 0 0 0 0 0 0 0 0 0 0 0 0 0 0 0 0 0 0 0 0 0 0 0 0 data 42 0x10007 0x1896 0x58 0x0 0x50005 0x0 0x0 0x0 0x0 0x0 0x0 0xa0005 0x1896 0x0 0x0 0x0 0x0 0x0 0x150005 0x1896 0x0 0x0 0x0 0x0 0x0 0x1e0005 0x1896 0x0 0x0 0x0 0x0 0x0 0x0 0x0 0x0 0x0 0x0 0x0 0x9 0x2 0xe 0x0 oops 0 methods 0
ciMethodData java/lang/StringBuilder toString ()Ljava/lang/String; 2 78293 orig 80 0 0 0 0 0 0 0 0 0 0 0 0 254 127 0 0 0 0 0 0 0 0 0 0 0 0 0 0 0 0 0 0 0 0 0 0 0 0 0 0 0 0 0 0 0 0 0 0 0 0 0 0 0 0 0 0 0 0 0 0 0 0 0 0 0 0 0 0 0 0 0 0 0 0 0 0 0 0 0 0 data 27 0x10005 0x1312f 0x0 0x0 0x0 0x0 0x0 0x40007 0x1 0x48 0x13125 0x100002 0x13125 0x130003 0x13134 0x28 0x1f0002 0x1 0x0 0x0 0x0 0x0 0x0 0x0 0x9 0x1 0x0 oops 0 methods 0
ciMethodData java/lang/AbstractStringBuilder isLatin1 ()Z 2 137582 orig 80 1 0 0 0 0 0 0 0 0 0 0 0 254 127 0 0 0 0 0 0 0 0 0 0 0 0 0 0 0 0 0 0 0 0 0 0 0 0 0 2 0 0 0 0 0 0 0 0 0 0 0 0 0 0 0 0 0 0 0 0 0 0 0 0 0 0 0 0 0 0 0 0 0 0 0 0 0 0 0 0 data 18 0x30007 0x0 0x58 0x21884 0x80000006000a0007 0x9e 0x38 0x217ea 0xe0003 0x217e7 0x18 0x0 0x0 0x0 0x0 0x9 0x1 0x0 oops 0 methods 0
ciMethodData java/lang/StringUTF16 newString ([BII)Ljava/lang/String; 1 1 orig 80 0 0 0 0 0 0 0 0 0 0 0 0 254 127 0 0 0 0 0 0 0 0 0 0 0 0 0 0 0 0 0 0 0 0 0 0 0 0 0 0 0 0 0 0 0 0 0 0 0 0 0 0 0 0 0 0 0 0 0 0 0 0 0 0 0 0 0 0 0 0 0 0 0 0 0 0 0 0 0 0 data 31 0x10007 0x1 0x20 0x0 0xb0007 0x0 0x60 0x1 0x110002 0x1 0x160007 0x1 0x30 0x0 0x1f0002 0x0 0x320002 0x1 0x360002 0x1 0x0 0x0 0x0 0x0 0x0 0x0 0x9 0x3 0xffffffffffffffff 0x0 0x0 oops 0 methods 0
ciMethodData java/lang/AbstractStringBuilder ensureCapacityInternal (I)V 2 6047 orig 80 0 0 0 0 0 0 0 0 0 0 0 0 254 127 0 0 0 0 0 0 0 0 0 0 0 0 0 0 0 0 0 0 0 0 0 0 0 0 0 0 0 0 0 0 0 0 0 0 0 0 0 0 0 0 0 0 0 0 0 0 0 0 0 0 0 0 0 0 0 0 0 0 0 0 0 0 0 0 0 0 data 23 0xe0007 0x14ec 0x68 0x11a 0x180005 0x11a 0x0 0x0 0x0 0x0 0x0 0x200002 0x11a 0x0 0x0 0x0 0x0 0x0 0x0 0x9 0x2 0xc 0x0 oops 0 methods 0
ciMethodData java/lang/AbstractStringBuilder newCapacity (I)I 1 430 orig 80 0 0 0 0 0 0 0 0 0 0 0 0 254 127 0 0 0 0 0 0 0 0 0 0 0 0 0 0 0 0 0 0 0 0 0 0 0 0 0 0 0 0 0 0 0 0 0 0 0 0 0 0 0 0 0 0 0 0 0 0 0 0 0 0 0 0 0 0 0 0 0 0 0 0 0 0 0 0 0 0 data 18 0x1d0002 0x11a 0x260007 0x11a 0x30 0x0 0x2f0002 0x0 0x0 0x0 0x0 0x0 0x0 0x0 0x9 0x2 0x0 0x0 oops 0 methods 0
ciMethodData java/util/Arrays copyOf ([BI)[B 2 13666 orig 80 0 0 0 0 0 0 0 0 0 0 0 0 254 127 0 0 0 0 0 0 0 0 0 0 0 0 0 0 0 0 0 0 0 0 0 0 0 0 0 0 0 0 0 0 0 0 0 0 0 0 0 0 0 0 0 0 0 0 0 0 0 0 0 0 0 0 0 0 0 0 0 0 0 0 0 0 0 0 0 0 data 14 0xb0002 0x34cb 0xe0002 0x34cc 0x0 0x0 0x0 0x0 0x0 0x0 0x9 0x2 0x0 0x0 oops 0 methods 0
ciMethodData java/util/HashMap putVal (ILjava/lang/Object;Ljava/lang/Object;ZZ)Ljava/lang/Object; 2 16281 orig 80 2 0 0 0 1 0 0 0 0 0 0 0 254 127 0 0 0 0 0 0 0 0 0 8 0 0 0 0 0 0 0 0 0 0 0 0 0 0 0 0 0 0 0 0 0 0 0 0 0 0 0 0 0 0 0 0 0 0 0 0 0 0 0 0 0 0 0 0 0 0 0 0 0 0 0 0 0 0 0 0 data 198 0x70007 0xc43 0x40 0x3200 0x100007 0x3200 0x58 0x0 0x140005 0xc43 0x0 0x0 0x0 0x0 0x0 0x2c0007 0xd7a 0xa8 0x30c9 0x380005 0x38 0x0 0x218a6d79610 0x13f8 0x218ed21ed50 0x1c99 0x3b0004 0x0 0x0 0x218ed179e60 0x1414 0x218edd72710 0x1cb5 0x3c0003 0x30c8 0x410 0x450007 0xcaf 0xd0 0xcb 0x510007 0x85 0x98 0x46 0x550007 0x0 0x90 0x46 0x80000007005b0005 0x8 0x0 0x218a6990b50 0x3a 0x218edf46140 0x9 0x5e0007 0x6 0x38 0x45 0x650003 0xca 0x2a8 0x6a0004 0xfffffffffffff34b 0x0 0x218ed179e60 0xa4 0x218edd72710 0x84 0x6d0007 0xcb5 0xa8 0x0 0x720004 0x0 0x0 0x0 0x0 0x0 0x0 0x7b0005 0x0 0x0 0x0 0x0 0x0 0x0 0x800003 0x0 0x1c8 0x8e0007 0x2c5 0xc8 0xc87 0x980005 0x15 0x0 0x218a6d79610 0x5e6 0x218ed21ed50 0x68c 0xa20007 0xc86 0x158 0x1 0xa90005 0x1 0x0 0x0 0x0 0x0 0x0 0xac0003 0x1 0x100 0xb50007 0x294 0xd0 0x31 0xc10007 0x23 0xc8 0xe 0xc50007 0x0 0x90 0xe 0x8000000700cb0005 0x7 0x0 0x218a6990b50 0x7 0x218edf461f0 0x3 0xce0007 0x3 0x38 0xe 0xd10003 0xe 0x30 0xdb0003 0x297 0xfffffffffffffe68 0xe00007 0xc87 0x98 0xfb 0xec0007 0xf7 0x40 0x4 0xf10007 0x4 0x20 0x0 0xfd0005 0x0 0x0 0x218a6d79610 0x29 0x218ed21ed50 0xd2 0x11c0007 0x3c71 0x58 0xde 0x1200005 0xde 0x0 0x0 0x0 0x0 0x0 0x1270005 0x4d 0x0 0x218a6d79610 0x19de 0x218ed21ed50 0x2325 0x0 0x0 0x0 0x0 0x0 0x0 0x0 0x0 0x0 0x9 0x6 0x0 0x0 0x0 0x0 0x0 0x0 oops 16 22 java/util/HashMap 24 java/util/LinkedHashMap 29 java/util/HashMap$Node 31 java/util/LinkedHashMap$Entry 51 java/lang/String 53 org/springframework/boot/context/config/StandardConfigDataResource 65 java/util/HashMap$Node 67 java/util/LinkedHashMap$Entry 97 java/util/HashMap 99 java/util/LinkedHashMap 130 java/lang/String 132 org/hibernate/validator/internal/metadata/raw/ConstrainedExecutable 159 java/util/HashMap 161 java/util/LinkedHashMap 177 java/util/HashMap 179 java/util/LinkedHashMap methods 0
ciMethodData java/util/HashMap put (Ljava/lang/Object;Ljava/lang/Object;)Ljava/lang/Object; 2 11183 orig 80 2 0 0 0 0 0 0 0 0 0 0 0 254 127 0 0 0 0 0 0 0 0 0 0 0 0 0 0 0 0 0 0 0 0 0 0 0 0 0 0 0 0 0 0 0 0 0 0 0 0 0 0 0 0 0 0 0 0 0 0 0 0 0 0 0 0 0 0 0 0 0 0 0 0 0 0 0 0 0 0 data 20 0x20002 0x1e0a 0x90005 0x1e08 0x0 0x0 0x0 0x0 0x0 0x0 0x0 0x0 0x0 0x0 0x0 0x9 0x3 0xffffffffffffffff 0xffffffffffffffff 0xffffffffffffffff oops 0 methods 0
ciMethodData java/util/HashMap get (Ljava/lang/Object;)Ljava/lang/Object; 2 10667 orig 80 1 0 0 0 0 0 0 0 0 0 0 0 254 127 0 0 0 0 0 0 0 0 0 0 0 0 0 0 0 0 0 0 0 0 0 0 0 0 0 0 0 0 0 0 0 0 0 0 0 0 0 0 0 0 0 0 0 0 0 0 0 0 0 0 0 0 0 0 0 0 0 0 0 0 0 0 0 0 0 0 data 24 0x20005 0x1e86 0x0 0x0 0x0 0x0 0x0 0x70007 0x2d5 0x38 0x1bb5 0xb0003 0x1bb5 0x18 0x0 0x0 0x0 0x0 0x0 0x0 0x9 0x2 0x0 0x0 oops 0 methods 0
ciMethodData java/util/HashMap getNode (Ljava/lang/Object;)Ljava/util/HashMap$Node; 2 20497 orig 80 1 0 0 0 0 0 0 0 0 0 0 0 254 127 0 0 0 0 0 0 4 0 0 4 0 0 0 0 0 0 0 0 0 0 0 0 0 0 0 0 0 0 0 0 0 0 0 0 0 0 0 0 0 0 0 0 0 0 0 0 0 0 0 0 0 0 0 0 0 0 0 0 0 0 0 0 0 0 0 0 data 103 0x60007 0x2bc 0x2e8 0x11fd 0xe0007 0x0 0x2c8 0x11fd 0x170002 0x11fd 0x210007 0x7d0 0x298 0xa2d 0x2a0007 0x6a5 0xb8 0x388 0x350007 0x343 0x98 0x45 0x390007 0x0 0x78 0x45 0x80000007003f0005 0xa 0x0 0x218edd72660 0x8 0x218a6990b50 0x37 0x420007 0x0 0x20 0x49 0x4e0007 0x55e 0x1c0 0x147 0x520004 0xfffffffffffffeb9 0x0 0x218ed179e60 0x12 0x218edd72710 0xd 0x550007 0x147 0x90 0x0 0x590004 0x0 0x0 0x0 0x0 0x0 0x0 0x5f0005 0x0 0x0 0x0 0x0 0x0 0x0 0x6a0007 0x124 0xb8 0x6d 0x760007 0x63 0x98 0xa 0x7a0007 0x0 0x78 0xa 0x8000000400800005 0x4 0x0 0x218a6990b50 0x7 0x218edd72660 0x3 0x830007 0x0 0x20 0xe 0x910007 0x4a 0xffffffffffffff48 0xda 0x0 0x0 0x0 0x0 0x0 0x0 0x9 0x2 0x0 0xffffffffffffffff oops 6 29 java/util/zip/ZipFile$Source$Key 31 java/lang/String 44 java/util/HashMap$Node 46 java/util/LinkedHashMap$Entry 81 java/lang/String 83 java/util/zip/ZipFile$Source$Key methods 0
ciMethodData java/lang/AbstractStringBuilder putStringAt (ILjava/lang/String;)V 2 5545 orig 80 0 0 0 0 0 0 0 0 0 0 0 0 254 127 0 0 0 0 0 0 0 0 0 0 0 0 0 0 0 0 0 0 0 0 0 0 0 0 0 0 0 0 0 0 0 0 0 0 0 0 0 0 0 0 0 0 0 0 0 0 0 0 0 0 0 0 0 0 0 0 0 0 0 0 0 0 0 0 0 0 data 25 0x50005 0x1428 0x0 0x0 0x0 0x0 0x0 0x80005 0x1428 0x0 0x0 0x0 0x0 0x0 0x0 0x0 0x0 0x0 0x0 0x0 0x9 0x3 0xc 0x0 0x0 oops 0 methods 0
ciMethodData java/lang/AbstractStringBuilder putStringAt (ILjava/lang/String;II)V 2 5545 orig 80 0 0 0 0 0 0 0 0 0 0 0 0 254 127 0 0 0 0 0 0 0 0 0 0 0 0 0 0 0 0 0 0 0 0 0 0 0 0 0 0 0 0 0 0 0 0 0 0 0 0 0 0 0 0 0 0 0 0 0 0 0 0 0 0 0 0 0 0 0 0 0 0 0 0 0 0 0 0 0 0 data 45 0x10005 0x1428 0x0 0x0 0x0 0x0 0x0 0x50005 0x1428 0x0 0x0 0x0 0x0 0x0 0x80007 0x1428 0x58 0x0 0xc0005 0x0 0x0 0x0 0x0 0x0 0x0 0x1e0005 0x1428 0x0 0x0 0x0 0x0 0x0 0x0 0x0 0x0 0x0 0x0 0x0 0x9 0x5 0xc 0x0 0x0 0x0 0x0 oops 0 methods 0
ciMethodData java/lang/AbstractStringBuilder getCoder ()B 2 5567 orig 80 0 0 0 0 0 0 0 0 0 0 0 0 254 127 0 0 0 0 0 0 0 0 0 0 0 0 0 0 0 0 0 0 0 0 0 0 0 0 0 0 0 0 0 0 0 0 0 0 0 0 0 0 0 0 0 0 0 0 0 0 0 0 0 0 0 0 0 0 0 0 0 0 0 0 0 0 0 0 0 0 data 14 0x30007 0x0 0x38 0x143e 0xa0003 0x143e 0x18 0x0 0x0 0x0 0x0 0x9 0x1 0x0 oops 0 methods 0
ciMethodData java/lang/String getBytes ([BIIBI)V 2 5545 orig 80 0 0 0 0 0 0 0 0 0 0 0 0 254 127 0 0 0 0 0 0 0 0 0 0 0 0 0 0 0 0 0 0 0 0 0 0 0 0 0 0 0 0 0 0 0 0 0 0 0 0 0 0 0 0 0 0 0 0 0 0 0 0 0 0 0 0 0 0 0 0 0 0 0 0 0 0 0 0 0 0 data 32 0x10005 0x1428 0x0 0x0 0x0 0x0 0x0 0x60007 0x0 0x48 0x1428 0x1b0002 0x1428 0x1e0003 0x1428 0x28 0x2a0002 0x0 0x0 0x0 0x0 0x0 0x0 0x0 0x9 0x6 0x0 0xffffffffffffffff 0x0 0x0 0x0 0x0 oops 0 methods 0
ciMethodData java/lang/CharacterDataLatin1 getProperties (I)I 2 31507 orig 80 0 0 0 0 0 0 0 0 0 0 0 0 254 127 0 0 0 0 0 0 0 0 0 0 0 0 0 0 0 0 0 0 0 0 0 0 0 0 0 0 0 0 0 0 0 0 0 0 0 0 0 0 0 0 0 0 0 0 0 0 0 0 0 0 0 0 0 0 0 0 0 0 0 0 0 0 0 0 0 0 data 7 0x0 0x0 0x0 0x9 0x2 0x0 0x0 oops 0 methods 0
ciMethodData java/lang/CharacterDataLatin1 toLowerCase (I)I 2 5802 orig 80 0 0 0 0 0 0 0 0 0 0 0 0 254 127 0 0 0 0 0 0 0 0 0 0 0 0 0 0 0 0 0 0 0 0 0 0 0 0 0 0 0 0 0 0 0 0 0 0 0 0 0 0 0 0 0 0 0 0 0 0 0 0 0 0 0 0 0 0 0 0 0 0 0 0 0 0 0 0 0 0 data 25 0x40005 0x0 0x0 0x218ee80ce90 0x159d 0x0 0x0 0xc0007 0x1473 0x40 0x12a 0x150007 0x0 0x20 0x12a 0x0 0x0 0x0 0x0 0x0 0x0 0x9 0x2 0x0 0x0 oops 1 3 java/lang/CharacterDataLatin1 methods 0
ciMethodData jdk/internal/util/ArraysSupport newLength (III)I 2 1580 orig 80 0 0 0 0 0 0 0 0 0 0 0 0 254 127 0 0 0 0 0 0 0 0 0 0 0 0 0 0 0 0 0 0 0 0 0 0 0 0 0 0 0 0 0 0 0 0 0 0 0 0 0 0 0 0 0 0 0 0 0 0 0 0 0 0 0 0 0 0 0 0 0 0 0 0 0 0 0 0 0 0 data 23 0x30002 0x529 0xa0007 0x0 0x40 0x529 0x100007 0x0 0x20 0x529 0x170002 0x0 0x0 0x0 0x0 0x0 0x0 0x0 0x9 0x3 0x0 0x0 0x0 oops 0 methods 0
ciMethodData java/lang/String checkBoundsBeginEnd (III)V 2 6401 orig 80 0 0 0 0 0 0 0 0 0 0 0 0 254 127 0 0 0 0 0 0 0 0 0 0 0 0 0 0 0 0 0 0 0 0 0 0 0 0 0 0 0 0 0 0 0 0 0 0 0 0 0 0 0 0 0 0 0 0 0 0 0 0 0 0 0 0 0 0 0 0 0 0 0 0 0 0 0 0 0 0 data 76 0x10007 0x0 0x60 0x1801 0x60007 0x0 0x40 0x1801 0xb0007 0x1801 0x1c8 0x0 0x160002 0x0 0x1c0005 0x0 0x0 0x0 0x0 0x0 0x0 0x200005 0x0 0x0 0x0 0x0 0x0 0x0 0x260005 0x0 0x0 0x0 0x0 0x0 0x0 0x2a0005 0x0 0x0 0x0 0x0 0x0 0x0 0x300005 0x0 0x0 0x0 0x0 0x0 0x0 0x340005 0x0 0x0 0x0 0x0 0x0 0x0 0x370005 0x0 0x0 0x0 0x0 0x0 0x0 0x3a0002 0x0 0x0 0x0 0x0 0x0 0x0 0x0 0x9 0x3 0x0 0x0 0x0 oops 0 methods 0
ciMethodData java/lang/String substring (II)Ljava/lang/String; 2 5405 orig 80 0 0 0 0 0 0 0 0 0 0 0 0 254 127 0 0 0 0 0 0 0 0 0 0 0 0 0 0 0 0 0 0 0 0 0 0 0 0 0 0 0 0 0 0 0 0 0 0 0 0 0 0 0 0 0 0 0 0 0 0 0 0 0 0 0 0 0 0 0 0 0 0 0 0 0 0 0 0 0 0 data 46 0x10005 0x141d 0x0 0x0 0x0 0x0 0x0 0x80002 0x141d 0xc0007 0x3c6 0x40 0x1057 0x110007 0xa4e 0x20 0x609 0x1c0005 0xe14 0x0 0x0 0x0 0x0 0x0 0x1f0007 0x0 0x48 0xe14 0x290002 0xe14 0x2c0003 0xe14 0x28 0x360002 0x0 0x0 0x0 0x0 0x0 0x0 0x0 0x9 0x3 0x0 0x0 0x0 oops 0 methods 0
ciMethodData java/lang/String lastIndexOf (II)I 2 82135 orig 80 0 0 0 0 0 0 0 0 0 0 0 0 254 127 0 0 0 0 0 0 0 0 0 0 0 0 0 0 0 0 0 0 0 0 0 0 0 0 0 0 0 0 0 0 0 0 0 0 0 0 0 0 0 0 0 0 0 0 0 0 0 0 0 0 0 0 0 0 0 0 0 0 0 0 0 0 0 0 0 0 data 29 0x10005 0x13fd6 0x0 0x0 0x0 0x0 0x0 0x40007 0x0 0x48 0x13fcd 0xd0002 0x13fca 0x100003 0x13fe6 0x28 0x190002 0x0 0x0 0x0 0x0 0x0 0x0 0x0 0x9 0x3 0x0 0x0 0x0 oops 0 methods 0
ciMethodData java/lang/String lastIndexOf (I)I 2 75055 orig 80 0 0 0 0 0 0 0 0 0 0 0 0 254 127 0 0 0 0 0 0 0 0 0 0 0 0 0 0 0 0 0 0 0 0 0 0 0 0 0 0 0 0 0 0 0 0 0 0 0 0 0 0 0 0 0 0 0 0 0 0 0 0 0 0 0 0 0 0 0 0 0 0 0 0 0 0 0 0 0 0 data 24 0x30005 0x12426 0x0 0x0 0x0 0x0 0x0 0x80005 0x12427 0x0 0x0 0x0 0x0 0x0 0x0 0x0 0x0 0x0 0x0 0x0 0x9 0x2 0x0 0x0 oops 0 methods 0
ciMethodData java/lang/StringLatin1 toLowerCase (Ljava/lang/String;[BLjava/util/Locale;)Ljava/lang/String; 2 33376 orig 80 0 0 0 0 0 0 0 0 0 0 0 0 254 127 0 0 0 0 0 0 0 0 0 0 0 0 0 0 0 0 0 0 0 0 0 0 0 0 0 0 0 0 0 0 0 0 0 0 0 0 0 0 0 0 0 0 0 0 0 0 0 0 0 0 0 0 0 0 0 0 0 0 0 0 0 0 0 0 0 0 data 89 0x10007 0x40d 0x30 0x0 0x80002 0x0 0x150007 0x303 0xa8 0x724 0x280005 0x0 0x0 0x218ee80ce90 0x724 0x0 0x0 0x2b0007 0x61a 0x38 0x10a 0x2e0003 0x10a 0x30 0x340003 0x61a 0xffffffffffffff70 0x3a0007 0x10a 0x20 0x303 0x400005 0x10a 0x0 0x0 0x0 0x0 0x0 0x490007 0x0 0x60 0x10a 0x500007 0x0 0x40 0x10a 0x570007 0x10a 0x30 0x0 0x5f0002 0x0 0x6f0002 0x10a 0x790007 0x10a 0xb0 0x6b07 0x8b0005 0x0 0x0 0x218ee80ce90 0x6b07 0x0 0x0 0x920002 0x6b07 0x950007 0x6b07 0x30 0x0 0x9d0002 0x0 0xac0003 0x6b07 0xffffffffffffff68 0xb60002 0x10a 0x0 0x0 0x0 0x0 0x0 0x0 0x9 0x3 0x0 0x0 0x0 oops 2 13 java/lang/CharacterDataLatin1 61 java/lang/CharacterDataLatin1 methods 0
ciMethodData java/util/Locale getLanguage ()Ljava/lang/String; 2 4606 orig 80 0 0 0 0 0 0 0 0 0 0 0 0 254 127 0 0 0 0 0 0 0 0 0 0 0 0 0 0 0 0 0 0 0 0 0 0 0 0 0 0 0 0 0 0 0 0 0 0 0 0 0 0 0 0 0 0 0 0 0 0 0 0 0 0 0 0 0 0 0 0 0 0 0 0 0 0 0 0 0 0 data 16 0x40005 0x11d1 0x0 0x0 0x0 0x0 0x0 0x0 0x0 0x0 0x0 0x0 0x0 0x9 0x1 0x0 oops 0 methods 0
ciMethodData jdk/internal/loader/URLClassPath$JarLoader ensureOpen ()V 2 6590 orig 80 0 0 0 0 0 0 0 0 0 0 0 0 254 127 0 0 0 0 0 0 0 0 0 0 0 0 0 0 0 0 0 0 0 0 0 0 0 0 0 0 0 0 0 0 0 0 0 0 0 0 0 0 0 0 0 0 0 0 0 0 0 0 0 0 0 0 0 0 0 0 0 0 0 0 0 0 0 0 0 0 data 34 0x40007 0x1863 0xc8 0x4c 0xc0002 0x4c 0x130002 0x4c 0x170003 0x4c 0x88 0x1c0005 0x0 0x0 0x0 0x0 0x0 0x0 0x1f0004 0x0 0x0 0x0 0x0 0x0 0x0 0x0 0x0 0x0 0x0 0x0 0x0 0x9 0x1 0x0 oops 0 methods 0
ciMethodData jdk/internal/loader/URLClassPath$JarLoader$1 <init> (Ljdk/internal/loader/URLClassPath$JarLoader;)V 1 101 orig 80 0 0 0 0 0 0 0 0 0 0 0 0 254 127 0 0 0 0 0 0 0 0 0 0 0 0 0 0 0 0 0 0 0 0 0 0 0 0 0 0 0 0 0 0 0 0 0 0 0 0 0 0 0 0 0 0 0 0 0 0 0 0 0 0 0 0 0 0 0 0 0 0 0 0 0 0 0 0 0 0 data 10 0x60002 0x4c 0x0 0x0 0x0 0x0 0x9 0x2 0x6 0x0 oops 0 methods 0
ciMethodData java/security/AccessController doPrivileged (Ljava/security/PrivilegedExceptionAction;Ljava/security/AccessControlContext;)Ljava/lang/Object; 1 203 orig 80 0 0 0 0 0 0 0 0 0 0 0 0 254 127 0 0 0 0 0 0 0 0 0 0 0 0 0 0 0 0 0 0 0 0 0 0 0 0 0 0 0 0 0 0 0 0 0 0 0 0 0 0 0 0 0 0 0 0 0 0 0 0 0 0 0 0 0 0 0 0 0 0 0 0 0 0 0 0 0 0 data 18 0x2 0x98 0x60002 0x98 0xd0002 0x98 0x160002 0x0 0x0 0x0 0x0 0x0 0x0 0x0 0x9 0x2 0xffffffffffffffff 0x0 oops 0 methods 0
ciMethodData java/util/jar/JarFile getJarEntry (Ljava/lang/String;)Ljava/util/jar/JarEntry; 2 7767 orig 80 0 0 0 0 0 0 0 0 0 0 0 0 254 127 0 0 0 0 0 0 0 0 0 0 0 0 0 0 0 0 0 0 0 0 0 0 0 0 0 0 0 0 0 0 0 0 0 0 0 0 0 0 0 0 0 0 0 0 0 0 0 0 0 0 0 0 0 0 0 0 0 0 0 0 0 0 0 0 0 0 data 24 0x20005 0x0 0x0 0x218a6d79770 0x1d53 0x0 0x0 0x50104 0x0 0x0 0x218eea9f150 0x194 0x0 0x0 0x0 0x0 0x0 0x0 0x0 0x0 0x9 0x2 0xffffffffffffffff 0xffffffffffffffff oops 2 3 java/util/jar/JarFile 10 java/util/jar/JarFile$JarFileEntry methods 0
ciMethodData java/util/jar/JarFile getEntry (Ljava/lang/String;)Ljava/util/zip/ZipEntry; 2 44321 orig 80 1 0 0 0 0 0 0 0 0 0 0 0 254 127 0 0 0 0 0 0 0 0 0 0 0 0 0 0 0 0 0 0 0 0 0 0 0 0 0 0 0 0 0 0 0 0 0 0 0 0 0 0 0 0 0 0 0 0 0 0 0 0 0 0 0 0 0 0 0 0 0 0 0 0 0 0 0 0 0 0 data 43 0x10005 0xac20 0x0 0x0 0x0 0x0 0x0 0x40007 0x8d38 0xc0 0x1ef2 0xa0005 0x1ef3 0x0 0x0 0x0 0x0 0x0 0xf0007 0x0 0x68 0x1ef2 0x140002 0x1ef2 0x170104 0x0 0x0 0x218eea9f150 0x148 0x0 0x0 0x1f0002 0x8d40 0x0 0x0 0x0 0x0 0x0 0x0 0x9 0x2 0xffffffffffffffff 0xffffffffffffffff oops 1 27 java/util/jar/JarFile$JarFileEntry methods 0
ciMethodData sun/net/util/URLUtil urlNoFragString (Ljava/net/URL;)Ljava/lang/String; 2 8310 orig 80 0 0 0 0 0 0 0 0 0 0 0 0 254 127 0 0 0 0 0 0 0 0 0 0 0 0 0 0 0 0 0 0 0 0 0 0 0 0 0 0 0 0 0 0 0 0 0 0 0 0 0 0 0 0 0 0 0 0 0 0 0 0 0 0 0 0 0 0 0 0 0 0 0 0 0 0 0 0 0 0 data 129 0x40002 0x2046 0x90005 0x2049 0x0 0x0 0x0 0x0 0x0 0xe0007 0x0 0xc8 0x2049 0x120005 0x2049 0x0 0x0 0x0 0x0 0x0 0x180005 0x2044 0x0 0x0 0x0 0x0 0x0 0x1f0005 0x2047 0x0 0x0 0x0 0x0 0x0 0x240005 0x2045 0x0 0x0 0x0 0x0 0x0 0x290007 0x0 0x1b0 0x2048 0x2d0005 0x2047 0x0 0x0 0x0 0x0 0x0 0x330005 0x2047 0x0 0x0 0x0 0x0 0x0 0x380005 0x2045 0x0 0x0 0x0 0x0 0x0 0x400007 0x0 0x58 0x2045 0x440005 0x2045 0x0 0x0 0x0 0x0 0x0 0x4c0007 0x2046 0x90 0x0 0x520005 0x0 0x0 0x0 0x0 0x0 0x0 0x570005 0x0 0x0 0x0 0x0 0x0 0x0 0x5c0005 0x2046 0x0 0x0 0x0 0x0 0x0 0x630007 0x0 0x58 0x2046 0x690005 0x2046 0x0 0x0 0x0 0x0 0x0 0x6e0005 0x2049 0x0 0x0 0x0 0x0 0x0 0x0 0x0 0x0 0x0 0x0 0x0 0x9 0x1 0x0 oops 0 methods 0
ciMethodData jdk/internal/loader/URLClassPath$JarLoader getResource (Ljava/lang/String;ZLjava/util/Set;)Ljdk/internal/loader/Resource; 2 17506 orig 80 0 0 0 0 0 0 0 0 0 0 0 0 254 127 0 0 0 0 0 0 0 0 0 0 0 0 0 0 0 0 0 0 0 0 0 0 0 0 0 0 0 0 0 0 0 0 0 0 0 0 0 0 0 0 0 0 0 0 0 0 0 0 0 0 0 0 0 0 0 0 0 0 0 0 0 0 0 0 0 0 data 256 0xb0005 0x0 0x0 0x218a6d79460 0x4439 0x0 0x0 0x110007 0x9f 0x20 0x439b 0x180005 0x0 0x0 0x218a6d79510 0x9f 0x0 0x0 0x240005 0x0 0x0 0x218a6d79510 0x9f 0x0 0x0 0x270004 0x0 0x0 0x218a6d795c0 0x9f 0x0 0x0 0x300007 0x9f 0x5f8 0x9f 0x470002 0x9f 0x4e0002 0x9f 0x590005 0x0 0x0 0x218a6d79610 0x9f 0x0 0x0 0x5c0004 0x0 0x0 0x218a6d77ff0 0x9f 0x0 0x0 0x620007 0x9f 0x1e8 0x0 0x6c0002 0x0 0x730002 0x0 0x760004 0x0 0x0 0x0 0x0 0x0 0x0 0x7d0005 0x0 0x0 0x0 0x0 0x0 0x0 0x840007 0x0 0x100 0x0 0x8b0005 0x0 0x0 0x0 0x0 0x0 0x0 0x990007 0x0 0x38 0x0 0x9d0003 0x0 0x50 0xa70005 0x0 0x0 0x0 0x0 0x0 0x0 0xaa0005 0x0 0x0 0x0 0x0 0x0 0x0 0xb50005 0x0 0x0 0x0 0x0 0x0 0x0 0xb90003 0x9f 0x48 0xbe0003 0x0 0xfffffffffffffd50 0xc30003 0x0 0xfffffffffffffd38 0xc90002 0x9f 0xcc0005 0x0 0x0 0x218a6d796c0 0x9f 0x0 0x0 0xd10007 0x9f 0x38 0x0 0xd50003 0x0 0x18 0xdd0007 0x0 0x178 0x9f 0xe20005 0x9f 0x0 0x0 0x0 0x0 0x0 0xe50003 0x9f 0x28 0xf00002 0x0 0xfa0005 0x0 0x0 0x218a6d79770 0x9f 0x0 0x0 0x1010007 0x9f 0x58 0x0 0x10a0005 0x0 0x0 0x0 0x0 0x0 0x0 0x1110005 0x0 0x0 0x218a6d77ff0 0x9f 0x0 0x0 0x1140007 0x9f 0x30 0x0 0x11e0002 0x0 0x1240007 0x0 0xfffffffffffffb28 0x9f 0x12a0007 0x9f 0xfffffffffffffb08 0x0 0x12f0005 0x0 0x0 0x0 0x0 0x0 0x0 0x1320007 0x0 0x38 0x0 0x1350003 0x0 0xfffffffffffffa90 0x13d0005 0x0 0x0 0x0 0x0 0x0 0x0 0x1430007 0x0 0x20 0x0 0x1490003 0x0 0xfffffffffffffa20 0x1510005 0x0 0x0 0x218a6d79460 0x9f 0x0 0x0 0x15a0005 0x0 0x0 0x218a6d79510 0x9f 0x0 0x0 0x15d0007 0x0 0xfffffffffffff8f0 0x9f 0x0 0x0 0x0 0x0 0x0 0x0 0x0 0x0 0x0 0x9 0x4 0x0 0x0 0x0 0x0 oops 11 3 jdk/internal/util/jar/JarIndex 14 java/util/LinkedList 21 java/util/LinkedList 28 [Ljava/lang/String; 43 java/util/HashMap 50 jdk/internal/loader/URLClassPath$JarLoader 129 java/util/HashSet 159 java/util/jar/JarFile 177 jdk/internal/loader/URLClassPath$JarLoader 226 jdk/internal/util/jar/JarIndex 233 java/util/LinkedList methods 0
ciMethodData java/lang/String toLowerCase (Ljava/util/Locale;)Ljava/lang/String; 2 18931 orig 80 0 0 0 0 0 0 0 0 0 0 0 0 254 127 0 0 0 0 0 0 0 0 0 0 0 0 0 0 0 0 0 0 0 0 0 0 0 0 0 0 0 0 0 0 0 0 0 0 0 0 0 0 0 0 0 0 0 0 0 0 0 0 0 0 0 0 0 0 0 0 0 0 0 0 0 0 0 0 0 0 data 28 0x10005 0x48f2 0x0 0x0 0x0 0x0 0x0 0x40007 0x0 0x48 0x48f2 0xd0002 0x48f3 0x100003 0x48ed 0x28 0x190002 0x0 0x0 0x0 0x0 0x0 0x0 0x0 0x9 0x2 0xffffffffffffffff 0xffffffffffffffff oops 0 methods 0
ciMethodData java/lang/String toLowerCase ()Ljava/lang/String; 2 16890 orig 80 0 0 0 0 0 0 0 0 0 0 0 0 254 127 0 0 0 0 0 0 0 0 0 0 0 0 0 0 0 0 0 0 0 0 0 0 0 0 0 0 0 0 0 0 0 0 0 0 0 0 0 0 0 0 0 0 0 0 0 0 0 0 0 0 0 0 0 0 0 0 0 0 0 0 0 0 0 0 0 0 data 18 0x10002 0x40f9 0x40005 0x40f9 0x0 0x0 0x0 0x0 0x0 0x0 0x0 0x0 0x0 0x0 0x0 0x9 0x1 0x0 oops 0 methods 0
ciMethodData java/util/Locale getDefault ()Ljava/util/Locale; 2 17397 orig 80 0 0 0 0 0 0 0 0 0 0 0 0 254 127 0 0 0 0 0 0 0 0 0 0 0 0 0 0 0 0 0 0 0 0 0 0 0 0 0 0 0 0 0 0 0 0 0 0 0 0 0 0 0 0 0 0 0 0 0 0 0 0 0 0 0 0 0 0 0 0 0 0 0 0 0 0 0 0 0 0 data 4 0x0 0x0 0x9 0x0 oops 0 methods 0
ciMethodData java/net/URL <init> (Ljava/net/URL;Ljava/lang/String;)V 2 5473 orig 80 0 0 0 0 0 0 0 0 0 0 0 0 254 127 0 0 0 0 0 0 0 0 0 0 0 0 0 0 0 0 0 0 0 0 0 0 0 0 0 0 0 0 0 0 0 0 0 0 0 0 0 0 0 0 0 0 0 0 0 0 0 0 0 0 0 0 0 0 0 0 0 0 0 0 0 0 0 0 0 0 data 9 0x40002 0x1461 0x0 0x0 0x9 0x3 0x0 0x0 0x0 oops 0 methods 0
ciMethodData java/net/URL <init> (Ljava/net/URL;Ljava/lang/String;Ljava/net/URLStreamHandler;)V 2 25828 orig 80 2 0 0 0 0 0 0 0 0 0 0 0 254 127 0 0 0 0 0 0 0 0 0 0 0 0 0 0 0 0 0 0 0 0 0 0 0 0 0 0 0 0 0 0 0 0 0 0 0 0 0 0 0 0 0 0 0 0 0 0 0 0 0 0 0 0 0 0 0 0 0 0 0 0 0 0 0 0 0 0 data 332 0x10002 0x1418 0x1e0007 0x1418 0x88 0x0 0x210002 0x0 0x280007 0x0 0x58 0x0 0x2e0005 0x0 0x0 0x0 0x0 0x0 0x0 0x320005 0x1417 0x0 0x0 0x0 0x0 0x0 0x390007 0x0 0x90 0x1416 0x410005 0x1416 0x0 0x0 0x0 0x0 0x0 0x460007 0x1412 0x38 0x0 0x4c0003 0x0 0xffffffffffffff88 0x530007 0x0 0x90 0x1413 0x590005 0x1415 0x0 0x0 0x0 0x0 0x0 0x5e0007 0x1411 0x38 0x0 0x640003 0x0 0xffffffffffffff88 0x6f0005 0x1414 0x0 0x0 0x0 0x0 0x0 0x720007 0x1411 0x20 0x0 0x7b0005 0x1414 0x0 0x0 0x0 0x0 0x0 0x7e0007 0x0 0x78 0x1415 0x840005 0x1414 0x0 0x0 0x0 0x0 0x0 0x890007 0x1413 0x20 0x0 0x950007 0x0 0x188 0x4aa6 0x9c0007 0x6ab 0x168 0x43fe 0xa20005 0x43fd 0x0 0x0 0x0 0x0 0x0 0xaa0007 0xc48 0x110 0x37bf 0xb10007 0x36a2 0xd8 0x11c 0xb90005 0x11c 0x0 0x0 0x0 0x0 0x0 0xbc0002 0x11c 0xc40005 0x11c 0x0 0x0 0x0 0x0 0x0 0xc70007 0x0 0x50 0x11c 0xd40003 0x11c 0x30 0xda0003 0x36a5 0xfffffffffffffe90 0xe40007 0x11d 0x150 0x12f7 0xe90007 0x12f5 0x78 0x0 0xf20005 0x0 0x0 0x0 0x0 0x0 0x0 0xf50007 0x0 0xd8 0x0 0xf90007 0x0 0x20 0x12f5 0x1050007 0x0 0x78 0x12f4 0x10e0005 0x12f8 0x0 0x0 0x0 0x0 0x0 0x1110007 0x5f4 0x20 0xcff 0x1190007 0x0 0x20 0x12f4 0x15b0007 0x140f 0xe8 0x1 0x1660002 0x1 0x16b0005 0x1 0x0 0x0 0x0 0x0 0x0 0x1700005 0x1 0x0 0x0 0x0 0x0 0x0 0x1730005 0x1 0x0 0x0 0x0 0x0 0x0 0x1760002 0x1 0x17b0007 0x12f2 0x118 0x11c 0x1820002 0x11c 0x1870007 0x11d 0xe8 0x0 0x1920002 0x0 0x1970005 0x0 0x0 0x0 0x0 0x0 0x0 0x19e0005 0x0 0x0 0x0 0x0 0x0 0x0 0x1a10005 0x0 0x0 0x0 0x0 0x0 0x0 0x1a40002 0x0 0x1b20005 0x140f 0x0 0x0 0x0 0x0 0x0 0x1b90007 0x140e 0x58 0x0 0x1c40005 0x0 0x0 0x0 0x0 0x0 0x0 0x1d00007 0x11d 0x60 0x12f3 0x1d70007 0x12f3 0x40 0x0 0x1e60007 0x0 0x20 0x0 0x1f80005 0x1b 0x0 0x218ee06d850 0xe03 0x218edf48040 0x5f4 0x1fb0003 0x1412 0x98 0x20b0005 0x0 0x0 0x0 0x0 0x0 0x0 0x20e0002 0x0 0x2170005 0x0 0x0 0x0 0x0 0x0 0x0 0x0 0x0 0x0 0x0 0x0 0x0 0x0 0x0 0x0 0x0 0x0 0x0 0x0 0x0 0x0 0x0 0x0 0x0 0x0 0x0 0x9 0x4 0x0 0x0 0x0 0x0 oops 2 283 sun/net/www/protocol/file/Handler 285 sun/net/www/protocol/jar/Handler methods 0
ciMethod java/net/MalformedURLException <init> (Ljava/lang/String;)V 2 0 1 0 -1
ciMethodData java/util/HashSet add (Ljava/lang/Object;)Z 2 19665 orig 80 0 0 0 0 0 0 0 0 0 0 0 0 254 127 0 0 0 0 0 0 0 0 0 0 0 0 0 0 0 0 0 0 0 0 0 0 0 0 0 0 0 0 0 0 0 0 0 0 0 0 0 0 0 0 0 0 0 0 0 0 0 0 0 0 0 0 0 0 0 0 0 0 0 0 0 0 0 0 0 0 data 24 0x80005 0x0 0x0 0x218a6d79610 0x2142 0x218ed21ed50 0x2990 0xb0007 0x452 0x38 0x4680 0xf0003 0x4680 0x18 0x0 0x0 0x0 0x0 0x0 0x0 0x9 0x2 0x0 0x0 oops 2 3 java/util/HashMap 5 java/util/LinkedHashMap methods 0
ciMethodData java/net/URL getDefaultPort ()I 2 8312 orig 80 0 0 0 0 0 0 0 0 0 0 0 0 254 127 0 0 0 0 0 0 0 0 0 0 0 0 0 0 0 0 0 0 0 0 0 0 0 0 0 0 0 0 0 0 0 0 0 0 0 0 0 0 0 0 0 0 0 0 0 0 0 0 0 0 0 0 0 0 0 0 0 0 0 0 0 0 0 0 0 0 data 16 0x40005 0x0 0x0 0x218ee06d850 0x1f13 0x218ee06d900 0x36 0x0 0x0 0x0 0x0 0x0 0x0 0x9 0x1 0x0 oops 2 3 sun/net/www/protocol/file/Handler 5 sun/net/www/protocol/jrt/Handler methods 0
ciMethodData java/net/URLStreamHandler getDefaultPort ()I 2 8137 orig 80 0 0 0 0 0 0 0 0 0 0 0 0 254 127 0 0 0 0 0 0 0 0 0 0 0 0 0 0 0 0 0 0 0 0 0 0 0 0 0 0 0 0 0 0 0 0 0 0 0 0 0 0 0 0 0 0 0 0 0 0 0 0 0 0 0 0 0 0 0 0 0 0 0 0 0 0 0 0 0 0 data 4 0x0 0x9 0x1 0x0 oops 0 methods 0
ciMethodData jdk/internal/util/jar/JarIndex get (Ljava/lang/String;)Ljava/util/LinkedList; 2 17667 orig 80 0 0 0 0 0 0 0 0 0 0 0 0 254 127 0 0 0 0 0 0 0 0 0 0 0 0 0 0 0 0 0 0 0 0 0 0 0 0 0 0 0 0 0 0 0 0 0 0 0 0 0 0 0 0 0 0 0 0 0 0 0 0 0 0 0 0 0 0 0 0 0 0 0 0 0 0 0 0 0 0 data 60 0x70005 0x0 0x0 0x218a6d79610 0x43fe 0x0 0x0 0xa0104 0x0 0x0 0x0 0x0 0x0 0x0 0xf0007 0x0 0x120 0x4400 0x150005 0x4400 0x0 0x0 0x0 0x0 0x0 0x1b0007 0x78 0xc8 0x438a 0x250005 0x4388 0x0 0x0 0x0 0x0 0x0 0x280005 0x0 0x0 0x218a6d79610 0x4388 0x0 0x0 0x2b0104 0x0 0x0 0x218a6d79510 0x13a 0x0 0x0 0x0 0x0 0x0 0x0 0x0 0x0 0x9 0x2 0x0 0x0 oops 3 3 java/util/HashMap 39 java/util/HashMap 46 java/util/LinkedList methods 0
ciMethodData java/util/LinkedList toArray ([Ljava/lang/Object;)[Ljava/lang/Object; 1 164 orig 80 0 0 0 0 0 0 0 0 0 0 0 0 254 127 0 0 0 0 0 0 0 0 0 0 0 0 0 0 0 0 0 0 0 0 0 0 0 0 0 0 0 0 0 0 0 0 0 0 0 0 0 0 0 0 0 0 0 0 0 0 0 0 0 0 0 0 0 0 0 0 0 0 0 0 0 0 0 0 0 0 data 62 0x60007 0xa2 0xd8 0x0 0xa0005 0x0 0x0 0x0 0x0 0x0 0x0 0xd0005 0x0 0x0 0x0 0x0 0x0 0x0 0x140002 0x0 0x170004 0x0 0x0 0x0 0x0 0x0 0x0 0x270007 0xa2 0x70 0xa2 0x340004 0x0 0x0 0x218a6990b50 0xa2 0x0 0x0 0x3c0003 0xa2 0xffffffffffffffa8 0x450007 0xa2 0x58 0x0 0x4e0004 0x0 0x0 0x0 0x0 0x0 0x0 0x0 0x0 0x0 0x0 0x0 0x0 0x9 0x2 0x0 0xffffffffffffffff oops 1 34 java/lang/String methods 0
ciMethodData jdk/internal/loader/URLClassPath$JarLoader validIndex (Ljava/lang/String;)Z 1 235 orig 80 0 0 0 0 0 0 0 0 0 0 0 0 254 127 0 0 0 0 0 0 0 0 0 0 0 0 0 0 0 0 0 0 0 0 0 0 0 0 0 0 0 0 0 0 0 0 0 0 0 0 0 0 0 0 0 0 0 0 0 0 0 0 0 0 0 0 0 0 0 0 0 0 0 0 0 0 0 0 0 0 data 96 0x50005 0xa2 0x0 0x0 0x0 0x0 0x0 0xb0007 0x0 0x58 0xa2 0x110005 0xa2 0x0 0x0 0x0 0x0 0x0 0x190005 0x0 0x0 0x218a6d79770 0xa2 0x0 0x0 0x200005 0x0 0x0 0x218edf46960 0x189 0x0 0x0 0x250007 0x0 0x1b0 0x189 0x2a0005 0x0 0x0 0x218edf46960 0x189 0x0 0x0 0x2f0004 0x0 0x0 0x218eea9f150 0x189 0x0 0x0 0x360005 0x0 0x0 0x218eea9f150 0x189 0x0 0x0 0x3f0005 0x189 0x0 0x0 0x0 0x0 0x0 0x450007 0x0 0x58 0x189 0x4c0005 0x189 0x0 0x0 0x0 0x0 0x0 0x540005 0x189 0x0 0x0 0x0 0x0 0x0 0x570007 0xe7 0xfffffffffffffe38 0xa2 0x0 0x0 0x0 0x0 0x0 0x0 0x9 0x2 0x0 0x0 oops 5 21 java/util/jar/JarFile 28 java/util/zip/ZipFile$ZipEntryIterator 39 java/util/zip/ZipFile$ZipEntryIterator 46 java/util/jar/JarFile$JarFileEntry 53 java/util/jar/JarFile$JarFileEntry methods 0
ciMethod java/security/PrivilegedActionException getException ()Ljava/lang/Exception; 0 0 1 0 -1
compile jdk/internal/loader/URLClassPath$JarLoader getResource (Ljava/lang/String;ZLjava/util/Set;)Ljdk/internal/loader/Resource; -1 4 inline 259 0 -1 jdk/internal/loader/URLClassPath$JarLoader getResource (Ljava/lang/String;ZLjava/util/Set;)Ljdk/internal/loader/Resource; 1 11 jdk/internal/util/jar/JarIndex get (Ljava/lang/String;)Ljava/util/LinkedList; 2 7 java/util/HashMap get (Ljava/lang/Object;)Ljava/lang/Object; 3 2 java/util/HashMap getNode (Ljava/lang/Object;)Ljava/util/HashMap$Node; 4 23 java/util/HashMap hash (Ljava/lang/Object;)I 5 9 java/lang/String hashCode ()I 6 17 java/lang/String isLatin1 ()Z 6 27 java/lang/StringLatin1 hashCode ([B)I 4 63 java/lang/String equals (Ljava/lang/Object;)Z 2 21 java/lang/String lastIndexOf (I)I 3 3 java/lang/String length ()I 4 6 java/lang/String coder ()B 3 8 java/lang/String lastIndexOf (II)I 4 1 java/lang/String isLatin1 ()Z 4 13 java/lang/StringLatin1 lastIndexOf ([BII)I 5 1 java/lang/StringLatin1 canEncode (I)Z 2 37 java/lang/String substring (II)Ljava/lang/String; 3 1 java/lang/String length ()I 4 6 java/lang/String coder ()B 3 8 java/lang/String checkBoundsBeginEnd (III)V 3 28 java/lang/String isLatin1 ()Z 3 41 java/lang/StringLatin1 newString ([BII)Ljava/lang/String; 4 16 java/util/Arrays copyOfRange ([BII)[B 4 20 java/lang/String <init> ([BB)V 5 1 java/lang/Object <init> ()V 2 40 java/util/HashMap get (Ljava/lang/Object;)Ljava/lang/Object; 3 2 java/util/HashMap getNode (Ljava/lang/Object;)Ljava/util/HashMap$Node; 4 23 java/util/HashMap hash (Ljava/lang/Object;)I 5 9 java/lang/String hashCode ()I 6 17 java/lang/String isLatin1 ()Z 6 27 java/lang/StringLatin1 hashCode ([B)I 4 63 java/lang/String equals (Ljava/lang/Object;)Z 1 24 java/util/LinkedList size ()I 1 71 java/net/URL <init> (Ljava/net/URL;Ljava/lang/String;)V 1 78 sun/net/util/URLUtil urlNoFragString (Ljava/net/URL;)Ljava/lang/String; 2 4 java/lang/StringBuilder <init> ()V 2 9 java/net/URL getProtocol ()Ljava/lang/String; 2 18 java/lang/String toLowerCase ()Ljava/lang/String; 3 1 java/util/Locale getDefault ()Ljava/util/Locale; 3 4 java/lang/String toLowerCase (Ljava/util/Locale;)Ljava/lang/String; 4 1 java/lang/String isLatin1 ()Z 4 13 java/lang/StringLatin1 toLowerCase (Ljava/lang/String;[BLjava/util/Locale;)Ljava/lang/String; 5 40 java/lang/CharacterDataLatin1 toLowerCase (I)I 6 4 java/lang/CharacterDataLatin1 getProperties (I)I 5 64 java/util/Locale getLanguage ()Ljava/lang/String; 6 4 sun/util/locale/BaseLocale getLanguage ()Ljava/lang/String; 5 139 java/lang/CharacterDataLatin1 toLowerCase (I)I 6 4 java/lang/CharacterDataLatin1 getProperties (I)I 5 146 java/lang/StringLatin1 canEncode (I)Z 5 182 java/lang/String <init> ([BB)V 6 1 java/lang/Object <init> ()V 2 24 java/lang/StringBuilder append (Ljava/lang/String;)Ljava/lang/StringBuilder; 2 31 java/lang/StringBuilder append (Ljava/lang/String;)Ljava/lang/StringBuilder; 2 36 java/net/URL getHost ()Ljava/lang/String; 2 45 java/lang/String toLowerCase ()Ljava/lang/String; 3 1 java/util/Locale getDefault ()Ljava/util/Locale; 3 4 java/lang/String toLowerCase (Ljava/util/Locale;)Ljava/lang/String; 4 1 java/lang/String isLatin1 ()Z 4 13 java/lang/StringLatin1 toLowerCase (Ljava/lang/String;[BLjava/util/Locale;)Ljava/lang/String; 5 40 java/lang/CharacterDataLatin1 toLowerCase (I)I 6 4 java/lang/CharacterDataLatin1 getProperties (I)I 5 64 java/util/Locale getLanguage ()Ljava/lang/String; 6 4 sun/util/locale/BaseLocale getLanguage ()Ljava/lang/String; 5 139 java/lang/CharacterDataLatin1 toLowerCase (I)I 6 4 java/lang/CharacterDataLatin1 getProperties (I)I 5 146 java/lang/StringLatin1 canEncode (I)Z 5 182 java/lang/String <init> ([BB)V 6 1 java/lang/Object <init> ()V 2 51 java/lang/StringBuilder append (Ljava/lang/String;)Ljava/lang/StringBuilder; 3 2 java/lang/AbstractStringBuilder append (Ljava/lang/String;)Ljava/lang/AbstractStringBuilder; 4 10 java/lang/String length ()I 5 6 java/lang/String coder ()B 4 21 java/lang/AbstractStringBuilder ensureCapacityInternal (I)V 5 24 java/lang/AbstractStringBuilder newCapacity (I)I 6 29 jdk/internal/util/ArraysSupport newLength (III)I 5 32 java/util/Arrays copyOf ([BI)[B 4 30 java/lang/AbstractStringBuilder putStringAt (ILjava/lang/String;)V 5 5 java/lang/String length ()I 6 6 java/lang/String coder ()B 5 8 java/lang/AbstractStringBuilder putStringAt (ILjava/lang/String;II)V 6 1 java/lang/AbstractStringBuilder getCoder ()B 2 56 java/net/URL getPort ()I 2 68 java/net/URL getDefaultPort ()I 3 4 java/net/URLStreamHandler getDefaultPort ()I 2 92 java/net/URL getFile ()Ljava/lang/String; 2 105 java/lang/StringBuilder append (Ljava/lang/String;)Ljava/lang/StringBuilder; 3 2 java/lang/AbstractStringBuilder append (Ljava/lang/String;)Ljava/lang/AbstractStringBuilder; 4 10 java/lang/String length ()I 5 6 java/lang/String coder ()B 4 21 java/lang/AbstractStringBuilder ensureCapacityInternal (I)V 5 24 java/lang/AbstractStringBuilder newCapacity (I)I 6 29 jdk/internal/util/ArraysSupport newLength (III)I 5 32 java/util/Arrays copyOf ([BI)[B 4 30 java/lang/AbstractStringBuilder putStringAt (ILjava/lang/String;)V 5 5 java/lang/String length ()I 6 6 java/lang/String coder ()B 5 8 java/lang/AbstractStringBuilder putStringAt (ILjava/lang/String;II)V 6 1 java/lang/AbstractStringBuilder getCoder ()B 6 5 java/lang/String coder ()B 6 30 java/lang/String getBytes ([BIIBI)V 7 1 java/lang/String coder ()B 2 110 java/lang/StringBuilder toString ()Ljava/lang/String; 3 1 java/lang/AbstractStringBuilder isLatin1 ()Z 3 16 java/lang/StringLatin1 newString ([BII)Ljava/lang/String; 4 16 java/util/Arrays copyOfRange ([BII)[B 4 20 java/lang/String <init> ([BB)V 5 1 java/lang/Object <init> ()V 1 89 java/util/HashMap get (Ljava/lang/Object;)Ljava/lang/Object; 2 2 java/util/HashMap getNode (Ljava/lang/Object;)Ljava/util/HashMap$Node; 3 23 java/util/HashMap hash (Ljava/lang/Object;)I 4 9 java/lang/String hashCode ()I 5 17 java/lang/String isLatin1 ()Z 5 27 java/lang/StringLatin1 hashCode ([B)I 3 63 java/lang/String equals (Ljava/lang/Object;)Z 1 201 sun/net/util/URLUtil urlNoFragString (Ljava/net/URL;)Ljava/lang/String; 2 4 java/lang/StringBuilder <init> ()V 3 3 java/lang/AbstractStringBuilder <init> (I)V 4 1 java/lang/Object <init> ()V 2 9 java/net/URL getProtocol ()Ljava/lang/String; 2 18 java/lang/String toLowerCase ()Ljava/lang/String; 3 1 java/util/Locale getDefault ()Ljava/util/Locale; 3 4 java/lang/String toLowerCase (Ljava/util/Locale;)Ljava/lang/String; 4 1 java/lang/String isLatin1 ()Z 4 13 java/lang/StringLatin1 toLowerCase (Ljava/lang/String;[BLjava/util/Locale;)Ljava/lang/String; 5 40 java/lang/CharacterDataLatin1 toLowerCase (I)I 6 4 java/lang/CharacterDataLatin1 getProperties (I)I 5 64 java/util/Locale getLanguage ()Ljava/lang/String; 6 4 sun/util/locale/BaseLocale getLanguage ()Ljava/lang/String; 5 139 java/lang/CharacterDataLatin1 toLowerCase (I)I 6 4 java/lang/CharacterDataLatin1 getProperties (I)I 5 146 java/lang/StringLatin1 canEncode (I)Z 5 182 java/lang/String <init> ([BB)V 6 1 java/lang/Object <init> ()V 2 24 java/lang/StringBuilder append (Ljava/lang/String;)Ljava/lang/StringBuilder; 3 2 java/lang/AbstractStringBuilder append (Ljava/lang/String;)Ljava/lang/AbstractStringBuilder; 4 10 java/lang/String length ()I 5 6 java/lang/String coder ()B 4 21 java/lang/AbstractStringBuilder ensureCapacityInternal (I)V 5 24 java/lang/AbstractStringBuilder newCapacity (I)I 6 29 jdk/internal/util/ArraysSupport newLength (III)I 5 32 java/util/Arrays copyOf ([BI)[B 4 30 java/lang/AbstractStringBuilder putStringAt (ILjava/lang/String;)V 5 5 java/lang/String length ()I 6 6 java/lang/String coder ()B 5 8 java/lang/AbstractStringBuilder putStringAt (ILjava/lang/String;II)V 6 1 java/lang/AbstractStringBuilder getCoder ()B 6 5 java/lang/String coder ()B 6 30 java/lang/String getBytes ([BIIBI)V 7 1 java/lang/String coder ()B 2 31 java/lang/StringBuilder append (Ljava/lang/String;)Ljava/lang/StringBuilder; 3 2 java/lang/AbstractStringBuilder append (Ljava/lang/String;)Ljava/lang/AbstractStringBuilder; 4 10 java/lang/String length ()I 5 6 java/lang/String coder ()B 4 21 java/lang/AbstractStringBuilder ensureCapacityInternal (I)V 5 24 java/lang/AbstractStringBuilder newCapacity (I)I 6 29 jdk/internal/util/ArraysSupport newLength (III)I 5 32 java/util/Arrays copyOf ([BI)[B 4 30 java/lang/AbstractStringBuilder putStringAt (ILjava/lang/String;)V 5 5 java/lang/String length ()I 6 6 java/lang/String coder ()B 5 8 java/lang/AbstractStringBuilder putStringAt (ILjava/lang/String;II)V 6 1 java/lang/AbstractStringBuilder getCoder ()B 6 5 java/lang/String coder ()B 6 30 java/lang/String getBytes ([BIIBI)V 7 1 java/lang/String coder ()B 2 36 java/net/URL getHost ()Ljava/lang/String; 2 45 java/lang/String toLowerCase ()Ljava/lang/String; 3 1 java/util/Locale getDefault ()Ljava/util/Locale; 3 4 java/lang/String toLowerCase (Ljava/util/Locale;)Ljava/lang/String; 4 1 java/lang/String isLatin1 ()Z 4 13 java/lang/StringLatin1 toLowerCase (Ljava/lang/String;[BLjava/util/Locale;)Ljava/lang/String; 5 40 java/lang/CharacterDataLatin1 toLowerCase (I)I 6 4 java/lang/CharacterDataLatin1 getProperties (I)I 5 64 java/util/Locale getLanguage ()Ljava/lang/String; 6 4 sun/util/locale/BaseLocale getLanguage ()Ljava/lang/String; 5 139 java/lang/CharacterDataLatin1 toLowerCase (I)I 6 4 java/lang/CharacterDataLatin1 getProperties (I)I 5 146 java/lang/StringLatin1 canEncode (I)Z 5 182 java/lang/String <init> ([BB)V 6 1 java/lang/Object <init> ()V 2 51 java/lang/StringBuilder append (Ljava/lang/String;)Ljava/lang/StringBuilder; 3 2 java/lang/AbstractStringBuilder append (Ljava/lang/String;)Ljava/lang/AbstractStringBuilder; 4 10 java/lang/String length ()I 5 6 java/lang/String coder ()B 4 21 java/lang/AbstractStringBuilder ensureCapacityInternal (I)V 5 24 java/lang/AbstractStringBuilder newCapacity (I)I 6 29 jdk/internal/util/ArraysSupport newLength (III)I 5 32 java/util/Arrays copyOf ([BI)[B 4 30 java/lang/AbstractStringBuilder putStringAt (ILjava/lang/String;)V 5 5 java/lang/String length ()I 6 6 java/lang/String coder ()B 5 8 java/lang/AbstractStringBuilder putStringAt (ILjava/lang/String;II)V 6 1 java/lang/AbstractStringBuilder getCoder ()B 6 5 java/lang/String coder ()B 6 30 java/lang/String getBytes ([BIIBI)V 7 1 java/lang/String coder ()B 2 56 java/net/URL getPort ()I 2 68 java/net/URL getDefaultPort ()I 3 4 java/net/URLStreamHandler getDefaultPort ()I 2 92 java/net/URL getFile ()Ljava/lang/String; 2 105 java/lang/StringBuilder append (Ljava/lang/String;)Ljava/lang/StringBuilder; 3 2 java/lang/AbstractStringBuilder append (Ljava/lang/String;)Ljava/lang/AbstractStringBuilder; 4 10 java/lang/String length ()I 5 6 java/lang/String coder ()B 4 21 java/lang/AbstractStringBuilder ensureCapacityInternal (I)V 5 24 java/lang/AbstractStringBuilder newCapacity (I)I 6 29 jdk/internal/util/ArraysSupport newLength (III)I 5 32 java/util/Arrays copyOf ([BI)[B 4 30 java/lang/AbstractStringBuilder putStringAt (ILjava/lang/String;)V 5 5 java/lang/String length ()I 6 6 java/lang/String coder ()B 5 8 java/lang/AbstractStringBuilder putStringAt (ILjava/lang/String;II)V 6 1 java/lang/AbstractStringBuilder getCoder ()B 6 5 java/lang/String coder ()B 6 30 java/lang/String getBytes ([BIIBI)V 7 1 java/lang/String coder ()B 2 110 java/lang/StringBuilder toString ()Ljava/lang/String; 3 1 java/lang/AbstractStringBuilder isLatin1 ()Z 3 16 java/lang/StringLatin1 newString ([BII)Ljava/lang/String; 4 16 java/util/Arrays copyOfRange ([BII)[B 4 20 java/lang/String <init> ([BB)V 5 1 java/lang/Object <init> ()V 1 204 java/util/HashSet add (Ljava/lang/Object;)Z 1 226 jdk/internal/loader/URLClassPath$JarLoader ensureOpen ()V 2 12 jdk/internal/loader/URLClassPath$JarLoader$1 <init> (Ljdk/internal/loader/URLClassPath$JarLoader;)V 3 6 java/lang/Object <init> ()V 1 250 java/util/jar/JarFile getJarEntry (Ljava/lang/String;)Ljava/util/jar/JarEntry; 1 337 jdk/internal/util/jar/JarIndex get (Ljava/lang/String;)Ljava/util/LinkedList; 2 7 java/util/HashMap get (Ljava/lang/Object;)Ljava/lang/Object; 3 2 java/util/HashMap getNode (Ljava/lang/Object;)Ljava/util/HashMap$Node; 4 23 java/util/HashMap hash (Ljava/lang/Object;)I 5 9 java/lang/String hashCode ()I 6 17 java/lang/String isLatin1 ()Z 6 27 java/lang/StringLatin1 hashCode ([B)I 4 63 java/lang/String equals (Ljava/lang/Object;)Z 2 21 java/lang/String lastIndexOf (I)I 3 3 java/lang/String length ()I 4 6 java/lang/String coder ()B 3 8 java/lang/String lastIndexOf (II)I 4 1 java/lang/String isLatin1 ()Z 4 13 java/lang/StringLatin1 lastIndexOf ([BII)I 5 1 java/lang/StringLatin1 canEncode (I)Z 2 37 java/lang/String substring (II)Ljava/lang/String; 3 1 java/lang/String length ()I 4 6 java/lang/String coder ()B 3 8 java/lang/String checkBoundsBeginEnd (III)V 3 28 java/lang/String isLatin1 ()Z 3 41 java/lang/StringLatin1 newString ([BII)Ljava/lang/String; 4 16 java/util/Arrays copyOfRange ([BII)[B 4 20 java/lang/String <init> ([BB)V 5 1 java/lang/Object <init> ()V 2 40 java/util/HashMap get (Ljava/lang/Object;)Ljava/lang/Object; 3 2 java/util/HashMap getNode (Ljava/lang/Object;)Ljava/util/HashMap$Node; 4 23 java/util/HashMap hash (Ljava/lang/Object;)I 5 9 java/lang/String hashCode ()I 6 17 java/lang/String isLatin1 ()Z 6 27 java/lang/StringLatin1 hashCode ([B)I 4 63 java/lang/String equals (Ljava/lang/Object;)Z 1 346 java/util/LinkedList size ()I
